attendance_id,customer_id,visit_date,attraction_id,time_spent_minutes
4001,1001,2024-09-03,9,15
4002,1001,2024-09-03,8,50
4003,1002,2024-10-03,7,14
4004,1002,2024-02-12,9,19
4005,1002,2024-10-18,4,24
4006,1002,2024-10-18,6,10
4007,1002,2024-10-18,8,58
4008,1002,2024-07-17,1,24
4009,1002,2024-07-17,3,46
4010,1002,2024-07-17,4,49
4011,1003,2024-08-07,1,64
4012,1003,2024-05-09,4,29
4013,1003,2024-05-09,7,56
4014,1004,2024-09-10,4,42
4015,1005,2024-09-24,8,52
4016,1006,2024-06-24,1,72
4017,1006,2024-06-24,3,12
4018,1006,2024-06-24,5,29
4019,1006,2024-06-24,8,51
4020,1007,2024-10-01,4,50
4021,1007,2024-10-01,6,51
4022,1007,2024-10-01,7,14
4023,1008,2024-12-21,9,30
4024,1008,2024-12-21,5,20
4025,1008,2024-11-15,2,16
4026,1008,2024-11-15,5,52
4027,1008,2024-11-15,7,69
4028,1008,2024-11-15,8,54
4029,1009,2024-04-20,1,42
4030,1009,2024-04-20,2,27
4031,1009,2024-04-20,7,63
4032,1009,2024-04-20,10,37
4033,1010,2024-05-29,9,24
4034,1010,2024-05-29,1,69
4035,1010,2024-10-14,9,34
4036,1010,2024-10-14,2,29
4037,1010,2024-10-14,3,10
4038,1011,2024-12-08,1,36
4039,1012,2024-04-20,1,64
4040,1012,2024-04-20,2,69
4041,1012,2024-04-20,3,45
4042,1012,2024-04-20,6,49
4043,1012,2024-04-20,7,31
4044,1012,2024-06-04,3,11
4045,1012,2024-06-04,4,73
4046,1012,2024-04-10,1,48
4047,1012,2024-04-10,5,65
4048,1012,2024-03-22,1,59
4049,1012,2024-03-22,4,63
4050,1013,2024-07-11,3,14
4051,1013,2024-07-11,4,30
4052,1013,2024-07-11,6,65
4053,1013,2024-07-11,8,49
4054,1013,2024-01-11,2,25
4055,1013,2024-01-11,4,63
4056,1013,2024-01-11,5,48
4057,1013,2024-01-11,6,51
4058,1013,2024-01-11,8,42
4059,1014,2024-03-07,5,62
4060,1014,2024-03-07,6,54
4061,1014,2024-03-07,7,69
4062,1015,2024-06-16,1,67
4063,1015,2024-06-16,5,24
4064,1015,2024-06-16,6,54
4065,1015,2024-06-16,8,35
4066,1016,2024-05-10,1,32
4067,1016,2024-05-10,4,69
4068,1017,2024-08-12,1,32
4069,1017,2024-08-12,6,69
4070,1018,2024-08-09,2,47
4071,1018,2024-08-09,3,26
4072,1018,2024-08-09,4,73
4073,1018,2024-08-09,6,49
4074,1019,2024-12-11,2,17
4075,1019,2024-12-11,3,34
4076,1019,2024-12-11,5,13
4077,1019,2024-12-11,6,13
4078,1020,2024-07-22,5,39
4079,1020,2024-07-22,7,59
4080,1021,2024-04-07,9,35
4081,1021,2024-04-07,2,32
4082,1021,2024-04-07,7,37
4083,1022,2024-09-13,10,52
4084,1022,2024-09-13,2,41
4085,1023,2024-04-14,2,30
4086,1023,2024-04-14,3,26
4087,1024,2024-11-22,2,57
4088,1024,2024-11-22,3,48
4089,1024,2024-11-22,4,29
4090,1024,2024-11-22,6,10
4091,1025,2024-10-25,5,10
4092,1025,2024-10-25,7,24
4093,1026,2024-06-27,2,60
4094,1026,2024-06-27,5,19
4095,1026,2024-09-28,1,49
4096,1026,2024-09-28,2,21
4097,1026,2024-09-28,3,24
4098,1026,2024-09-28,10,20
4099,1027,2024-07-14,4,29
4100,1027,2024-07-14,5,37
4101,1027,2024-07-14,6,18
4102,1028,2024-04-26,2,24
4103,1028,2024-04-26,4,55
4104,1029,2024-03-30,1,58
4105,1029,2024-03-30,3,35
4106,1029,2024-03-30,6,67
4107,1030,2024-06-04,1,27
4108,1030,2024-06-04,7,25
4109,1030,2024-06-04,8,57
4110,1031,2024-10-23,1,21
4111,1032,2024-10-24,1,43
4112,1033,2024-03-24,1,38
4113,1033,2024-03-24,2,27
4114,1033,2024-03-24,3,11
4115,1034,2024-06-25,1,34
4116,1034,2024-06-25,2,11
4117,1034,2024-06-25,4,32
4118,1034,2024-06-25,5,58
4119,1034,2024-10-24,9,66
4120,1034,2024-10-24,8,63
4121,1034,2024-03-30,1,49
4122,1034,2024-03-30,5,41
4123,1035,2024-01-28,6,68
4124,1035,2024-03-29,2,70
4125,1035,2024-03-29,4,20
4126,1035,2024-03-29,8,45
4127,1035,2024-06-19,2,33
4128,1035,2024-02-07,1,58
4129,1035,2024-02-07,2,42
4130,1035,2024-02-07,4,58
4131,1035,2024-02-07,6,24
4132,1036,2024-02-13,9,74
4133,1036,2024-02-13,2,18
4134,1036,2024-02-13,4,62
4135,1036,2024-10-12,2,50
4136,1036,2024-10-12,5,49
4137,1036,2024-10-12,6,16
4138,1037,2024-10-11,2,47
4139,1037,2024-10-11,4,72
4140,1037,2024-10-11,5,53
4141,1038,2024-07-18,9,71
4142,1038,2024-07-18,7,30
4143,1039,2024-10-29,2,32
4144,1039,2024-10-29,4,33
4145,1039,2024-10-29,8,46
4146,1040,2024-09-09,2,45
4147,1040,2024-09-09,6,29
4148,1041,2024-12-29,1,24
4149,1042,2024-04-12,1,70
4150,1042,2024-04-12,5,67
4151,1043,2024-12-21,2,54
4152,1043,2024-12-21,5,66
4153,1043,2024-12-21,6,58
4154,1044,2024-11-23,9,37
4155,1044,2024-11-23,10,40
4156,1044,2024-11-23,3,53
4157,1044,2024-11-23,1,40
4158,1044,2024-09-28,1,26
4159,1044,2024-06-20,9,33
4160,1044,2024-06-20,4,57
4161,1044,2024-06-20,6,61
4162,1045,2024-06-12,3,37
4163,1045,2024-06-12,7,23
4164,1046,2024-12-11,1,56
4165,1046,2024-12-11,7,72
4166,1047,2024-12-26,1,22
4167,1048,2024-03-25,1,54
4168,1049,2024-01-22,3,36
4169,1050,2024-09-01,3,32
4170,1050,2024-09-01,4,25
4171,1050,2024-09-01,8,53
4172,1051,2024-08-02,2,49
4173,1051,2024-10-09,2,18
4174,1051,2024-10-09,3,68
4175,1051,2024-10-09,4,18
4176,1051,2024-09-26,2,37
4177,1051,2024-09-26,5,54
4178,1051,2024-12-21,1,32
4179,1051,2024-12-21,2,52
4180,1051,2024-12-21,5,65
4181,1051,2024-12-21,7,30
4182,1052,2024-05-05,2,35
4183,1052,2024-05-05,3,25
4184,1052,2024-05-05,5,65
4185,1052,2024-12-25,6,10
4186,1053,2024-06-17,3,70
4187,1053,2024-06-17,4,47
4188,1053,2024-06-17,5,29
4189,1053,2024-06-17,6,70
4190,1053,2024-06-17,9,71
4191,1053,2024-12-25,1,27
4192,1053,2024-12-25,2,16
4193,1053,2024-12-25,5,66
4194,1053,2024-03-15,1,23
4195,1053,2024-03-15,3,26
4196,1053,2024-03-15,5,50
4197,1054,2024-01-18,1,46
4198,1054,2024-01-18,2,40
4199,1054,2024-01-18,4,36
4200,1054,2024-12-20,6,20
4201,1054,2024-06-30,2,50
4202,1055,2024-07-19,9,26
4203,1055,2024-07-19,1,22
4204,1055,2024-07-19,6,15
4205,1056,2024-04-25,1,62
4206,1056,2024-04-25,2,41
4207,1056,2024-04-25,5,31
4208,1056,2024-04-25,6,39
4209,1056,2024-07-16,4,28
4210,1056,2024-07-16,6,21
4211,1056,2024-07-16,8,64
4212,1056,2024-12-11,1,66
4213,1056,2024-12-11,3,40
4214,1056,2024-12-11,8,75
4215,1057,2024-01-26,1,44
4216,1057,2024-01-26,4,49
4217,1057,2024-01-26,5,35
4218,1058,2024-10-11,1,47
4219,1059,2024-01-10,9,72
4220,1059,2024-01-10,6,70
4221,1059,2024-01-10,7,47
4222,1060,2024-12-16,5,47
4223,1061,2024-06-13,6,74
4224,1061,2024-06-13,7,36
4225,1061,2024-06-13,8,22
4226,1062,2024-09-05,2,41
4227,1062,2024-09-05,6,65
4228,1062,2024-09-05,8,35
4229,1063,2024-04-19,2,55
4230,1063,2024-08-15,1,17
4231,1063,2024-08-15,3,33
4232,1063,2024-08-15,5,53
4233,1063,2024-08-15,7,12
4234,1064,2024-10-06,9,55
4235,1064,2024-10-06,3,12
4236,1064,2024-10-06,6,75
4237,1065,2024-10-07,9,63
4238,1065,2024-10-07,3,75
4239,1065,2024-10-07,6,62
4240,1066,2024-01-13,2,59
4241,1066,2024-01-13,7,42
4242,1067,2024-08-22,1,44
4243,1067,2024-08-22,2,11
4244,1067,2024-08-22,5,43
4245,1068,2024-07-26,4,75
4246,1068,2024-04-07,2,59
4247,1068,2024-04-07,6,16
4248,1069,2024-05-14,1,18
4249,1070,2024-07-08,1,37
4250,1070,2024-07-08,3,25
4251,1070,2024-07-08,5,37
4252,1070,2024-07-08,8,28
4253,1070,2024-10-04,1,23
4254,1070,2024-10-04,4,71
4255,1070,2024-10-04,7,26
4256,1070,2024-07-26,3,10
4257,1070,2024-03-05,7,19
4258,1071,2024-10-25,1,14
4259,1071,2024-10-25,3,65
4260,1071,2024-10-25,6,66
4261,1071,2024-07-26,1,21
4262,1071,2024-07-26,6,52
4263,1072,2024-06-14,5,31
4264,1073,2024-03-20,1,20
4265,1073,2024-03-20,2,72
4266,1073,2024-03-20,7,72
4267,1073,2024-03-20,8,35
4268,1074,2024-06-12,2,68
4269,1074,2024-08-09,1,72
4270,1074,2024-08-09,2,64
4271,1074,2024-08-09,4,33
4272,1075,2024-06-17,2,57
4273,1075,2024-06-17,3,18
4274,1075,2024-05-27,8,26
4275,1076,2024-04-19,3,53
4276,1076,2024-04-19,5,24
4277,1076,2024-04-19,8,59
4278,1076,2024-09-28,3,70
4279,1076,2024-09-28,4,22
4280,1077,2024-10-16,2,21
4281,1077,2024-10-16,3,34
4282,1077,2024-10-16,5,46
4283,1077,2024-09-10,2,52
4284,1078,2024-06-09,1,46
4285,1079,2024-12-19,1,74
4286,1079,2024-12-19,10,66
4287,1079,2024-12-19,3,51
4288,1080,2024-05-25,2,42
4289,1080,2024-05-25,3,28
4290,1080,2024-05-25,6,24
4291,1081,2024-10-26,3,32
4292,1081,2024-10-26,4,23
4293,1081,2024-10-26,5,26
4294,1081,2024-10-26,7,52
4295,1081,2024-05-23,9,45
4296,1081,2024-05-23,4,15
4297,1082,2024-12-19,1,36
4298,1082,2024-12-19,2,49
4299,1082,2024-12-19,6,58
4300,1083,2024-09-21,1,63
4301,1083,2024-09-21,3,64
4302,1083,2024-09-21,5,38
4303,1084,2024-07-20,2,21
4304,1084,2024-07-20,3,31
4305,1085,2024-08-10,4,41
4306,1085,2024-08-10,5,43
4307,1085,2024-08-10,6,21
4308,1086,2024-04-11,3,68
4309,1087,2024-04-15,5,67
4310,1087,2024-04-15,6,63
4311,1087,2024-10-11,9,63
4312,1087,2024-10-11,2,73
4313,1087,2024-10-11,6,16
4314,1088,2024-05-29,2,58
4315,1088,2024-05-29,8,66
4316,1089,2024-05-09,1,42
4317,1089,2024-05-09,2,35
4318,1089,2024-05-09,3,70
4319,1089,2024-05-09,8,25
4320,1089,2024-09-18,4,17
4321,1089,2024-07-12,2,45
4322,1090,2024-11-13,5,41
4323,1091,2024-12-21,3,24
4324,1091,2024-12-21,4,72
4325,1091,2024-12-21,6,35
4326,1092,2024-06-16,7,37
4327,1092,2024-06-16,8,20
4328,1092,2024-03-25,3,60
4329,1093,2024-04-26,1,74
4330,1093,2024-04-26,5,44
4331,1093,2024-04-26,8,70
4332,1093,2024-12-19,3,75
4333,1093,2024-12-19,4,48
4334,1093,2024-12-19,5,54
4335,1093,2024-12-19,7,74
4336,1093,2024-12-19,8,72
4337,1094,2024-05-09,1,21
4338,1094,2024-05-09,2,68
4339,1094,2024-05-09,3,47
4340,1094,2024-05-09,5,63
4341,1094,2024-05-09,6,18
4342,1095,2024-08-28,1,55
4343,1095,2024-08-28,2,22
4344,1095,2024-08-28,5,12
4345,1095,2024-08-28,7,36
4346,1095,2024-08-28,9,27
4347,1095,2024-04-30,9,48
4348,1095,2024-04-30,3,28
4349,1095,2024-04-30,5,12
4350,1095,2024-04-30,7,12
4351,1096,2024-08-22,1,52
4352,1096,2024-08-22,3,17
4353,1097,2024-06-11,10,27
4354,1097,2024-06-11,8,43
4355,1098,2024-01-24,1,31
4356,1099,2024-04-28,6,62
4357,1100,2024-06-23,10,53
4358,1100,2024-06-23,7,32
4359,1100,2024-06-23,2,46
4360,1101,2024-07-19,2,63
4361,1101,2024-07-19,3,19
4362,1101,2024-07-19,6,13
4363,1101,2024-07-19,10,44
4364,1102,2024-07-09,1,64
4365,1102,2024-07-09,2,66
4366,1102,2024-07-09,3,60
4367,1102,2024-07-09,6,18
4368,1103,2024-06-29,4,62
4369,1103,2024-06-29,5,72
4370,1104,2024-10-11,1,48
4371,1104,2024-10-11,9,51
4372,1105,2024-08-21,10,25
4373,1105,2024-08-21,6,54
4374,1105,2024-06-19,9,34
4375,1105,2024-06-19,8,48
4376,1105,2024-04-10,2,18
4377,1105,2024-04-10,5,32
4378,1105,2024-04-10,6,16
4379,1105,2024-04-10,7,14
4380,1105,2024-04-10,8,52
4381,1106,2024-12-22,9,23
4382,1106,2024-12-22,2,67
4383,1106,2024-12-22,10,14
4384,1106,2024-12-22,1,37
4385,1107,2024-10-04,1,41
4386,1107,2024-10-04,2,37
4387,1107,2024-10-04,3,19
4388,1107,2024-10-04,6,36
4389,1108,2024-07-12,1,66
4390,1108,2024-07-12,7,25
4391,1108,2024-12-11,1,71
4392,1108,2024-12-11,3,70
4393,1108,2024-12-11,4,47
4394,1108,2024-12-11,7,28
4395,1109,2024-09-20,1,27
4396,1109,2024-09-20,8,20
4397,1110,2024-04-27,6,12
4398,1110,2024-04-27,8,72
4399,1111,2024-11-06,1,45
4400,1111,2024-11-06,3,59
4401,1111,2024-11-06,5,20
4402,1112,2024-04-19,10,60
4403,1112,2024-04-19,5,31
4404,1112,2024-04-19,2,71
4405,1112,2024-04-19,8,21
4406,1113,2024-04-27,1,65
4407,1113,2024-04-27,2,74
4408,1113,2024-04-27,3,65
4409,1113,2024-07-29,9,37
4410,1113,2024-07-29,7,66
4411,1113,2024-04-11,2,25
4412,1113,2024-04-11,3,32
4413,1113,2024-04-11,5,18
4414,1113,2024-04-11,6,34
4415,1113,2024-04-11,10,21
4416,1114,2024-09-02,1,72
4417,1114,2024-09-02,2,11
4418,1114,2024-09-02,6,10
4419,1114,2024-09-02,8,26
4420,1114,2024-07-19,4,64
4421,1114,2024-07-19,5,30
4422,1115,2024-12-19,1,47
4423,1115,2024-12-19,2,35
4424,1115,2024-12-19,4,10
4425,1116,2024-06-12,2,73
4426,1116,2024-02-14,1,53
4427,1116,2024-02-14,3,49
4428,1116,2024-02-14,5,21
4429,1116,2024-02-14,9,63
4430,1116,2024-02-14,10,48
4431,1116,2024-01-17,2,10
4432,1116,2024-01-17,3,36
4433,1116,2024-01-17,5,28
4434,1116,2024-01-17,6,31
4435,1117,2024-10-16,9,36
4436,1117,2024-10-16,1,70
4437,1117,2024-10-16,4,56
4438,1117,2024-12-17,10,57
4439,1117,2024-12-17,3,46
4440,1117,2024-12-17,6,51
4441,1118,2024-04-08,2,28
4442,1118,2024-04-08,5,43
4443,1118,2024-04-08,8,63
4444,1119,2024-09-06,1,26
4445,1119,2024-09-06,2,29
4446,1119,2024-09-06,8,32
4447,1119,2024-09-14,10,27
4448,1119,2024-09-14,2,30
4449,1119,2024-01-31,2,10
4450,1119,2024-01-31,3,45
4451,1119,2024-01-31,5,50
4452,1119,2024-01-31,6,57
4453,1120,2024-03-05,2,64
4454,1120,2024-03-05,4,64
4455,1120,2024-03-05,5,32
4456,1121,2024-07-23,2,66
4457,1121,2024-07-23,7,64
4458,1121,2024-06-13,2,29
4459,1122,2024-10-14,1,64
4460,1122,2024-10-14,9,44
4461,1122,2024-10-14,2,24
4462,1122,2024-07-08,2,71
4463,1122,2024-07-08,3,41
4464,1122,2024-07-08,4,38
4465,1122,2024-07-08,5,35
4466,1122,2024-04-06,4,67
4467,1122,2024-04-06,6,64
4468,1123,2024-01-02,4,29
4469,1123,2024-01-02,7,54
4470,1124,2024-12-16,1,23
4471,1124,2024-12-16,3,58
4472,1124,2024-12-16,4,54
4473,1124,2024-12-16,6,33
4474,1124,2024-12-16,9,28
4475,1125,2024-03-04,2,40
4476,1125,2024-03-04,3,71
4477,1126,2024-12-09,1,13
4478,1126,2024-12-09,2,58
4479,1126,2024-12-09,4,42
4480,1126,2024-12-09,5,61
4481,1126,2024-12-09,10,13
4482,1127,2024-09-15,9,32
4483,1127,2024-12-29,1,29
4484,1127,2024-12-29,3,29
4485,1127,2024-12-29,6,62
4486,1127,2024-12-29,8,65
4487,1128,2024-11-21,4,67
4488,1128,2024-11-21,8,61
4489,1128,2024-11-17,10,62
4490,1128,2024-11-17,3,66
4491,1128,2024-11-17,4,39
4492,1128,2024-11-17,7,71
4493,1129,2024-12-04,4,18
4494,1130,2024-08-29,1,39
4495,1130,2024-08-29,3,37
4496,1130,2024-08-29,4,14
4497,1130,2024-08-29,5,56
4498,1130,2024-08-29,8,37
4499,1131,2024-12-25,1,59
4500,1131,2024-12-25,2,25
4501,1131,2024-12-25,5,17
4502,1132,2024-02-09,2,70
4503,1133,2024-12-05,1,24
4504,1133,2024-12-05,2,62
4505,1133,2024-12-05,4,60
4506,1134,2024-01-12,2,48
4507,1135,2024-12-20,3,56
4508,1135,2024-03-08,1,54
4509,1135,2024-03-08,3,70
4510,1135,2024-03-08,4,28
4511,1135,2024-03-08,7,60
4512,1135,2024-10-08,1,39
4513,1135,2024-10-08,2,75
4514,1135,2024-10-08,5,55
4515,1135,2024-10-08,9,11
4516,1136,2024-10-05,4,75
4517,1137,2024-11-24,1,44
4518,1137,2024-11-24,3,50
4519,1137,2024-11-24,5,12
4520,1138,2024-05-04,1,74
4521,1138,2024-05-04,2,69
4522,1138,2024-01-08,2,57
4523,1138,2024-01-08,4,44
4524,1139,2024-04-10,9,51
4525,1139,2024-04-10,7,40
4526,1140,2024-09-10,3,72
4527,1140,2024-09-10,5,73
4528,1140,2024-09-10,6,66
4529,1140,2024-09-10,7,68
4530,1140,2024-04-10,1,64
4531,1140,2024-11-14,2,51
4532,1140,2024-11-14,5,40
4533,1140,2024-11-14,8,40
4534,1140,2024-12-28,1,73
4535,1141,2024-10-02,1,56
4536,1141,2024-03-24,7,70
4537,1141,2024-10-17,10,65
4538,1141,2024-10-17,5,41
4539,1141,2024-10-17,6,14
4540,1141,2024-10-17,7,50
4541,1141,2024-10-11,2,40
4542,1142,2024-06-12,1,19
4543,1142,2024-06-12,2,29
4544,1142,2024-06-12,4,14
4545,1142,2024-06-12,9,73
4546,1143,2024-07-15,1,20
4547,1143,2024-07-15,3,54
4548,1143,2024-07-15,8,56
4549,1144,2024-09-26,2,30
4550,1144,2024-09-26,4,28
4551,1144,2024-09-26,8,43
4552,1145,2024-07-12,9,37
4553,1145,2024-07-12,2,33
4554,1146,2024-12-08,1,49
4555,1146,2024-12-08,6,45
4556,1147,2024-11-14,1,57
4557,1148,2024-04-07,8,61
4558,1149,2024-04-14,1,51
4559,1149,2024-04-14,2,15
4560,1149,2024-04-14,4,71
4561,1150,2024-10-20,2,65
4562,1151,2024-06-21,1,24
4563,1151,2024-06-21,2,18
4564,1151,2024-06-21,7,27
4565,1151,2024-09-10,1,68
4566,1151,2024-09-10,2,34
4567,1151,2024-09-10,4,13
4568,1151,2024-09-10,5,58
4569,1151,2024-09-10,7,39
4570,1151,2024-12-28,1,60
4571,1151,2024-12-28,2,27
4572,1151,2024-12-28,3,74
4573,1151,2024-12-28,10,40
4574,1152,2024-06-02,6,33
4575,1153,2024-01-05,1,16
4576,1153,2024-01-05,2,34
4577,1154,2024-12-26,4,29
4578,1155,2024-08-20,1,63
4579,1155,2024-08-20,4,51
4580,1155,2024-08-20,5,43
4581,1155,2024-08-20,6,18
4582,1155,2024-06-26,1,64
4583,1155,2024-06-26,2,55
4584,1155,2024-06-26,4,49
4585,1155,2024-06-26,8,68
4586,1155,2024-06-26,10,18
4587,1155,2024-02-22,9,57
4588,1155,2024-02-22,5,42
4589,1155,2024-02-22,6,75
4590,1155,2024-02-22,8,68
4591,1155,2024-10-10,1,29
4592,1155,2024-10-10,3,38
4593,1155,2024-10-10,4,13
4594,1156,2024-12-08,7,60
4595,1157,2024-07-03,4,49
4596,1158,2024-01-08,2,22
4597,1158,2024-01-08,5,27
4598,1158,2024-01-08,8,38
4599,1158,2024-12-07,1,58
4600,1158,2024-12-07,2,65
4601,1158,2024-12-07,3,17
4602,1159,2024-07-07,1,75
4603,1159,2024-07-07,2,56
4604,1160,2024-10-13,3,37
4605,1160,2024-10-13,5,70
4606,1160,2024-01-20,1,38
4607,1160,2024-01-20,2,69
4608,1160,2024-01-20,3,29
4609,1160,2024-01-20,4,15
4610,1160,2024-01-20,5,34
4611,1161,2024-07-24,1,59
4612,1161,2024-07-24,7,12
4613,1161,2024-07-24,8,25
4614,1162,2024-06-28,1,64
4615,1163,2024-03-23,3,49
4616,1163,2024-03-23,6,33
4617,1163,2024-03-23,8,42
4618,1164,2024-12-11,1,16
4619,1165,2024-04-02,3,27
4620,1166,2024-09-14,1,23
4621,1166,2024-09-14,3,38
4622,1166,2024-02-27,1,41
4623,1166,2024-02-27,8,22
4624,1167,2024-07-20,1,11
4625,1167,2024-07-20,2,36
4626,1167,2024-07-20,3,49
4627,1168,2024-04-21,1,43
4628,1168,2024-04-21,2,29
4629,1168,2024-04-21,4,56
4630,1168,2024-04-21,8,63
4631,1169,2024-12-07,3,62
4632,1169,2024-12-07,4,14
4633,1169,2024-12-07,8,52
4634,1170,2024-11-05,1,37
4635,1170,2024-11-05,2,24
4636,1170,2024-11-05,4,51
4637,1170,2024-11-05,5,70
4638,1171,2024-01-12,1,50
4639,1171,2024-01-12,8,44
4640,1172,2024-09-28,10,52
4641,1172,2024-09-28,5,68
4642,1173,2024-05-05,1,45
4643,1173,2024-05-05,9,23
4644,1173,2024-05-05,3,46
4645,1173,2024-05-05,5,24
4646,1174,2024-04-27,10,24
4647,1174,2024-04-27,5,47
4648,1174,2024-04-27,7,44
4649,1175,2024-10-12,2,24
4650,1175,2024-10-12,3,68
4651,1175,2024-10-12,5,21
4652,1175,2024-10-12,8,14
4653,1176,2024-12-14,8,62
4654,1177,2024-02-19,1,64
4655,1177,2024-02-19,3,56
4656,1178,2024-06-06,2,61
4657,1178,2024-06-06,7,38
4658,1179,2024-06-06,9,55
4659,1179,2024-06-06,3,15
4660,1179,2024-06-06,4,31
4661,1179,2024-03-25,9,26
4662,1179,2024-03-25,2,39
4663,1179,2024-04-27,1,49
4664,1179,2024-04-27,2,23
4665,1179,2024-04-27,3,60
4666,1180,2024-09-09,2,30
4667,1181,2024-08-10,1,57
4668,1181,2024-08-10,3,36
4669,1181,2024-08-10,4,35
4670,1181,2024-08-10,6,21
4671,1182,2024-09-01,1,35
4672,1182,2024-09-01,5,54
4673,1183,2024-08-27,1,72
4674,1183,2024-08-27,3,74
4675,1183,2024-04-08,2,34
4676,1183,2024-04-08,3,67
4677,1183,2024-04-04,2,24
4678,1183,2024-04-04,6,71
4679,1184,2024-01-06,1,31
4680,1184,2024-01-06,4,54
4681,1184,2024-01-06,5,53
4682,1184,2024-01-06,8,44
4683,1184,2024-03-14,1,50
4684,1184,2024-03-14,5,73
4685,1184,2024-04-23,1,13
4686,1184,2024-04-23,3,67
4687,1185,2024-04-23,1,63
4688,1185,2024-04-23,5,23
4689,1186,2024-07-06,2,17
4690,1186,2024-07-06,3,59
4691,1186,2024-07-06,4,25
4692,1187,2024-07-10,1,14
4693,1187,2024-07-10,2,50
4694,1187,2024-07-10,6,43
4695,1187,2024-07-10,8,52
4696,1187,2024-06-04,1,47
4697,1187,2024-06-04,5,23
4698,1187,2024-06-04,8,57
4699,1188,2024-06-22,3,49
4700,1188,2024-06-22,4,42
4701,1189,2024-12-10,1,64
4702,1190,2024-04-19,5,16
4703,1191,2024-02-26,2,41
4704,1191,2024-02-26,8,73
4705,1192,2024-07-13,1,58
4706,1192,2024-07-13,7,22
4707,1192,2024-12-10,2,48
4708,1192,2024-12-10,3,19
4709,1192,2024-12-10,5,54
4710,1192,2024-09-27,2,10
4711,1192,2024-09-27,3,21
4712,1192,2024-09-27,4,35
4713,1192,2024-09-27,8,44
4714,1193,2024-05-26,5,74
4715,1193,2024-10-27,1,10
4716,1193,2024-09-22,1,48
4717,1193,2024-09-22,2,54
4718,1193,2024-09-22,5,23
4719,1194,2024-05-30,1,55
4720,1194,2024-05-30,4,51
4721,1195,2024-07-18,1,69
4722,1195,2024-07-18,3,32
4723,1195,2024-07-18,4,60
4724,1195,2024-07-18,6,64
4725,1195,2024-07-18,7,19
4726,1196,2024-04-28,1,49
4727,1196,2024-04-28,2,27
4728,1196,2024-04-28,4,69
4729,1196,2024-04-28,8,31
4730,1197,2024-02-21,1,14
4731,1197,2024-02-21,5,68
4732,1197,2024-06-04,6,59
4733,1198,2024-09-16,1,10
4734,1198,2024-09-16,2,58
4735,1198,2024-04-21,2,25
4736,1198,2024-10-24,2,13
4737,1198,2024-10-24,3,32
4738,1198,2024-10-24,4,73
4739,1198,2024-10-24,5,58
4740,1198,2024-10-24,7,40
4741,1199,2024-11-11,3,31
4742,1199,2024-11-11,7,36
4743,1199,2024-01-25,1,36
4744,1199,2024-01-25,2,28
4745,1199,2024-01-25,3,59
4746,1199,2024-01-25,7,15
4747,1199,2024-03-24,2,36
4748,1199,2024-03-24,4,51
4749,1200,2024-04-28,1,56
4750,1200,2024-04-28,6,43
4751,1200,2024-04-07,9,69
4752,1200,2024-04-07,2,34
4753,1200,2024-04-07,7,49
4754,1201,2024-01-25,1,65
4755,1201,2024-01-25,2,47
4756,1201,2024-01-25,5,28
4757,1202,2024-09-28,1,68
4758,1202,2024-09-28,2,30
4759,1203,2024-04-30,1,41
4760,1203,2024-04-30,2,24
4761,1204,2024-02-09,2,35
4762,1204,2024-02-09,4,65
4763,1204,2024-02-09,7,56
4764,1204,2024-07-21,1,56
4765,1204,2024-07-21,2,46
4766,1204,2024-07-21,5,32
4767,1204,2024-07-21,6,64
4768,1204,2024-07-20,1,26
4769,1205,2024-11-11,1,56
4770,1205,2024-11-11,2,69
4771,1205,2024-11-11,4,34
4772,1205,2024-11-11,6,50
4773,1206,2024-11-10,1,71
4774,1206,2024-11-10,2,45
4775,1206,2024-11-10,4,72
4776,1206,2024-11-10,8,51
4777,1207,2024-08-27,4,68
4778,1207,2024-08-27,5,55
4779,1208,2024-12-07,1,75
4780,1208,2024-12-07,2,52
4781,1208,2024-12-07,4,65
4782,1208,2024-12-07,6,35
4783,1209,2024-03-18,1,20
4784,1209,2024-03-18,3,10
4785,1209,2024-03-18,6,20
4786,1210,2024-01-28,1,38
4787,1211,2024-02-11,2,19
4788,1211,2024-02-11,3,48
4789,1211,2024-02-11,5,46
4790,1211,2024-02-11,6,75
4791,1212,2024-11-06,2,52
4792,1212,2024-11-06,7,68
4793,1213,2024-07-14,4,64
4794,1213,2024-07-14,5,35
4795,1214,2024-04-30,1,34
4796,1214,2024-04-30,2,53
4797,1214,2024-04-30,5,41
4798,1215,2024-10-28,1,35
4799,1215,2024-08-04,3,65
4800,1215,2024-08-04,6,29
4801,1215,2024-08-04,7,42
4802,1216,2024-09-02,1,23
4803,1216,2024-09-02,2,12
4804,1216,2024-09-02,3,15
4805,1216,2024-09-02,6,19
4806,1217,2024-09-28,7,12
4807,1218,2024-11-23,1,27
4808,1218,2024-04-27,9,23
4809,1218,2024-04-27,4,32
4810,1219,2024-07-15,8,63
4811,1220,2024-04-14,1,43
4812,1220,2024-04-14,2,26
4813,1220,2024-04-14,4,31
4814,1220,2024-06-19,10,26
4815,1220,2024-06-19,3,24
4816,1220,2024-06-19,5,47
4817,1220,2024-06-19,7,43
4818,1221,2024-12-12,2,14
4819,1221,2024-12-12,3,44
4820,1222,2024-01-23,1,66
4821,1222,2024-01-23,3,73
4822,1222,2024-01-23,5,74
4823,1223,2024-09-23,6,20
4824,1224,2024-12-29,5,22
4825,1225,2024-03-15,1,33
4826,1225,2024-03-15,4,35
4827,1226,2024-07-03,3,53
4828,1226,2024-07-03,5,55
4829,1227,2024-07-19,2,59
4830,1227,2024-07-19,3,34
4831,1227,2024-07-19,5,21
4832,1227,2024-10-07,8,53
4833,1227,2024-10-22,1,22
4834,1227,2024-10-22,3,55
4835,1227,2024-10-22,5,47
4836,1227,2024-09-13,2,70
4837,1227,2024-09-13,3,65
4838,1227,2024-09-13,10,30
4839,1228,2024-10-15,1,12
4840,1228,2024-10-15,2,39
4841,1228,2024-10-15,3,11
4842,1229,2024-07-05,1,57
4843,1229,2024-07-05,3,11
4844,1229,2024-07-05,4,71
4845,1229,2024-07-05,5,65
4846,1229,2024-10-27,9,37
4847,1229,2024-10-27,10,23
4848,1229,2024-10-27,4,25
4849,1229,2024-04-24,2,32
4850,1229,2024-04-24,3,40
4851,1229,2024-04-24,10,20
4852,1229,2024-04-24,8,11
4853,1230,2024-12-24,1,21
4854,1231,2024-11-30,2,60
4855,1231,2024-11-30,3,37
4856,1231,2024-11-30,8,67
4857,1231,2024-10-24,2,70
4858,1232,2024-11-11,1,61
4859,1233,2024-10-24,9,57
4860,1233,2024-10-24,4,44
4861,1233,2024-10-24,7,37
4862,1234,2024-05-08,1,30
4863,1235,2024-08-23,1,61
4864,1236,2024-02-26,2,42
4865,1236,2024-02-26,6,69
4866,1236,2024-02-26,8,36
4867,1236,2024-01-08,9,12
4868,1236,2024-01-08,2,53
4869,1236,2024-01-08,5,55
4870,1236,2024-01-08,6,66
4871,1237,2024-03-23,1,28
4872,1237,2024-03-23,2,69
4873,1238,2024-01-03,1,52
4874,1238,2024-01-03,9,59
4875,1238,2024-01-03,4,67
4876,1239,2024-10-14,1,34
4877,1239,2024-10-14,2,22
4878,1239,2024-10-14,4,43
4879,1239,2024-10-14,8,45
4880,1240,2024-10-17,1,65
4881,1240,2024-10-17,2,15
4882,1241,2024-11-19,1,75
4883,1241,2024-11-19,9,23
4884,1241,2024-11-19,5,15
4885,1241,2024-08-02,1,24
4886,1241,2024-08-02,4,50
4887,1241,2024-08-02,8,25
4888,1241,2024-07-26,2,17
4889,1241,2024-07-26,6,54
4890,1242,2024-12-02,5,40
4891,1242,2024-01-10,1,61
4892,1242,2024-01-10,2,38
4893,1242,2024-01-10,3,63
4894,1242,2024-08-06,1,48
4895,1242,2024-08-06,7,67
4896,1242,2024-01-08,2,38
4897,1243,2024-09-05,1,11
4898,1243,2024-09-05,2,47
4899,1243,2024-09-05,4,26
4900,1243,2024-09-05,6,42
4901,1243,2024-02-04,4,20
4902,1243,2024-11-21,1,61
4903,1243,2024-11-21,2,53
4904,1243,2024-11-21,5,33
4905,1244,2024-06-14,9,12
4906,1244,2024-06-14,3,22
4907,1244,2024-06-14,7,23
4908,1245,2024-10-01,1,59
4909,1245,2024-10-01,6,59
4910,1246,2024-12-15,9,30
4911,1246,2024-01-08,1,69
4912,1246,2024-01-08,6,11
4913,1246,2024-01-08,7,65
4914,1246,2024-10-11,2,50
4915,1246,2024-10-11,8,19
4916,1247,2024-08-19,3,37
4917,1248,2024-04-19,1,54
4918,1248,2024-08-29,2,10
4919,1248,2024-08-29,4,59
4920,1248,2024-12-19,2,40
4921,1248,2024-10-02,9,57
4922,1248,2024-10-02,1,35
4923,1248,2024-10-02,4,69
4924,1248,2024-10-02,6,21
4925,1249,2024-09-04,1,13
4926,1249,2024-09-04,2,10
4927,1249,2024-09-04,5,35
4928,1249,2024-05-20,2,63
4929,1249,2024-05-20,3,44
4930,1249,2024-04-27,1,40
4931,1249,2024-04-27,9,18
4932,1249,2024-04-27,6,22
4933,1249,2024-04-27,8,55
4934,1249,2024-09-28,4,74
4935,1250,2024-09-28,10,48
4936,1250,2024-09-28,5,30
4937,1250,2024-06-14,3,21
4938,1251,2024-07-11,2,13
4939,1251,2024-07-11,4,36
4940,1252,2024-11-27,1,58
4941,1252,2024-11-27,5,53
4942,1253,2024-08-05,5,65
4943,1253,2024-08-05,7,73
4944,1253,2024-06-07,2,49
4945,1254,2024-07-25,2,48
4946,1254,2024-07-25,5,51
4947,1254,2024-07-25,6,31
4948,1254,2024-07-25,8,33
4949,1255,2024-05-24,1,49
4950,1255,2024-05-24,2,75
4951,1255,2024-05-24,6,51
4952,1256,2024-09-18,4,37
4953,1256,2024-09-18,7,42
4954,1257,2024-12-14,2,38
4955,1257,2024-12-14,3,54
4956,1257,2024-12-14,7,32
4957,1257,2024-07-02,5,73
4958,1257,2024-09-06,10,59
4959,1258,2024-11-04,1,35
4960,1258,2024-11-04,3,19
4961,1259,2024-12-26,1,68
4962,1259,2024-12-26,2,74
4963,1260,2024-12-06,1,52
4964,1260,2024-12-06,9,11
4965,1261,2024-03-21,3,28
4966,1262,2024-12-28,9,42
4967,1262,2024-12-28,4,23
4968,1262,2024-12-28,5,12
4969,1262,2024-07-23,1,35
4970,1262,2024-07-23,9,62
4971,1262,2024-07-23,5,48
4972,1262,2024-03-28,1,19
4973,1262,2024-03-28,3,33
4974,1262,2024-09-27,9,59
4975,1262,2024-09-27,2,72
4976,1263,2024-09-05,9,71
4977,1263,2024-09-05,3,49
4978,1263,2024-09-05,4,59
4979,1264,2024-07-26,9,34
4980,1264,2024-07-26,3,10
4981,1264,2024-07-26,4,21
4982,1264,2024-07-26,5,39
4983,1265,2024-12-24,2,27
4984,1265,2024-12-24,3,22
4985,1265,2024-04-04,1,25
4986,1265,2024-04-04,3,59
4987,1265,2024-04-04,5,19
4988,1265,2024-04-04,8,47
4989,1265,2024-10-16,1,55
4990,1265,2024-10-16,2,64
4991,1265,2024-10-16,4,25
4992,1265,2024-10-16,6,63
4993,1266,2024-03-07,7,46
4994,1266,2024-09-19,9,33
4995,1266,2024-09-19,10,30
4996,1266,2024-09-19,3,74
4997,1266,2024-09-19,1,68
4998,1267,2024-12-05,1,58
4999,1267,2024-12-05,2,58
5000,1267,2024-12-05,3,18
5001,1268,2024-12-08,1,53
5002,1268,2024-12-08,5,67
5003,1268,2024-05-24,1,11
5004,1268,2024-05-24,4,34
5005,1268,2024-05-24,7,17
5006,1268,2024-05-24,8,38
5007,1269,2024-02-02,9,19
5008,1269,2024-02-02,6,20
5009,1270,2024-02-21,1,13
5010,1270,2024-02-21,3,27
5011,1271,2024-11-24,5,56
5012,1271,2024-11-24,8,52
5013,1271,2024-06-08,5,27
5014,1272,2024-08-25,1,36
5015,1272,2024-08-25,10,41
5016,1272,2024-08-25,5,57
5017,1272,2024-06-17,1,25
5018,1272,2024-06-17,2,40
5019,1272,2024-06-17,4,73
5020,1272,2024-06-17,5,70
5021,1273,2024-12-11,4,30
5022,1273,2024-12-11,5,66
5023,1273,2024-07-08,1,60
5024,1273,2024-07-08,10,10
5025,1273,2024-07-08,3,47
5026,1273,2024-07-08,4,33
5027,1274,2024-12-03,3,62
5028,1274,2024-12-03,4,52
5029,1274,2024-12-20,2,43
5030,1274,2024-06-21,1,12
5031,1274,2024-06-21,2,58
5032,1274,2024-06-21,3,18
5033,1274,2024-06-21,8,49
5034,1275,2024-09-11,1,66
5035,1275,2024-09-11,4,28
5036,1275,2024-09-11,5,16
5037,1275,2024-09-11,7,32
5038,1276,2024-04-05,1,37
5039,1276,2024-04-05,2,25
5040,1276,2024-04-05,4,47
5041,1277,2024-08-15,4,24
5042,1277,2024-06-22,5,66
5043,1278,2024-07-14,1,68
5044,1278,2024-07-14,2,45
5045,1278,2024-07-14,3,53
5046,1278,2024-07-14,8,16
5047,1279,2024-06-05,1,22
5048,1279,2024-06-05,2,31
5049,1279,2024-06-05,7,10
5050,1279,2024-06-23,2,43
5051,1279,2024-06-23,5,24
5052,1280,2024-01-14,1,62
5053,1280,2024-01-14,2,32
5054,1280,2024-01-14,5,44
5055,1280,2024-03-04,4,52
5056,1281,2024-12-25,9,64
5057,1281,2024-06-22,1,35
5058,1281,2024-06-22,4,72
5059,1281,2024-03-04,10,50
5060,1282,2024-04-30,1,30
5061,1282,2024-04-30,2,32
5062,1282,2024-04-30,3,63
5063,1282,2024-04-30,6,52
5064,1283,2024-07-11,1,36
5065,1283,2024-07-11,2,54
5066,1283,2024-07-11,6,20
5067,1283,2024-07-11,7,65
5068,1283,2024-07-11,9,39
5069,1284,2024-07-21,1,62
5070,1284,2024-07-21,3,46
5071,1284,2024-07-21,7,45
5072,1285,2024-07-26,1,34
5073,1285,2024-07-26,3,31
5074,1285,2024-07-26,4,17
5075,1285,2024-07-26,7,22
5076,1286,2024-04-21,8,22
5077,1287,2024-09-04,4,53
5078,1287,2024-09-04,7,25
5079,1288,2024-09-18,4,20
5080,1289,2024-09-17,7,16
5081,1290,2024-05-20,2,15
5082,1291,2024-05-17,1,41
5083,1291,2024-05-17,6,53
5084,1292,2024-06-25,1,16
5085,1292,2024-06-25,10,24
5086,1292,2024-06-25,4,27
5087,1292,2024-06-25,6,41
5088,1293,2024-10-16,3,58
5089,1293,2024-10-16,7,60
5090,1293,2024-01-22,1,22
5091,1294,2024-12-11,1,45
5092,1294,2024-12-11,4,69
5093,1294,2024-12-11,5,75
5094,1295,2024-04-14,9,39
5095,1295,2024-04-14,1,49
5096,1295,2024-04-14,4,73
5097,1295,2024-04-14,7,66
5098,1296,2024-07-21,2,21
5099,1297,2024-12-18,5,42
5100,1297,2024-12-08,1,31
5101,1297,2024-12-08,2,22
5102,1297,2024-12-08,5,37
5103,1298,2024-12-14,5,48
5104,1299,2024-04-24,1,39
5105,1299,2024-04-24,2,12
5106,1299,2024-04-24,5,45
5107,1299,2024-04-24,7,47
5108,1300,2024-04-17,3,47
5109,1300,2024-04-17,5,28
5110,1301,2024-09-19,2,12
5111,1301,2024-09-19,4,12
5112,1302,2024-01-14,4,63
5113,1303,2024-01-10,1,23
5114,1303,2024-01-10,2,56
5115,1303,2024-01-10,4,21
5116,1303,2024-01-10,6,21
5117,1304,2024-02-27,2,66
5118,1304,2024-02-27,5,59
5119,1305,2024-04-29,1,61
5120,1305,2024-04-29,5,44
5121,1305,2024-06-15,1,13
5122,1305,2024-06-15,2,72
5123,1305,2024-06-15,5,26
5124,1306,2024-05-05,1,59
5125,1306,2024-05-05,2,60
5126,1306,2024-05-05,4,27
5127,1306,2024-05-05,7,38
5128,1306,2024-11-16,2,66
5129,1306,2024-01-22,2,69
5130,1306,2024-01-22,7,31
5131,1306,2024-11-10,7,62
5132,1307,2024-07-07,3,13
5133,1307,2024-07-07,5,19
5134,1308,2024-07-11,1,47
5135,1308,2024-07-11,2,24
5136,1308,2024-07-11,5,71
5137,1309,2024-06-07,1,13
5138,1309,2024-06-07,8,18
5139,1309,2024-10-14,1,58
5140,1309,2024-10-14,3,41
5141,1309,2024-10-14,7,66
5142,1310,2024-06-28,1,56
5143,1310,2024-06-28,4,37
5144,1311,2024-07-13,2,16
5145,1311,2024-07-13,4,49
5146,1311,2024-07-13,6,71
5147,1312,2024-09-27,6,56
5148,1313,2024-10-22,1,59
5149,1313,2024-10-22,3,54
5150,1313,2024-10-22,8,59
5151,1314,2024-03-06,1,63
5152,1314,2024-03-06,3,68
5153,1314,2024-01-02,2,24
5154,1314,2024-09-08,7,27
5155,1314,2024-12-27,9,12
5156,1315,2024-01-14,4,12
5157,1315,2024-10-22,1,57
5158,1315,2024-10-22,5,64
5159,1315,2024-10-22,6,72
5160,1316,2024-06-22,1,53
5161,1316,2024-06-22,6,27
5162,1316,2024-06-22,7,54
5163,1316,2024-06-22,8,68
5164,1317,2024-07-24,1,40
5165,1317,2024-07-24,6,34
5166,1317,2024-07-24,7,54
5167,1318,2024-10-07,1,18
5168,1318,2024-10-07,2,74
5169,1318,2024-10-07,4,65
5170,1318,2024-10-07,7,34
5171,1319,2024-12-11,7,36
5172,1320,2024-11-23,9,73
5173,1320,2024-11-23,1,57
5174,1320,2024-11-23,4,37
5175,1321,2024-04-05,1,10
5176,1321,2024-04-05,7,18
5177,1322,2024-01-04,2,37
5178,1322,2024-01-04,4,11
5179,1322,2024-07-02,1,54
5180,1322,2024-07-02,2,49
5181,1322,2024-07-02,9,12
5182,1322,2024-07-02,8,23
5183,1323,2024-09-07,1,10
5184,1323,2024-09-07,2,28
5185,1324,2024-10-14,3,15
5186,1324,2024-10-14,5,51
5187,1325,2024-01-05,1,60
5188,1325,2024-01-05,3,34
5189,1325,2024-01-05,4,60
5190,1325,2024-01-05,5,18
5191,1325,2024-09-08,1,44
5192,1325,2024-09-08,4,34
5193,1325,2024-09-08,6,58
5194,1325,2024-09-08,8,27
5195,1325,2024-12-24,9,59
5196,1325,2024-12-24,1,66
5197,1325,2024-12-24,4,70
5198,1325,2024-12-24,5,18
5199,1325,2024-10-25,1,48
5200,1325,2024-10-25,3,33
5201,1325,2024-10-25,8,59
5202,1326,2024-12-03,1,21
5203,1326,2024-12-03,3,43
5204,1326,2024-12-03,5,22
5205,1326,2024-12-03,7,27
5206,1326,2024-09-27,1,70
5207,1326,2024-09-27,2,14
5208,1326,2024-09-27,3,56
5209,1327,2024-11-22,7,70
5210,1328,2024-12-13,9,43
5211,1328,2024-12-13,1,47
5212,1328,2024-12-13,3,20
5213,1329,2024-12-09,4,59
5214,1329,2024-12-09,6,66
5215,1329,2024-12-09,7,57
5216,1330,2024-10-18,1,24
5217,1331,2024-08-11,2,48
5218,1331,2024-08-11,3,31
5219,1331,2024-08-11,6,12
5220,1332,2024-04-18,2,49
5221,1332,2024-01-11,4,32
5222,1332,2024-01-11,8,19
5223,1333,2024-04-25,1,65
5224,1333,2024-04-25,2,35
5225,1333,2024-04-25,3,55
5226,1334,2024-03-01,9,39
5227,1334,2024-03-01,1,39
5228,1334,2024-03-01,3,16
5229,1335,2024-12-19,1,74
5230,1335,2024-12-19,2,46
5231,1335,2024-12-19,5,41
5232,1335,2024-12-19,6,32
5233,1336,2024-09-25,10,15
5234,1337,2024-09-25,9,34
5235,1337,2024-09-25,2,17
5236,1337,2024-09-25,3,70
5237,1337,2024-07-02,9,74
5238,1337,2024-07-02,1,45
5239,1337,2024-07-02,4,60
5240,1337,2024-07-02,8,67
5241,1338,2024-06-05,1,15
5242,1338,2024-06-05,4,37
5243,1338,2024-12-28,9,60
5244,1338,2024-12-28,2,27
5245,1338,2024-12-28,3,18
5246,1339,2024-12-21,10,14
5247,1340,2024-04-29,2,53
5248,1340,2024-04-29,4,57
5249,1341,2024-12-04,1,17
5250,1342,2024-03-13,1,58
5251,1342,2024-03-13,2,40
5252,1342,2024-03-13,3,15
5253,1343,2024-03-25,3,65
5254,1343,2024-03-25,6,29
5255,1343,2024-03-25,8,33
5256,1344,2024-10-22,1,67
5257,1345,2024-04-04,1,37
5258,1345,2024-04-04,9,12
5259,1345,2024-04-04,4,51
5260,1346,2024-07-16,1,39
5261,1346,2024-07-16,3,71
5262,1347,2024-05-10,1,10
5263,1347,2024-05-10,9,37
5264,1347,2024-05-10,3,29
5265,1347,2024-05-10,5,45
5266,1348,2024-07-24,1,71
5267,1348,2024-07-24,2,56
5268,1348,2024-07-24,3,63
5269,1348,2024-07-24,6,72
5270,1348,2024-07-24,10,70
5271,1349,2024-05-04,9,33
5272,1349,2024-05-04,2,45
5273,1349,2024-05-04,3,24
5274,1349,2024-05-04,4,47
5275,1350,2024-03-11,2,14
5276,1350,2024-03-11,3,72
5277,1350,2024-03-11,4,66
5278,1350,2024-03-11,10,55
5279,1351,2024-05-05,9,53
5280,1351,2024-05-05,2,66
5281,1351,2024-05-05,3,57
5282,1351,2024-05-05,8,60
5283,1352,2024-06-15,2,45
5284,1352,2024-06-15,4,27
5285,1352,2024-06-15,6,67
5286,1352,2024-09-27,2,56
5287,1352,2024-09-27,3,21
5288,1352,2024-09-27,5,61
5289,1352,2024-09-27,7,54
5290,1353,2024-10-22,1,36
5291,1353,2024-10-22,4,51
5292,1354,2024-07-07,1,69
5293,1355,2024-06-26,1,46
5294,1355,2024-06-26,2,71
5295,1355,2024-06-26,4,72
5296,1355,2024-06-26,10,66
5297,1356,2024-10-05,1,67
5298,1356,2024-10-05,3,19
5299,1357,2024-06-09,1,66
5300,1358,2024-09-15,3,63
5301,1358,2024-09-15,8,17
5302,1359,2024-03-10,3,46
5303,1359,2024-03-10,4,32
5304,1359,2024-03-10,5,11
5305,1359,2024-12-21,1,51
5306,1359,2024-12-21,5,70
5307,1359,2024-12-21,7,47
5308,1359,2024-01-03,1,62
5309,1359,2024-01-03,2,52
5310,1359,2024-01-03,3,21
5311,1359,2024-01-03,7,61
5312,1360,2024-12-24,1,18
5313,1360,2024-12-24,2,47
5314,1360,2024-12-24,6,19
5315,1361,2024-08-27,1,74
5316,1361,2024-08-27,6,71
5317,1362,2024-04-27,1,23
5318,1362,2024-04-27,3,42
5319,1362,2024-04-27,5,65
5320,1362,2024-04-27,6,62
5321,1363,2024-01-02,6,23
5322,1364,2024-01-27,1,63
5323,1364,2024-01-27,2,69
5324,1364,2024-01-27,6,14
5325,1365,2024-12-17,10,52
5326,1365,2024-11-24,1,19
5327,1365,2024-11-24,3,27
5328,1365,2024-11-24,5,43
5329,1365,2024-02-11,9,56
5330,1365,2024-02-11,2,72
5331,1365,2024-02-11,5,67
5332,1365,2024-02-11,1,35
5333,1366,2024-02-05,1,33
5334,1366,2024-02-05,4,30
5335,1367,2024-11-12,1,17
5336,1367,2024-11-12,4,28
5337,1367,2024-11-12,5,20
5338,1367,2024-11-12,6,45
5339,1367,2024-04-14,1,50
5340,1367,2024-04-14,3,52
5341,1367,2024-04-14,4,56
5342,1367,2024-04-14,6,67
5343,1367,2024-04-20,2,39
5344,1367,2024-04-20,4,18
5345,1367,2024-04-20,5,34
5346,1367,2024-01-04,10,18
5347,1367,2024-01-04,5,40
5348,1368,2024-09-09,10,41
5349,1368,2024-09-09,3,55
5350,1368,2024-09-09,5,75
5351,1368,2024-09-09,7,11
5352,1368,2024-07-05,1,68
5353,1368,2024-07-05,2,50
5354,1368,2024-07-05,3,75
5355,1368,2024-07-05,4,44
5356,1368,2024-07-05,7,52
5357,1368,2024-10-16,1,28
5358,1368,2024-10-16,3,43
5359,1368,2024-10-16,5,48
5360,1369,2024-05-11,2,13
5361,1369,2024-05-11,4,17
5362,1369,2024-05-11,7,58
5363,1370,2024-08-25,9,16
5364,1370,2024-08-25,1,63
5365,1370,2024-08-25,4,28
5366,1370,2024-08-25,2,64
5367,1371,2024-04-08,10,73
5368,1371,2024-04-08,3,32
5369,1371,2024-04-08,4,44
5370,1372,2024-10-25,9,41
5371,1372,2024-10-25,3,20
5372,1372,2024-10-25,6,28
5373,1373,2024-02-27,1,68
5374,1373,2024-02-27,9,49
5375,1373,2024-02-27,5,41
5376,1373,2024-02-27,7,15
5377,1374,2024-08-24,1,19
5378,1374,2024-08-24,9,53
5379,1374,2024-08-24,4,22
5380,1374,2024-08-24,5,27
5381,1375,2024-12-22,1,23
5382,1375,2024-12-22,2,59
5383,1375,2024-12-22,4,52
5384,1376,2024-03-17,10,10
5385,1376,2024-03-17,3,67
5386,1377,2024-06-05,1,32
5387,1377,2024-06-05,3,30
5388,1377,2024-08-09,1,46
5389,1377,2024-08-09,2,40
5390,1377,2024-08-09,3,30
5391,1377,2024-08-09,6,64
5392,1378,2024-04-25,9,38
5393,1378,2024-04-25,2,19
5394,1378,2024-04-25,8,17
5395,1379,2024-01-25,1,55
5396,1379,2024-01-25,10,42
5397,1379,2024-03-10,3,71
5398,1380,2024-04-06,1,53
5399,1380,2024-04-06,2,32
5400,1381,2024-09-24,5,45
5401,1382,2024-04-25,4,27
5402,1382,2024-04-25,5,44
5403,1383,2024-07-03,1,20
5404,1384,2024-12-21,2,74
5405,1384,2024-12-21,10,74
5406,1384,2024-10-17,1,25
5407,1384,2024-10-17,2,44
5408,1384,2024-10-17,3,24
5409,1384,2024-10-17,4,26
5410,1384,2024-10-17,6,52
5411,1384,2024-07-19,1,33
5412,1384,2024-07-19,3,48
5413,1384,2024-07-19,8,42
5414,1385,2024-01-18,2,66
5415,1385,2024-01-18,3,18
5416,1385,2024-01-18,7,23
5417,1385,2024-11-28,2,63
5418,1385,2024-11-28,7,72
5419,1386,2024-10-22,1,48
5420,1386,2024-11-10,2,64
5421,1386,2024-11-10,3,39
5422,1387,2024-07-28,9,22
5423,1387,2024-07-28,2,11
5424,1387,2024-07-28,4,11
5425,1388,2024-09-09,4,54
5426,1388,2024-09-09,7,74
5427,1389,2024-11-29,1,54
5428,1389,2024-11-29,7,14
5429,1389,2024-09-09,1,29
5430,1389,2024-09-09,3,59
5431,1390,2024-10-12,1,66
5432,1390,2024-10-12,6,30
5433,1390,2024-11-25,9,49
5434,1390,2024-11-25,3,73
5435,1390,2024-11-25,4,15
5436,1391,2024-06-23,4,24
5437,1391,2024-06-23,5,61
5438,1391,2024-06-23,7,44
5439,1391,2024-10-23,10,40
5440,1391,2024-10-23,6,54
5441,1391,2024-07-07,1,19
5442,1391,2024-07-07,4,25
5443,1391,2024-07-07,6,75
5444,1391,2024-08-11,1,27
5445,1391,2024-08-11,4,32
5446,1392,2024-08-27,10,26
5447,1392,2024-08-27,2,31
5448,1393,2024-09-15,4,40
5449,1394,2024-12-20,3,47
5450,1394,2024-12-20,4,64
5451,1394,2024-12-20,6,59
5452,1394,2024-02-10,7,24
5453,1395,2024-10-13,8,46
5454,1396,2024-02-10,1,22
5455,1396,2024-02-10,7,25
5456,1396,2024-02-10,8,72
5457,1396,2024-12-04,4,63
5458,1396,2024-12-04,7,51
5459,1396,2024-11-02,6,75
5460,1397,2024-04-20,1,69
5461,1397,2024-04-20,3,35
5462,1397,2024-04-20,4,25
5463,1397,2024-04-20,5,64
5464,1397,2024-05-04,2,54
5465,1398,2024-12-24,1,49
5466,1399,2024-07-25,1,26
5467,1399,2024-07-25,9,69
5468,1399,2024-07-25,7,17
5469,1399,2024-11-05,1,64
5470,1399,2024-11-05,8,42
5471,1400,2024-12-27,2,58
5472,1400,2024-12-27,3,69
5473,1400,2024-12-27,4,60
5474,1400,2024-09-12,1,31
5475,1400,2024-09-12,3,74
5476,1400,2024-09-12,7,49
5477,1401,2024-10-22,1,11
5478,1402,2024-07-21,2,66
5479,1402,2024-08-11,1,22
5480,1402,2024-08-11,3,12
5481,1402,2024-08-11,4,70
5482,1402,2024-05-01,1,33
5483,1402,2024-05-01,4,28
5484,1403,2024-12-04,9,38
5485,1403,2024-12-04,5,38
5486,1403,2024-12-04,7,71
5487,1404,2024-03-01,1,36
5488,1404,2024-03-01,5,40
5489,1404,2024-03-01,6,44
5490,1404,2024-03-01,8,52
5491,1404,2024-09-06,1,45
5492,1405,2024-01-22,3,61
5493,1406,2024-04-04,10,65
5494,1406,2024-04-04,3,20
5495,1406,2024-04-27,5,16
5496,1406,2024-04-03,1,54
5497,1407,2024-07-04,1,44
5498,1407,2024-07-04,3,73
5499,1407,2024-07-04,4,40
5500,1407,2024-07-04,5,37
5501,1407,2024-07-04,10,36
5502,1408,2024-04-26,2,26
5503,1408,2024-04-26,4,60
5504,1409,2024-11-14,2,54
5505,1409,2024-11-14,3,54
5506,1409,2024-11-14,5,16
5507,1409,2024-11-14,8,12
5508,1409,2024-11-14,9,74
5509,1409,2024-10-02,1,37
5510,1409,2024-10-02,2,24
5511,1409,2024-10-02,3,75
5512,1409,2024-10-02,6,38
5513,1409,2024-12-04,1,42
5514,1409,2024-12-04,2,59
5515,1409,2024-12-04,6,50
5516,1410,2024-04-28,1,35
5517,1411,2024-06-27,1,23
5518,1411,2024-06-27,2,49
5519,1411,2024-06-27,4,32
5520,1411,2024-06-27,6,38
5521,1411,2024-06-27,8,30
5522,1412,2024-05-04,1,67
5523,1412,2024-05-04,10,41
5524,1412,2024-05-04,3,39
5525,1412,2024-05-04,6,72
5526,1412,2024-11-24,1,64
5527,1412,2024-07-07,1,72
5528,1412,2024-07-07,2,20
5529,1412,2024-08-07,2,14
5530,1412,2024-08-07,3,29
5531,1413,2024-12-03,1,10
5532,1413,2024-12-03,3,65
5533,1413,2024-12-03,5,12
5534,1413,2024-03-29,1,11
5535,1413,2024-03-29,3,56
5536,1413,2024-03-29,7,59
5537,1413,2024-04-10,1,33
5538,1413,2024-04-10,7,26
5539,1413,2024-04-10,8,21
5540,1413,2024-07-26,10,50
5541,1414,2024-06-28,2,51
5542,1414,2024-06-28,3,38
5543,1414,2024-06-28,4,35
5544,1415,2024-03-23,1,27
5545,1415,2024-03-23,9,74
5546,1415,2024-03-23,4,62
5547,1415,2024-03-23,10,22
5548,1416,2024-12-02,1,37
5549,1416,2024-12-02,3,42
5550,1416,2024-12-02,4,50
5551,1416,2024-12-02,5,45
5552,1417,2024-06-24,9,29
5553,1417,2024-06-24,1,53
5554,1417,2024-06-24,5,53
5555,1418,2024-02-06,1,68
5556,1418,2024-02-06,4,57
5557,1418,2024-02-06,6,61
5558,1418,2024-02-06,7,41
5559,1419,2024-07-28,5,15
5560,1419,2024-07-28,6,74
5561,1420,2024-02-18,2,20
5562,1420,2024-02-18,10,33
5563,1420,2024-02-18,8,66
5564,1420,2024-09-25,9,66
5565,1420,2024-09-25,7,74
5566,1421,2024-07-23,2,34
5567,1421,2024-07-23,3,27
5568,1421,2024-01-18,1,72
5569,1421,2024-01-18,3,67
5570,1421,2024-01-18,4,22
5571,1421,2024-01-18,8,25
5572,1422,2024-12-27,2,15
5573,1422,2024-09-27,1,38
5574,1422,2024-09-27,8,65
5575,1423,2024-09-10,3,50
5576,1424,2024-12-28,2,74
5577,1424,2024-12-28,3,44
5578,1424,2024-12-28,5,10
5579,1424,2024-12-28,6,12
5580,1425,2024-07-17,1,11
5581,1426,2024-04-24,2,17
5582,1427,2024-11-12,2,12
5583,1427,2024-11-12,6,42
5584,1428,2024-08-03,1,41
5585,1428,2024-12-19,1,29
5586,1428,2024-12-19,2,69
5587,1428,2024-12-19,5,72
5588,1428,2024-12-19,8,28
5589,1428,2024-08-15,2,46
5590,1428,2024-08-15,5,51
5591,1428,2024-08-15,6,58
5592,1429,2024-05-14,4,49
5593,1430,2024-11-23,2,35
5594,1430,2024-11-23,4,36
5595,1430,2024-11-23,5,60
5596,1430,2024-11-23,8,52
5597,1431,2024-10-23,2,23
5598,1431,2024-10-23,5,47
5599,1431,2024-10-23,6,75
5600,1431,2024-10-23,8,69
5601,1431,2024-10-23,9,25
5602,1432,2024-04-19,1,38
5603,1432,2024-04-19,5,26
5604,1432,2024-04-19,6,58
5605,1432,2024-04-19,8,54
5606,1432,2024-11-05,1,58
5607,1432,2024-11-05,3,19
5608,1432,2024-11-05,5,27
5609,1432,2024-11-05,6,58
5610,1433,2024-06-28,1,30
5611,1433,2024-06-28,3,68
5612,1433,2024-06-28,5,67
5613,1433,2024-06-28,6,13
5614,1434,2024-07-17,2,47
5615,1434,2024-07-17,3,64
5616,1434,2024-07-17,6,57
5617,1434,2024-07-17,7,67
5618,1434,2024-07-17,9,66
5619,1435,2024-03-02,3,71
5620,1435,2024-03-02,4,37
5621,1435,2024-03-02,8,74
5622,1436,2024-02-20,1,69
5623,1436,2024-07-24,1,34
5624,1436,2024-07-24,4,41
5625,1436,2024-07-24,7,70
5626,1437,2024-11-09,2,40
5627,1437,2024-11-09,7,45
5628,1438,2024-04-20,9,65
5629,1438,2024-04-20,5,73
5630,1438,2024-04-20,6,74
5631,1438,2024-02-17,3,57
5632,1438,2024-02-17,5,43
5633,1438,2024-02-17,7,61
5634,1439,2024-10-19,6,56
5635,1439,2024-05-22,1,36
5636,1439,2024-05-22,3,27
5637,1440,2024-07-28,2,10
5638,1441,2024-04-14,3,31
5639,1441,2024-04-14,4,75
5640,1442,2024-01-17,9,54
5641,1442,2024-01-17,10,52
5642,1442,2024-01-17,6,73
5643,1442,2024-01-17,8,60
5644,1442,2024-06-14,1,14
5645,1442,2024-06-14,2,66
5646,1442,2024-06-14,4,18
5647,1442,2024-06-14,6,11
5648,1442,2024-06-14,7,63
5649,1442,2024-12-10,1,20
5650,1442,2024-12-10,5,54
5651,1442,2024-09-21,2,72
5652,1442,2024-09-21,5,49
5653,1443,2024-01-26,1,60
5654,1443,2024-01-26,4,72
5655,1443,2024-01-26,8,25
5656,1444,2024-06-27,5,30
5657,1445,2024-04-14,4,58
5658,1445,2024-04-14,5,40
5659,1445,2024-04-14,7,42
5660,1445,2024-09-12,3,16
5661,1445,2024-09-12,7,42
5662,1446,2024-11-22,3,28
5663,1446,2024-03-04,9,30
5664,1446,2024-03-04,1,73
5665,1446,2024-03-04,4,17
5666,1446,2024-11-22,8,41
5667,1447,2024-01-21,2,60
5668,1447,2024-01-21,7,64
5669,1447,2024-06-19,1,25
5670,1447,2024-06-19,4,69
5671,1447,2024-06-19,5,24
5672,1447,2024-05-04,2,52
5673,1447,2024-02-23,1,12
5674,1447,2024-02-23,4,29
5675,1447,2024-02-23,6,32
5676,1447,2024-02-23,7,20
5677,1448,2024-03-10,1,60
5678,1448,2024-03-10,4,14
5679,1448,2024-08-15,1,21
5680,1448,2024-08-15,3,70
5681,1448,2024-08-15,8,40
5682,1449,2024-04-26,1,42
5683,1449,2024-04-26,10,21
5684,1449,2024-04-26,8,45
5685,1450,2024-09-15,1,33
5686,1450,2024-09-15,2,41
5687,1450,2024-09-15,7,36
5688,1451,2024-07-02,1,48
5689,1451,2024-07-02,2,21
5690,1451,2024-07-02,7,54
5691,1451,2024-08-24,1,75
5692,1451,2024-08-24,3,62
5693,1452,2024-06-09,1,47
5694,1452,2024-06-09,2,43
5695,1452,2024-06-09,4,36
5696,1453,2024-12-07,1,10
5697,1453,2024-12-07,7,18
5698,1454,2024-12-09,1,65
5699,1454,2024-12-09,2,64
5700,1454,2024-12-09,3,71
5701,1454,2024-12-09,7,72
5702,1454,2024-11-07,1,29
5703,1454,2024-11-07,2,45
5704,1454,2024-11-07,5,45
5705,1454,2024-11-07,7,65
5706,1454,2024-03-14,1,37
5707,1454,2024-03-14,6,54
5708,1454,2024-03-14,7,13
5709,1455,2024-06-16,1,45
5710,1455,2024-06-16,2,15
5711,1455,2024-06-16,6,58
5712,1455,2024-06-16,9,36
5713,1456,2024-10-02,1,36
5714,1456,2024-10-02,3,28
5715,1456,2024-10-02,5,68
5716,1456,2024-10-02,6,20
5717,1457,2024-11-26,1,23
5718,1458,2024-06-24,9,45
5719,1458,2024-06-24,3,40
5720,1459,2024-11-03,1,30
5721,1459,2024-11-03,2,12
5722,1459,2024-11-03,3,56
5723,1459,2024-11-03,5,16
5724,1460,2024-08-22,1,29
5725,1460,2024-08-22,2,41
5726,1460,2024-08-22,3,60
5727,1460,2024-08-22,4,26
5728,1460,2024-08-22,6,50
5729,1461,2024-12-05,1,25
5730,1461,2024-12-05,2,24
5731,1461,2024-12-05,4,31
5732,1461,2024-12-05,6,47
5733,1461,2024-12-05,10,23
5734,1462,2024-09-29,4,37
5735,1462,2024-09-29,6,10
5736,1463,2024-06-07,3,40
5737,1463,2024-10-21,1,56
5738,1463,2024-10-21,2,24
5739,1463,2024-10-21,5,63
5740,1463,2024-10-21,9,73
5741,1464,2024-07-07,1,72
5742,1464,2024-07-07,3,20
5743,1464,2024-07-07,6,22
5744,1465,2024-08-23,1,51
5745,1465,2024-08-23,9,25
5746,1465,2024-08-23,2,41
5747,1465,2024-08-23,8,36
5748,1465,2024-04-28,2,65
5749,1465,2024-04-28,8,31
5750,1465,2024-06-08,10,12
5751,1465,2024-06-08,5,44
5752,1465,2024-06-08,6,13
5753,1465,2024-06-08,7,42
5754,1465,2024-07-27,2,67
5755,1466,2024-12-11,1,32
5756,1466,2024-12-11,4,19
5757,1466,2024-12-11,7,26
5758,1467,2024-12-28,2,22
5759,1467,2024-12-28,4,61
5760,1467,2024-12-28,7,34
5761,1468,2024-01-30,1,46
5762,1468,2024-01-30,2,66
5763,1468,2024-01-30,3,39
5764,1468,2024-07-13,1,27
5765,1468,2024-07-13,10,27
5766,1469,2024-10-01,1,37
5767,1469,2024-10-01,3,60
5768,1470,2024-01-23,1,72
5769,1470,2024-01-23,2,45
5770,1470,2024-01-23,6,71
5771,1470,2024-01-23,10,54
5772,1470,2024-12-04,1,37
5773,1470,2024-12-04,2,44
5774,1470,2024-12-04,3,44
5775,1470,2024-06-20,1,68
5776,1470,2024-06-23,2,37
5777,1470,2024-06-23,3,32
5778,1470,2024-06-23,6,41
5779,1471,2024-12-13,2,39
5780,1471,2024-12-13,7,45
5781,1472,2024-01-04,1,10
5782,1472,2024-01-04,9,67
5783,1472,2024-01-04,2,71
5784,1472,2024-06-02,9,25
5785,1472,2024-06-02,2,51
5786,1472,2024-06-02,1,67
5787,1472,2024-01-11,8,64
5788,1472,2024-06-28,2,23
5789,1472,2024-06-28,6,64
5790,1473,2024-01-30,1,67
5791,1473,2024-01-30,2,66
5792,1474,2024-07-18,2,46
5793,1474,2024-06-02,9,24
5794,1474,2024-06-02,1,54
5795,1474,2024-06-02,4,32
5796,1474,2024-12-11,1,27
5797,1474,2024-12-11,5,16
5798,1474,2024-12-11,6,16
5799,1474,2024-12-11,8,75
5800,1475,2024-10-19,1,74
5801,1475,2024-10-19,3,10
5802,1476,2024-04-04,1,55
5803,1476,2024-04-04,4,32
5804,1476,2024-04-04,7,24
5805,1476,2024-04-04,8,10
5806,1476,2024-02-10,1,20
5807,1476,2024-02-10,2,37
5808,1476,2024-02-10,3,16
5809,1476,2024-02-10,5,30
5810,1476,2024-07-13,9,11
5811,1476,2024-07-13,4,31
5812,1476,2024-07-13,8,50
5813,1476,2024-01-13,1,31
5814,1477,2024-08-21,3,27
5815,1477,2024-08-21,4,56
5816,1478,2024-07-06,4,41
5817,1478,2024-07-06,6,52
5818,1478,2024-07-06,7,42
5819,1478,2024-07-06,8,37
5820,1479,2024-10-11,1,32
5821,1479,2024-10-11,3,31
5822,1479,2024-12-23,1,70
5823,1479,2024-12-23,5,14
5824,1479,2024-12-29,2,23
5825,1479,2024-11-08,1,28
5826,1479,2024-11-08,2,47
5827,1479,2024-11-08,4,58
5828,1479,2024-11-08,8,11
5829,1480,2024-01-17,10,16
5830,1480,2024-01-17,4,51
5831,1480,2024-01-17,7,24
5832,1480,2024-01-17,2,55
5833,1481,2024-06-10,6,27
5834,1482,2024-04-20,1,68
5835,1482,2024-04-20,9,47
5836,1482,2024-04-20,3,45
5837,1482,2024-04-20,4,24
5838,1483,2024-02-24,6,24
5839,1484,2024-09-13,10,47
5840,1484,2024-09-13,2,74
5841,1484,2024-09-13,8,72
5842,1485,2024-04-02,3,12
5843,1485,2024-04-02,5,23
5844,1486,2024-07-27,2,74
5845,1486,2024-07-27,4,45
5846,1486,2024-12-17,1,66
5847,1486,2024-12-17,2,64
5848,1486,2024-12-17,4,72
5849,1486,2024-12-17,5,19
5850,1486,2024-12-17,9,33
5851,1486,2024-12-17,2,53
5852,1486,2024-12-17,5,51
5853,1487,2024-08-22,1,73
5854,1487,2024-08-22,3,16
5855,1487,2024-08-22,4,15
5856,1487,2024-08-22,8,69
5857,1488,2024-04-23,4,20
5858,1489,2024-06-18,2,34
5859,1489,2024-10-05,2,54
5860,1489,2024-10-05,3,29
5861,1489,2024-11-08,5,70
5862,1489,2024-09-21,1,53
5863,1489,2024-09-21,2,21
5864,1490,2024-12-24,9,65
5865,1490,2024-12-24,2,63
5866,1490,2024-10-20,1,44
5867,1490,2024-10-20,7,38
5868,1490,2024-10-14,1,24
5869,1490,2024-10-14,2,24
5870,1490,2024-10-14,3,74
5871,1490,2024-10-14,7,53
5872,1491,2024-02-18,1,51
5873,1491,2024-02-18,2,52
5874,1491,2024-02-18,5,25
5875,1492,2024-12-17,2,25
5876,1492,2024-12-17,3,45
5877,1493,2024-12-17,1,43
5878,1493,2024-12-17,6,12
5879,1494,2024-05-02,5,17
5880,1495,2024-07-01,7,10
5881,1496,2024-09-28,1,30
5882,1496,2024-09-28,2,59
5883,1497,2024-04-10,9,50
5884,1497,2024-04-10,4,20
5885,1497,2024-04-10,6,75
5886,1498,2024-10-06,3,52
5887,1498,2024-10-06,4,51
5888,1498,2024-10-06,5,18
5889,1499,2024-10-23,2,15
5890,1499,2024-10-23,3,37
5891,1499,2024-10-23,4,44
5892,1499,2024-10-23,8,56
5893,1499,2024-03-22,1,44
5894,1499,2024-03-22,10,16
5895,1499,2024-03-22,4,15
5896,1499,2024-03-22,6,18
5897,1499,2024-03-29,9,63
5898,1499,2024-03-05,1,34
5899,1499,2024-03-05,2,20
5900,1499,2024-03-05,4,60
5901,1499,2024-03-05,5,70
5902,1500,2024-03-06,1,40
5903,1500,2024-03-06,2,16
5904,1500,2024-03-06,6,67
5905,1500,2024-03-06,7,54
5906,1500,2024-03-06,9,10
5907,1500,2024-01-27,1,65
5908,1500,2024-01-27,4,45
5909,1500,2024-07-15,4,17
5910,1500,2024-03-03,1,57
5911,1500,2024-03-03,3,22
5912,1500,2024-03-03,5,12
5913,1501,2024-09-27,1,58
5914,1501,2024-09-27,4,52
5915,1501,2024-09-27,7,37
5916,1502,2024-12-20,2,35
5917,1502,2024-12-20,5,34
5918,1502,2024-12-20,6,20
5919,1503,2024-10-29,2,41
5920,1503,2024-10-29,3,42
5921,1503,2024-10-29,6,69
5922,1503,2024-10-29,7,75
5923,1504,2024-02-29,7,62
5924,1504,2024-01-15,1,58
5925,1504,2024-01-15,4,40
5926,1504,2024-01-15,5,32
5927,1504,2024-01-15,6,17
5928,1504,2024-01-15,7,20
5929,1505,2024-06-25,2,25
5930,1505,2024-06-25,3,69
5931,1505,2024-06-25,5,64
5932,1505,2024-06-25,6,26
5933,1506,2024-08-29,9,52
5934,1506,2024-08-29,1,24
5935,1507,2024-10-11,5,24
5936,1507,2024-12-24,3,22
5937,1507,2024-12-24,6,56
5938,1507,2024-06-13,4,67
5939,1508,2024-03-27,2,12
5940,1508,2024-03-27,3,17
5941,1508,2024-03-27,6,42
5942,1508,2024-03-27,7,27
5943,1508,2024-09-29,2,21
5944,1508,2024-09-29,4,33
5945,1508,2024-09-29,8,53
5946,1509,2024-09-04,2,66
5947,1509,2024-09-07,1,12
5948,1509,2024-09-07,2,18
5949,1509,2024-09-07,3,43
5950,1509,2024-09-07,5,13
5951,1509,2024-09-07,7,12
5952,1509,2024-10-25,2,64
5953,1509,2024-10-25,5,31
5954,1510,2024-12-26,1,68
5955,1510,2024-12-26,2,37
5956,1510,2024-06-04,10,61
5957,1510,2024-06-04,3,72
5958,1510,2024-06-04,5,55
5959,1510,2024-06-04,7,29
5960,1511,2024-12-03,1,40
5961,1511,2024-12-03,9,23
5962,1511,2024-12-03,5,51
5963,1512,2024-07-13,3,18
5964,1512,2024-07-13,4,23
5965,1512,2024-07-13,8,26
5966,1513,2024-10-15,1,39
5967,1513,2024-10-15,2,65
5968,1513,2024-10-15,3,38
5969,1513,2024-10-11,1,75
5970,1513,2024-10-11,3,16
5971,1513,2024-10-11,7,23
5972,1513,2024-06-18,1,36
5973,1513,2024-06-18,3,39
5974,1513,2024-06-18,6,55
5975,1514,2024-12-06,1,69
5976,1514,2024-12-06,8,67
5977,1514,2024-05-01,2,74
5978,1514,2024-05-01,7,18
5979,1515,2024-02-12,1,22
5980,1515,2024-02-12,9,34
5981,1516,2024-12-22,1,67
5982,1516,2024-12-22,2,10
5983,1516,2024-12-22,5,20
5984,1517,2024-04-17,1,17
5985,1517,2024-04-17,2,16
5986,1517,2024-04-17,5,31
5987,1517,2024-04-17,6,51
5988,1518,2024-03-09,1,61
5989,1518,2024-03-09,7,70
5990,1518,2024-04-19,1,57
5991,1518,2024-04-19,3,38
5992,1518,2024-04-19,4,39
5993,1519,2024-05-13,6,53
5994,1519,2024-09-16,2,68
5995,1519,2024-09-16,3,53
5996,1519,2024-09-16,4,34
5997,1519,2024-09-24,6,43
5998,1519,2024-03-04,9,54
5999,1519,2024-03-04,2,29
6000,1519,2024-03-04,7,63
6001,1519,2024-03-04,1,42
6002,1520,2024-08-12,9,59
6003,1520,2024-08-12,1,34
6004,1520,2024-08-12,3,36
6005,1521,2024-07-20,2,26
6006,1522,2024-01-17,1,75
6007,1522,2024-01-17,6,15
6008,1523,2024-09-26,1,52
6009,1523,2024-09-26,4,53
6010,1523,2024-09-26,8,72
6011,1523,2024-04-18,9,27
6012,1523,2024-04-18,1,57
6013,1523,2024-04-18,7,22
6014,1523,2024-06-10,1,34
6015,1523,2024-06-10,4,47
6016,1523,2024-01-27,7,19
6017,1524,2024-02-14,1,53
6018,1524,2024-02-14,2,56
6019,1524,2024-02-14,4,70
6020,1524,2024-02-14,8,65
6021,1524,2024-12-17,9,62
6022,1524,2024-12-17,2,67
6023,1524,2024-12-17,6,23
6024,1525,2024-07-29,3,27
6025,1525,2024-08-26,2,56
6026,1526,2024-11-23,1,58
6027,1526,2024-11-23,10,54
6028,1526,2024-11-23,3,32
6029,1526,2024-11-23,5,36
6030,1527,2024-04-22,1,26
6031,1528,2024-12-02,1,39
6032,1528,2024-12-02,2,67
6033,1529,2024-06-26,3,59
6034,1530,2024-09-08,2,55
6035,1530,2024-09-08,6,20
6036,1530,2024-07-24,1,50
6037,1530,2024-07-24,3,27
6038,1530,2024-07-24,5,30
6039,1530,2024-07-24,6,66
6040,1530,2024-07-24,8,11
6041,1531,2024-05-31,9,42
6042,1531,2024-05-31,3,26
6043,1531,2024-05-31,4,16
6044,1531,2024-05-31,6,24
6045,1531,2024-04-13,3,41
6046,1532,2024-12-19,1,15
6047,1532,2024-07-16,1,52
6048,1532,2024-07-16,2,33
6049,1532,2024-07-16,5,15
6050,1532,2024-07-16,8,49
6051,1532,2024-03-29,2,21
6052,1532,2024-03-29,3,12
6053,1532,2024-03-29,6,35
6054,1532,2024-03-29,7,55
6055,1532,2024-06-13,3,27
6056,1532,2024-06-13,5,68
6057,1533,2024-12-23,1,37
6058,1533,2024-12-23,2,33
6059,1533,2024-12-23,4,49
6060,1533,2024-09-25,9,72
6061,1533,2024-09-25,4,62
6062,1533,2024-05-27,2,49
6063,1533,2024-05-27,3,37
6064,1533,2024-05-27,6,55
6065,1533,2024-05-27,7,31
6066,1533,2024-12-06,1,47
6067,1533,2024-12-06,2,53
6068,1533,2024-12-06,4,40
6069,1533,2024-12-06,8,43
6070,1534,2024-09-27,2,19
6071,1534,2024-09-27,5,61
6072,1534,2024-09-27,10,14
6073,1534,2024-09-27,8,75
6074,1535,2024-12-20,3,25
6075,1535,2024-12-20,5,30
6076,1535,2024-12-08,1,44
6077,1535,2024-12-08,5,44
6078,1536,2024-12-12,2,48
6079,1536,2024-12-12,5,55
6080,1536,2024-12-12,6,60
6081,1536,2024-12-12,7,49
6082,1536,2024-12-29,1,25
6083,1536,2024-12-29,10,57
6084,1536,2024-12-29,2,69
6085,1536,2024-03-04,4,42
6086,1536,2024-03-04,5,26
6087,1537,2024-01-24,2,20
6088,1537,2024-01-24,3,44
6089,1537,2024-01-24,6,39
6090,1537,2024-09-12,1,26
6091,1537,2024-09-12,2,37
6092,1537,2024-09-12,3,55
6093,1537,2024-09-12,9,51
6094,1538,2024-04-22,9,28
6095,1538,2024-04-22,2,52
6096,1538,2024-04-22,5,24
6097,1539,2024-11-18,3,11
6098,1539,2024-11-18,7,62
6099,1540,2024-01-13,9,68
6100,1540,2024-01-13,2,13
6101,1540,2024-01-13,3,40
6102,1540,2024-01-13,8,37
6103,1541,2024-06-16,1,71
6104,1541,2024-06-16,3,53
6105,1541,2024-05-09,4,21
6106,1541,2024-05-09,7,34
6107,1541,2024-08-09,9,36
6108,1541,2024-08-09,4,51
6109,1541,2024-08-09,5,11
6110,1541,2024-08-09,7,66
6111,1541,2024-07-02,2,51
6112,1541,2024-07-02,5,53
6113,1542,2024-01-23,2,60
6114,1543,2024-02-08,1,74
6115,1543,2024-02-08,3,52
6116,1544,2024-06-21,1,60
6117,1544,2024-06-21,3,30
6118,1544,2024-06-21,5,69
6119,1544,2024-06-21,6,32
6120,1545,2024-02-17,1,49
6121,1545,2024-02-17,2,44
6122,1545,2024-02-17,4,56
6123,1546,2024-12-07,1,44
6124,1546,2024-12-07,10,67
6125,1546,2024-12-07,7,53
6126,1546,2024-12-07,8,36
6127,1547,2024-12-26,1,43
6128,1548,2024-12-23,2,52
6129,1548,2024-12-23,6,10
6130,1549,2024-05-07,1,28
6131,1550,2024-09-07,1,74
6132,1550,2024-09-07,5,48
6133,1550,2024-06-03,1,41
6134,1550,2024-06-03,10,17
6135,1550,2024-06-03,9,39
6136,1550,2024-06-03,8,13
6137,1551,2024-09-28,1,49
6138,1551,2024-09-28,5,18
6139,1551,2024-09-28,6,73
6140,1552,2024-12-18,3,61
6141,1552,2024-12-18,6,35
6142,1552,2024-12-18,7,30
6143,1552,2024-06-22,1,10
6144,1552,2024-06-22,9,71
6145,1552,2024-06-22,3,72
6146,1552,2024-06-22,5,38
6147,1553,2024-11-15,2,33
6148,1553,2024-11-15,5,56
6149,1554,2024-01-10,1,34
6150,1554,2024-01-10,2,16
6151,1555,2024-10-12,1,38
6152,1555,2024-09-23,1,59
6153,1555,2024-09-23,5,64
6154,1555,2024-09-23,6,38
6155,1555,2024-01-15,1,47
6156,1555,2024-01-15,2,12
6157,1555,2024-01-15,3,36
6158,1556,2024-03-09,2,32
6159,1557,2024-02-13,1,43
6160,1557,2024-02-13,5,52
6161,1558,2024-08-14,1,39
6162,1558,2024-08-14,2,30
6163,1558,2024-08-14,8,22
6164,1559,2024-05-13,9,51
6165,1559,2024-05-13,6,55
6166,1559,2024-05-13,7,50
6167,1559,2024-05-13,8,10
6168,1559,2024-04-25,9,46
6169,1559,2024-04-25,3,57
6170,1560,2024-03-20,2,36
6171,1561,2024-12-12,1,35
6172,1561,2024-12-12,10,29
6173,1561,2024-12-12,4,62
6174,1561,2024-04-18,1,53
6175,1561,2024-04-18,3,33
6176,1561,2024-04-18,4,54
6177,1562,2024-03-27,9,32
6178,1562,2024-03-27,1,37
6179,1562,2024-03-27,6,64
6180,1563,2024-11-23,9,22
6181,1564,2024-12-22,9,68
6182,1564,2024-12-22,2,30
6183,1564,2024-12-22,3,73
6184,1564,2024-12-22,7,43
6185,1565,2024-10-18,1,54
6186,1565,2024-10-18,8,16
6187,1566,2024-10-16,2,10
6188,1566,2024-10-16,5,66
6189,1567,2024-01-01,2,20
6190,1567,2024-01-01,3,16
6191,1567,2024-01-01,4,43
6192,1567,2024-01-01,5,75
6193,1567,2024-01-01,8,57
6194,1568,2024-12-06,1,31
6195,1568,2024-12-06,2,47
6196,1568,2024-12-06,4,67
6197,1568,2024-12-06,6,46
6198,1568,2024-12-06,8,15
6199,1569,2024-06-05,1,43
6200,1569,2024-06-05,2,10
6201,1569,2024-06-05,9,75
6202,1569,2024-06-26,1,61
6203,1569,2024-06-26,3,30
6204,1569,2024-06-26,6,27
6205,1569,2024-06-26,7,24
6206,1569,2024-07-04,3,14
6207,1569,2024-07-04,6,18
6208,1570,2024-04-05,1,61
6209,1570,2024-04-05,2,40
6210,1570,2024-04-05,4,39
6211,1570,2024-04-05,5,11
6212,1571,2024-10-16,2,49
6213,1571,2024-10-16,4,23
6214,1571,2024-10-16,5,50
6215,1571,2024-10-16,6,33
6216,1571,2024-10-16,9,74
6217,1572,2024-06-09,1,72
6218,1572,2024-06-09,10,68
6219,1572,2024-06-09,8,45
6220,1572,2024-12-25,3,40
6221,1573,2024-04-15,9,53
6222,1573,2024-04-15,2,63
6223,1573,2024-04-15,3,36
6224,1574,2024-07-22,1,24
6225,1574,2024-07-22,2,22
6226,1574,2024-07-22,3,61
6227,1574,2024-07-22,5,57
6228,1575,2024-10-18,1,65
6229,1575,2024-10-18,10,73
6230,1575,2024-10-18,3,48
6231,1575,2024-10-18,7,72
6232,1575,2024-03-30,1,51
6233,1575,2024-03-30,2,21
6234,1575,2024-03-30,3,11
6235,1575,2024-03-30,6,25
6236,1576,2024-11-06,1,35
6237,1576,2024-12-11,6,18
6238,1576,2024-11-29,1,15
6239,1576,2024-11-29,6,20
6240,1577,2024-09-12,1,50
6241,1577,2024-09-12,3,70
6242,1577,2024-09-12,5,65
6243,1577,2024-09-12,7,22
6244,1578,2024-12-26,1,18
6245,1578,2024-12-26,2,32
6246,1578,2024-12-26,6,42
6247,1578,2024-12-26,8,51
6248,1578,2024-11-02,1,73
6249,1578,2024-11-02,9,15
6250,1578,2024-11-02,3,33
6251,1578,2024-11-02,7,69
6252,1578,2024-04-02,1,30
6253,1578,2024-04-02,2,52
6254,1578,2024-04-02,5,45
6255,1579,2024-02-23,5,17
6256,1580,2024-12-04,3,50
6257,1580,2024-12-04,8,47
6258,1581,2024-09-27,1,71
6259,1581,2024-09-27,3,32
6260,1581,2024-09-27,4,68
6261,1581,2024-09-27,8,29
6262,1582,2024-06-02,6,24
6263,1582,2024-08-27,10,36
6264,1582,2024-08-27,3,48
6265,1582,2024-08-27,4,45
6266,1582,2024-08-27,5,54
6267,1582,2024-04-27,9,15
6268,1582,2024-04-27,4,32
6269,1582,2024-12-19,1,59
6270,1582,2024-12-19,2,74
6271,1582,2024-12-19,4,15
6272,1582,2024-12-19,8,27
6273,1582,2024-12-19,10,48
6274,1583,2024-11-10,1,35
6275,1583,2024-11-10,9,63
6276,1583,2024-11-10,3,26
6277,1584,2024-10-29,4,47
6278,1584,2024-10-29,5,23
6279,1584,2024-10-29,8,47
6280,1585,2024-12-30,1,40
6281,1585,2024-12-30,2,72
6282,1585,2024-12-30,3,31
6283,1585,2024-12-30,4,61
6284,1586,2024-06-21,7,65
6285,1587,2024-07-21,8,26
6286,1588,2024-07-04,1,12
6287,1588,2024-07-04,5,11
6288,1589,2024-10-14,4,63
6289,1590,2024-07-25,3,50
6290,1590,2024-07-25,4,35
6291,1590,2024-07-25,5,10
6292,1590,2024-07-25,6,28
6293,1591,2024-07-25,1,26
6294,1592,2024-12-07,1,37
6295,1592,2024-12-07,2,32
6296,1592,2024-12-07,3,29
6297,1592,2024-12-07,4,39
6298,1592,2024-12-07,7,31
6299,1593,2024-12-21,1,60
6300,1593,2024-12-21,2,17
6301,1594,2024-12-06,1,44
6302,1594,2024-12-06,2,31
6303,1594,2024-12-06,4,31
6304,1594,2024-12-06,5,37
6305,1594,2024-12-06,6,34
6306,1595,2024-10-27,1,48
6307,1595,2024-10-27,9,64
6308,1595,2024-09-25,1,22
6309,1595,2024-09-25,3,75
6310,1595,2024-09-25,4,61
6311,1595,2024-02-05,1,24
6312,1595,2024-02-05,8,40
6313,1596,2024-04-21,3,50
6314,1596,2024-04-21,6,32
6315,1597,2024-03-14,6,54
6316,1598,2024-12-14,1,71
6317,1598,2024-12-14,2,13
6318,1598,2024-12-14,7,16
6319,1599,2024-07-08,10,73
6320,1599,2024-07-08,8,43
6321,1600,2024-12-03,1,67
6322,1600,2024-12-03,2,35
6323,1601,2024-12-03,2,42
6324,1602,2024-09-27,1,44
6325,1602,2024-09-27,2,38
6326,1602,2024-09-27,7,28
6327,1602,2024-09-27,10,16
6328,1603,2024-07-21,3,10
6329,1604,2024-12-26,2,58
6330,1604,2024-12-26,3,71
6331,1604,2024-12-26,5,56
6332,1605,2024-07-27,2,50
6333,1605,2024-07-27,4,69
6334,1605,2024-07-27,6,39
6335,1605,2024-07-27,8,38
6336,1605,2024-07-27,9,39
6337,1606,2024-02-15,10,14
6338,1606,2024-02-15,3,33
6339,1606,2024-02-15,4,41
6340,1607,2024-09-20,9,17
6341,1607,2024-09-20,10,51
6342,1607,2024-09-20,4,65
6343,1607,2024-09-20,6,47
6344,1608,2024-12-28,1,25
6345,1608,2024-12-28,2,29
6346,1608,2024-12-28,3,15
6347,1608,2024-12-28,5,69
6348,1609,2024-09-22,1,55
6349,1609,2024-09-22,4,30
6350,1609,2024-09-22,5,30
6351,1609,2024-09-22,7,43
6352,1609,2024-09-22,8,27
6353,1610,2024-03-15,1,67
6354,1610,2024-03-15,2,29
6355,1610,2024-03-15,3,16
6356,1611,2024-12-05,3,12
6357,1612,2024-01-24,1,51
6358,1612,2024-07-28,2,47
6359,1612,2024-07-28,3,71
6360,1613,2024-10-06,1,63
6361,1613,2024-10-06,2,68
6362,1614,2024-02-28,2,75
6363,1614,2024-02-28,4,15
6364,1614,2024-02-28,8,72
6365,1615,2024-09-06,5,72
6366,1615,2024-12-10,1,12
6367,1615,2024-12-10,4,31
6368,1615,2024-12-10,6,46
6369,1615,2024-12-10,7,27
6370,1615,2024-08-05,5,11
6371,1615,2024-08-05,6,37
6372,1616,2024-09-05,2,71
6373,1616,2024-09-05,8,25
6374,1616,2024-09-17,1,35
6375,1616,2024-09-17,5,34
6376,1616,2024-09-17,7,17
6377,1616,2024-12-24,4,11
6378,1616,2024-12-24,7,34
6379,1617,2024-03-15,1,66
6380,1617,2024-03-15,2,38
6381,1617,2024-03-15,9,23
6382,1618,2024-10-15,9,13
6383,1618,2024-10-15,4,44
6384,1619,2024-02-11,1,73
6385,1619,2024-02-11,5,56
6386,1619,2024-02-11,6,69
6387,1619,2024-02-11,8,39
6388,1619,2024-02-11,10,27
6389,1619,2024-05-16,1,71
6390,1619,2024-05-16,5,14
6391,1620,2024-06-22,2,60
6392,1620,2024-06-22,4,36
6393,1620,2024-06-22,5,22
6394,1620,2024-06-22,7,14
6395,1620,2024-06-22,8,63
6396,1620,2024-10-04,1,68
6397,1620,2024-10-04,9,63
6398,1621,2024-09-06,6,18
6399,1621,2024-09-06,8,59
6400,1622,2024-07-10,1,58
6401,1622,2024-07-10,2,62
6402,1622,2024-07-10,3,42
6403,1622,2024-07-10,4,44
6404,1623,2024-05-08,1,15
6405,1623,2024-05-08,2,23
6406,1623,2024-05-08,4,53
6407,1624,2024-01-13,10,51
6408,1624,2024-01-13,3,52
6409,1624,2024-01-13,5,68
6410,1625,2024-09-19,1,74
6411,1626,2024-11-28,4,27
6412,1627,2024-08-10,1,26
6413,1627,2024-08-10,2,30
6414,1627,2024-08-10,4,70
6415,1628,2024-11-14,3,57
6416,1628,2024-11-14,8,30
6417,1628,2024-07-29,5,31
6418,1629,2024-05-25,9,40
6419,1629,2024-05-25,5,18
6420,1629,2024-05-25,6,25
6421,1630,2024-11-08,1,39
6422,1630,2024-11-08,2,30
6423,1630,2024-11-08,3,63
6424,1631,2024-11-25,1,66
6425,1631,2024-11-25,2,69
6426,1631,2024-11-25,3,24
6427,1631,2024-11-25,4,75
6428,1631,2024-12-20,2,48
6429,1631,2024-12-20,3,60
6430,1631,2024-12-20,5,52
6431,1632,2024-12-19,1,39
6432,1632,2024-12-19,2,43
6433,1632,2024-12-19,3,65
6434,1632,2024-12-19,6,74
6435,1632,2024-10-28,1,30
6436,1632,2024-10-28,3,26
6437,1632,2024-10-28,5,21
6438,1632,2024-10-28,6,73
6439,1632,2024-11-08,1,10
6440,1632,2024-11-08,2,18
6441,1632,2024-11-08,3,20
6442,1632,2024-11-08,6,11
6443,1633,2024-03-17,1,70
6444,1634,2024-09-20,2,62
6445,1634,2024-09-20,4,36
6446,1634,2024-09-20,10,71
6447,1634,2024-09-20,8,42
6448,1635,2024-12-28,4,72
6449,1636,2024-11-21,2,33
6450,1637,2024-11-07,2,21
6451,1637,2024-11-07,6,35
6452,1638,2024-12-08,1,70
6453,1638,2024-12-08,5,43
6454,1639,2024-09-28,2,46
6455,1639,2024-09-28,5,46
6456,1639,2024-09-28,8,71
6457,1640,2024-09-17,3,32
6458,1640,2024-09-17,8,47
6459,1641,2024-08-10,6,68
6460,1641,2024-08-10,7,19
6461,1642,2024-01-04,2,43
6462,1642,2024-01-04,3,26
6463,1643,2024-09-30,5,58
6464,1644,2024-09-19,2,64
6465,1645,2024-07-23,1,26
6466,1645,2024-07-23,2,50
6467,1645,2024-07-23,7,36
6468,1645,2024-07-23,8,13
6469,1645,2024-07-23,10,73
6470,1646,2024-02-15,1,19
6471,1646,2024-02-15,3,32
6472,1646,2024-02-15,4,20
6473,1646,2024-02-15,7,30
6474,1646,2024-05-27,9,24
6475,1646,2024-05-27,2,56
6476,1646,2024-05-27,6,65
6477,1646,2024-05-27,7,71
6478,1646,2024-01-06,1,59
6479,1647,2024-03-15,1,23
6480,1647,2024-03-15,2,35
6481,1648,2024-01-19,1,74
6482,1648,2024-01-19,2,46
6483,1649,2024-04-19,2,33
6484,1649,2024-04-19,5,74
6485,1649,2024-04-19,7,42
6486,1649,2024-05-28,6,22
6487,1650,2024-10-06,2,17
6488,1650,2024-10-06,5,15
6489,1651,2024-07-12,1,30
6490,1651,2024-07-12,2,74
6491,1651,2024-07-12,10,25
6492,1652,2024-06-25,2,60
6493,1652,2024-06-25,8,63
6494,1653,2024-12-15,1,22
6495,1653,2024-12-15,4,72
6496,1653,2024-12-15,5,31
6497,1653,2024-12-15,8,44
6498,1654,2024-11-20,5,37
6499,1654,2024-12-01,2,43
6500,1654,2024-12-01,3,24
6501,1654,2024-12-01,8,48
6502,1655,2024-01-05,6,58
6503,1656,2024-12-12,10,51
6504,1656,2024-12-12,4,18
6505,1656,2024-12-12,7,29
6506,1657,2024-04-14,4,44
6507,1658,2024-05-05,2,43
6508,1658,2024-05-05,6,15
6509,1658,2024-05-05,8,57
6510,1659,2024-09-17,2,37
6511,1659,2024-09-17,4,42
6512,1659,2024-09-17,6,16
6513,1659,2024-09-17,7,22
6514,1660,2024-12-04,7,56
6515,1661,2024-05-26,4,70
6516,1661,2024-05-26,5,31
6517,1662,2024-07-24,8,70
6518,1662,2024-02-28,1,41
6519,1662,2024-02-28,2,25
6520,1662,2024-02-28,8,30
6521,1662,2024-12-12,9,44
6522,1662,2024-12-12,1,46
6523,1662,2024-11-20,1,50
6524,1662,2024-11-20,2,26
6525,1662,2024-11-20,5,52
6526,1662,2024-11-20,7,42
6527,1662,2024-11-20,9,64
6528,1663,2024-12-28,9,72
6529,1663,2024-12-28,1,34
6530,1663,2024-12-28,3,11
6531,1663,2024-12-28,5,66
6532,1664,2024-10-08,3,61
6533,1664,2024-10-08,4,64
6534,1664,2024-10-08,8,33
6535,1665,2024-07-10,2,14
6536,1665,2024-07-10,4,68
6537,1665,2024-07-10,5,36
6538,1665,2024-07-10,6,69
6539,1666,2024-04-21,1,24
6540,1666,2024-04-21,9,73
6541,1667,2024-02-06,1,55
6542,1667,2024-02-06,2,48
6543,1667,2024-02-06,3,42
6544,1668,2024-06-02,5,33
6545,1669,2024-05-17,1,51
6546,1669,2024-05-17,9,45
6547,1669,2024-05-17,5,48
6548,1669,2024-05-17,2,19
6549,1670,2024-03-17,4,51
6550,1670,2024-03-17,7,61
6551,1671,2024-10-22,5,27
6552,1672,2024-01-11,1,75
6553,1672,2024-01-11,2,61
6554,1672,2024-01-11,5,34
6555,1672,2024-01-11,6,63
6556,1672,2024-04-03,1,14
6557,1672,2024-04-03,2,70
6558,1672,2024-04-03,3,10
6559,1672,2024-04-03,4,43
6560,1672,2024-12-09,2,72
6561,1672,2024-12-09,5,57
6562,1673,2024-12-26,1,14
6563,1673,2024-12-26,3,43
6564,1673,2024-12-26,8,51
6565,1674,2024-01-30,2,60
6566,1674,2024-01-30,5,23
6567,1674,2024-01-30,6,32
6568,1675,2024-07-13,2,56
6569,1675,2024-07-13,4,52
6570,1675,2024-07-13,6,74
6571,1676,2024-04-26,1,71
6572,1676,2024-04-26,3,75
6573,1676,2024-04-26,4,20
6574,1676,2024-09-09,1,19
6575,1676,2024-09-09,3,23
6576,1676,2024-09-09,4,74
6577,1676,2024-09-09,6,67
6578,1676,2024-07-14,1,33
6579,1676,2024-07-14,5,20
6580,1676,2024-05-10,10,69
6581,1676,2024-05-10,5,46
6582,1676,2024-05-10,6,71
6583,1676,2024-05-10,2,69
6584,1677,2024-09-16,3,53
6585,1678,2024-08-26,1,57
6586,1678,2024-08-26,4,63
6587,1679,2024-08-17,9,69
6588,1679,2024-08-17,6,56
6589,1679,2024-09-12,1,51
6590,1679,2024-09-12,9,64
6591,1679,2024-09-12,6,56
6592,1679,2024-07-11,1,20
6593,1679,2024-07-11,3,54
6594,1679,2024-07-19,1,20
6595,1679,2024-07-19,3,17
6596,1679,2024-07-19,4,57
6597,1679,2024-07-19,6,26
6598,1680,2024-06-08,1,42
6599,1680,2024-06-08,10,60
6600,1680,2024-06-08,4,40
6601,1680,2024-10-13,3,45
6602,1681,2024-01-05,1,35
6603,1681,2024-01-05,10,30
6604,1681,2024-01-05,3,40
6605,1681,2024-01-05,2,72
6606,1681,2024-09-22,2,35
6607,1681,2024-09-22,7,38
6608,1682,2024-10-01,2,41
6609,1682,2024-10-01,5,29
6610,1683,2024-10-19,9,31
6611,1683,2024-10-19,4,74
6612,1683,2024-10-19,7,32
6613,1684,2024-02-10,9,60
6614,1685,2024-07-04,2,21
6615,1685,2024-07-04,3,14
6616,1685,2024-07-28,1,36
6617,1685,2024-07-28,4,31
6618,1685,2024-04-16,1,75
6619,1685,2024-04-16,3,61
6620,1685,2024-04-16,7,42
6621,1686,2024-01-27,4,18
6622,1686,2024-01-27,5,60
6623,1686,2024-01-27,8,28
6624,1687,2024-06-08,1,47
6625,1687,2024-06-08,2,30
6626,1687,2024-06-08,5,55
6627,1687,2024-06-08,6,17
6628,1688,2024-10-05,1,24
6629,1689,2024-10-24,9,30
6630,1689,2024-10-24,2,71
6631,1689,2024-10-24,3,19
6632,1689,2024-09-01,1,27
6633,1689,2024-09-01,3,34
6634,1690,2024-04-29,1,16
6635,1690,2024-04-29,4,70
6636,1691,2024-09-13,1,69
6637,1692,2024-10-11,1,58
6638,1692,2024-10-11,2,43
6639,1693,2024-05-07,1,35
6640,1693,2024-05-07,4,22
6641,1693,2024-05-07,6,26
6642,1693,2024-05-07,7,36
6643,1694,2024-06-26,1,38
6644,1694,2024-06-26,2,44
6645,1695,2024-04-15,1,38
6646,1695,2024-04-15,2,67
6647,1695,2024-04-15,3,54
6648,1695,2024-04-15,5,23
6649,1695,2024-04-15,7,48
6650,1696,2024-02-03,2,62
6651,1697,2024-05-23,1,68
6652,1697,2024-05-23,9,34
6653,1697,2024-05-23,4,26
6654,1698,2024-04-17,1,62
6655,1698,2024-04-17,2,37
6656,1698,2024-04-17,4,56
6657,1698,2024-04-17,7,56
6658,1699,2024-06-22,1,18
6659,1699,2024-06-22,10,20
6660,1699,2024-06-22,5,43
6661,1700,2024-07-09,2,56
6662,1700,2024-07-09,6,40
6663,1700,2024-07-09,8,10
6664,1701,2024-10-16,6,59
6665,1702,2024-06-11,1,47
6666,1702,2024-06-11,2,42
6667,1702,2024-06-11,6,56
6668,1703,2024-12-23,1,14
6669,1703,2024-12-23,2,36
6670,1703,2024-12-23,4,74
6671,1703,2024-12-23,9,70
6672,1704,2024-06-30,5,19
6673,1705,2024-03-07,5,12
6674,1705,2024-03-07,7,46
6675,1706,2024-06-15,1,22
6676,1706,2024-06-15,9,10
6677,1706,2024-09-24,2,72
6678,1706,2024-05-07,1,65
6679,1706,2024-05-07,2,50
6680,1706,2024-05-07,3,48
6681,1706,2024-06-23,9,65
6682,1706,2024-06-23,2,59
6683,1707,2024-04-23,1,51
6684,1707,2024-04-23,5,44
6685,1708,2024-06-29,1,58
6686,1708,2024-06-29,3,73
6687,1708,2024-06-29,7,37
6688,1708,2024-12-08,3,14
6689,1708,2024-12-08,5,69
6690,1708,2024-12-08,6,11
6691,1708,2024-12-08,7,58
6692,1709,2024-12-26,1,40
6693,1709,2024-12-26,5,52
6694,1710,2024-11-25,1,52
6695,1710,2024-11-25,4,20
6696,1710,2024-11-25,6,69
6697,1710,2024-11-25,9,56
6698,1710,2024-11-25,10,27
6699,1711,2024-12-20,2,71
6700,1711,2024-12-09,1,35
6701,1712,2024-11-05,5,67
6702,1713,2024-03-13,1,37
6703,1713,2024-03-13,2,30
6704,1713,2024-03-13,8,68
6705,1714,2024-04-08,2,60
6706,1714,2024-04-08,5,30
6707,1715,2024-12-04,2,36
6708,1715,2024-12-04,3,48
6709,1716,2024-01-23,2,39
6710,1716,2024-01-23,6,10
6711,1716,2024-01-23,8,19
6712,1716,2024-02-05,3,56
6713,1716,2024-02-05,8,13
6714,1716,2024-08-08,4,51
6715,1716,2024-08-08,7,47
6716,1717,2024-01-18,4,31
6717,1717,2024-04-15,2,73
6718,1718,2024-06-12,7,25
6719,1718,2024-11-27,2,44
6720,1718,2024-09-08,2,15
6721,1718,2024-01-13,4,15
6722,1718,2024-01-13,7,62
6723,1719,2024-07-08,1,71
6724,1720,2024-03-02,2,48
6725,1720,2024-03-02,3,29
6726,1720,2024-03-02,4,30
6727,1720,2024-03-02,5,54
6728,1720,2024-10-05,3,55
6729,1720,2024-10-05,7,69
6730,1721,2024-07-22,2,47
6731,1721,2024-07-22,3,49
6732,1721,2024-07-22,6,28
6733,1721,2024-12-19,1,56
6734,1721,2024-12-19,3,26
6735,1721,2024-12-19,4,62
6736,1721,2024-04-25,2,32
6737,1721,2024-04-25,6,21
6738,1721,2024-04-25,7,64
6739,1722,2024-04-30,1,23
6740,1722,2024-04-30,9,45
6741,1722,2024-04-30,2,67
6742,1723,2024-09-17,5,33
6743,1724,2024-12-25,6,38
6744,1724,2024-03-06,3,25
6745,1724,2024-03-06,5,32
6746,1725,2024-06-06,1,37
6747,1725,2024-06-06,4,58
6748,1726,2024-12-08,10,72
6749,1726,2024-12-08,6,53
6750,1726,2024-04-21,2,48
6751,1726,2024-04-21,6,71
6752,1727,2024-12-24,2,65
6753,1727,2024-12-24,5,50
6754,1727,2024-12-24,6,55
6755,1727,2024-12-24,8,75
6756,1728,2024-11-09,3,55
6757,1728,2024-11-09,7,48
6758,1728,2024-09-11,1,72
6759,1728,2024-09-11,4,38
6760,1728,2024-09-11,7,13
6761,1728,2024-09-11,8,41
6762,1729,2024-07-29,9,44
6763,1729,2024-07-29,10,49
6764,1729,2024-07-29,6,26
6765,1730,2024-03-14,1,12
6766,1730,2024-03-14,3,68
6767,1730,2024-03-14,4,50
6768,1730,2024-03-14,6,13
6769,1731,2024-02-19,1,55
6770,1731,2024-02-19,3,56
6771,1731,2024-02-19,6,22
6772,1732,2024-04-17,3,48
6773,1732,2024-11-16,1,58
6774,1732,2024-11-16,4,23
6775,1732,2024-11-16,5,21
6776,1732,2024-11-16,7,57
6777,1733,2024-07-15,1,26
6778,1733,2024-07-15,3,68
6779,1733,2024-07-15,4,11
6780,1733,2024-07-15,6,20
6781,1734,2024-07-11,4,24
6782,1734,2024-07-11,8,55
6783,1735,2024-11-18,1,57
6784,1735,2024-11-18,3,18
6785,1735,2024-11-18,8,22
6786,1736,2024-05-29,1,44
6787,1736,2024-05-29,10,41
6788,1736,2024-05-29,3,52
6789,1736,2024-05-29,5,29
6790,1736,2024-10-26,6,48
6791,1736,2024-10-26,8,67
6792,1736,2024-10-10,4,10
6793,1737,2024-12-18,1,23
6794,1737,2024-12-18,5,14
6795,1738,2024-04-07,1,27
6796,1738,2024-04-07,9,25
6797,1738,2024-04-07,6,33
6798,1738,2024-04-07,2,40
6799,1738,2024-03-27,7,35
6800,1739,2024-06-11,4,17
6801,1739,2024-06-11,7,51
6802,1740,2024-01-21,9,20
6803,1740,2024-01-21,2,66
6804,1740,2024-01-21,6,27
6805,1740,2024-01-21,10,20
6806,1741,2024-07-19,5,45
6807,1742,2024-10-03,2,59
6808,1742,2024-10-03,4,68
6809,1742,2024-10-03,7,12
6810,1743,2024-12-28,4,73
6811,1743,2024-03-17,9,56
6812,1743,2024-03-17,2,34
6813,1743,2024-03-17,1,23
6814,1744,2024-07-28,1,73
6815,1744,2024-07-28,10,34
6816,1744,2024-07-28,3,42
6817,1744,2024-07-28,2,23
6818,1745,2024-07-26,2,12
6819,1745,2024-07-26,7,53
6820,1746,2024-07-18,3,42
6821,1746,2024-07-18,5,71
6822,1746,2024-07-18,7,24
6823,1746,2024-11-21,1,24
6824,1746,2024-11-21,3,34
6825,1746,2024-11-21,4,21
6826,1746,2024-11-21,7,47
6827,1746,2024-02-28,9,46
6828,1746,2024-02-28,6,11
6829,1746,2024-02-28,8,69
6830,1747,2024-12-11,6,66
6831,1747,2024-12-11,7,42
6832,1748,2024-04-18,2,48
6833,1748,2024-04-18,4,16
6834,1748,2024-04-18,5,32
6835,1749,2024-12-09,1,58
6836,1749,2024-12-09,6,10
6837,1749,2024-04-26,1,64
6838,1749,2024-04-26,10,65
6839,1749,2024-12-22,1,46
6840,1749,2024-12-22,4,42
6841,1749,2024-12-22,6,44
6842,1750,2024-07-23,1,14
6843,1750,2024-07-23,7,61
6844,1750,2024-07-23,8,66
6845,1751,2024-10-27,1,34
6846,1751,2024-10-27,2,11
6847,1751,2024-10-27,6,63
6848,1752,2024-07-06,2,72
6849,1752,2024-07-06,6,23
6850,1752,2024-01-14,5,42
6851,1752,2024-04-12,2,54
6852,1752,2024-04-12,8,44
6853,1753,2024-05-10,3,40
6854,1753,2024-05-10,7,53
6855,1754,2024-03-05,4,68
6856,1754,2024-03-05,5,26
6857,1755,2024-06-04,10,75
6858,1755,2024-06-04,3,34
6859,1755,2024-06-04,5,31
6860,1756,2024-01-25,7,38
6861,1756,2024-01-25,8,53
6862,1756,2024-04-12,1,33
6863,1757,2024-07-15,9,34
6864,1757,2024-07-15,2,39
6865,1757,2024-07-15,3,42
6866,1757,2024-07-15,4,72
6867,1758,2024-04-08,2,71
6868,1759,2024-04-20,2,73
6869,1759,2024-04-29,1,30
6870,1759,2024-04-29,6,15
6871,1759,2024-09-08,6,11
6872,1760,2024-11-01,2,27
6873,1760,2024-11-01,10,16
6874,1760,2024-10-27,2,71
6875,1760,2024-10-27,7,36
6876,1761,2024-04-15,1,16
6877,1761,2024-04-15,2,26
6878,1761,2024-04-15,7,22
6879,1761,2024-04-15,8,50
6880,1762,2024-05-05,1,34
6881,1762,2024-05-05,2,62
6882,1762,2024-05-05,4,53
6883,1763,2024-07-04,1,51
6884,1763,2024-07-04,2,24
6885,1763,2024-07-04,4,38
6886,1763,2024-07-04,5,49
6887,1764,2024-06-26,2,30
6888,1764,2024-06-26,6,59
6889,1764,2024-06-26,7,73
6890,1764,2024-02-23,1,29
6891,1764,2024-02-23,4,36
6892,1764,2024-02-23,7,21
6893,1764,2024-02-23,8,74
6894,1765,2024-07-30,2,48
6895,1765,2024-07-30,3,33
6896,1765,2024-07-30,4,75
6897,1766,2024-02-06,4,22
6898,1767,2024-12-28,1,47
6899,1767,2024-12-28,2,69
6900,1767,2024-12-28,4,68
6901,1767,2024-03-13,6,43
6902,1768,2024-06-27,1,64
6903,1768,2024-06-27,9,57
6904,1768,2024-06-27,2,44
6905,1768,2024-09-29,1,71
6906,1768,2024-09-29,10,45
6907,1768,2024-09-29,3,12
6908,1768,2024-10-04,1,43
6909,1768,2024-10-04,2,56
6910,1768,2024-10-04,4,62
6911,1769,2024-11-25,2,48
6912,1769,2024-11-25,7,51
6913,1770,2024-07-04,1,37
6914,1770,2024-07-04,5,16
6915,1770,2024-07-04,7,48
6916,1770,2024-05-13,2,56
6917,1770,2024-05-13,3,65
6918,1771,2024-07-12,1,37
6919,1772,2024-01-28,2,22
6920,1772,2024-01-28,6,49
6921,1772,2024-03-14,3,36
6922,1772,2024-03-14,4,75
6923,1772,2024-03-14,6,29
6924,1773,2024-04-28,1,46
6925,1773,2024-04-28,5,38
6926,1773,2024-04-28,7,70
6927,1774,2024-12-14,5,30
6928,1774,2024-12-14,6,16
6929,1775,2024-10-24,9,75
6930,1775,2024-10-24,1,63
6931,1775,2024-10-24,5,67
6932,1775,2024-10-24,6,43
6933,1775,2024-10-07,10,67
6934,1775,2024-10-07,3,35
6935,1775,2024-10-07,6,26
6936,1776,2024-01-05,3,21
6937,1777,2024-07-05,3,42
6938,1778,2024-11-28,10,60
6939,1778,2024-11-28,5,73
6940,1778,2024-11-28,7,20
6941,1778,2024-06-07,1,69
6942,1778,2024-06-07,2,44
6943,1778,2024-06-07,3,12
6944,1778,2024-06-07,6,54
6945,1779,2024-01-19,1,48
6946,1779,2024-01-19,7,50
6947,1779,2024-07-19,7,71
6948,1780,2024-02-17,1,66
6949,1781,2024-07-09,1,31
6950,1781,2024-07-09,2,52
6951,1781,2024-07-09,10,74
6952,1782,2024-08-03,1,40
6953,1782,2024-08-03,5,54
6954,1782,2024-08-03,8,67
6955,1783,2024-10-07,1,24
6956,1783,2024-10-07,2,14
6957,1783,2024-10-07,4,13
6958,1784,2024-09-28,1,61
6959,1784,2024-09-28,4,14
6960,1784,2024-09-28,5,25
6961,1785,2024-07-28,2,68
6962,1785,2024-07-28,4,32
6963,1786,2024-12-08,1,19
6964,1786,2024-12-08,2,11
6965,1786,2024-12-08,5,65
6966,1786,2024-12-08,6,65
6967,1786,2024-10-15,1,55
6968,1786,2024-10-15,2,67
6969,1786,2024-10-15,5,12
6970,1786,2024-10-15,7,37
6971,1786,2024-04-26,1,44
6972,1786,2024-04-26,2,29
6973,1786,2024-04-26,7,30
6974,1787,2024-11-13,4,74
6975,1787,2024-11-13,7,45
6976,1788,2024-06-15,9,63
6977,1788,2024-06-15,3,46
6978,1788,2024-06-15,4,46
6979,1788,2024-06-15,5,19
6980,1789,2024-07-24,1,58
6981,1789,2024-07-24,2,14
6982,1790,2024-11-13,4,15
6983,1790,2024-11-13,5,60
6984,1790,2024-11-13,6,28
6985,1790,2024-12-28,1,36
6986,1790,2024-12-28,2,58
6987,1790,2024-12-28,3,21
6988,1790,2024-12-28,6,24
6989,1790,2024-04-04,10,70
6990,1790,2024-04-04,7,17
6991,1791,2024-10-23,3,74
6992,1791,2024-10-23,8,45
6993,1792,2024-12-17,9,16
6994,1792,2024-12-17,4,65
6995,1792,2024-12-17,6,42
6996,1792,2024-12-17,8,62
6997,1793,2024-06-26,2,45
6998,1794,2024-03-12,2,15
6999,1794,2024-03-12,4,25
7000,1794,2024-03-12,7,65
7001,1794,2024-03-12,8,64
7002,1795,2024-08-15,2,52
7003,1795,2024-08-15,3,39
7004,1795,2024-08-15,10,27
7005,1795,2024-08-15,8,49
7006,1796,2024-09-12,2,60
7007,1796,2024-09-12,3,19
7008,1796,2024-11-27,1,60
7009,1796,2024-11-27,2,24
7010,1796,2024-11-27,4,57
7011,1796,2024-11-27,6,66
7012,1796,2024-03-20,10,34
7013,1796,2024-03-20,7,60
7014,1796,2024-03-20,8,35
7015,1797,2024-08-11,1,19
7016,1797,2024-08-11,2,65
7017,1797,2024-08-11,6,51
7018,1797,2024-05-05,1,28
7019,1797,2024-05-05,2,15
7020,1797,2024-05-05,3,42
7021,1797,2024-05-05,8,62
7022,1797,2024-02-14,2,38
7023,1797,2024-02-14,3,59
7024,1798,2024-08-07,10,24
7025,1798,2024-08-07,3,36
7026,1799,2024-05-27,1,46
7027,1799,2024-05-27,5,33
7028,1799,2024-05-27,8,22
7029,1800,2024-03-12,2,33
7030,1800,2024-07-06,2,67
7031,1800,2024-12-26,9,32
7032,1800,2024-12-26,1,39
7033,1800,2024-12-26,3,35
7034,1800,2024-12-26,6,52
7035,1801,2024-05-08,9,73
7036,1801,2024-05-08,2,70
7037,1801,2024-05-08,4,54
7038,1801,2024-05-08,7,10
7039,1801,2024-02-12,1,26
7040,1802,2024-03-08,1,36
7041,1802,2024-03-08,5,66
7042,1802,2024-03-08,7,11
7043,1802,2024-03-08,8,46
7044,1803,2024-03-16,6,51
7045,1803,2024-03-16,8,16
7046,1804,2024-06-05,1,38
7047,1804,2024-06-05,9,29
7048,1804,2024-06-05,4,27
7049,1804,2024-06-05,5,35
7050,1805,2024-12-29,4,28
7051,1805,2024-12-29,5,65
7052,1805,2024-12-29,6,38
7053,1806,2024-12-19,2,11
7054,1806,2024-12-17,6,37
7055,1807,2024-11-20,4,65
7056,1807,2024-11-20,7,68
7057,1807,2024-10-26,9,48
7058,1807,2024-10-26,3,17
7059,1807,2024-12-21,3,56
7060,1807,2024-12-21,4,63
7061,1808,2024-12-23,8,50
7062,1808,2024-09-26,1,46
7063,1808,2024-09-26,9,29
7064,1808,2024-09-26,3,33
7065,1808,2024-12-18,9,72
7066,1808,2024-12-18,1,74
7067,1809,2024-10-02,4,28
7068,1809,2024-10-02,6,15
7069,1809,2024-10-02,8,18
7070,1810,2024-04-10,10,19
7071,1811,2024-04-24,3,39
7072,1811,2024-10-30,1,73
7073,1811,2024-10-30,6,48
7074,1811,2024-09-16,1,49
7075,1811,2024-09-16,4,44
7076,1811,2024-09-16,7,25
7077,1811,2024-09-16,8,10
7078,1811,2024-12-12,9,41
7079,1811,2024-12-12,2,72
7080,1811,2024-12-12,6,47
7081,1811,2024-12-12,1,27
7082,1812,2024-01-06,2,74
7083,1812,2024-01-06,4,52
7084,1812,2024-01-06,7,43
7085,1812,2024-08-27,1,34
7086,1812,2024-08-27,2,20
7087,1812,2024-08-27,6,17
7088,1813,2024-12-26,1,40
7089,1813,2024-12-26,3,66
7090,1813,2024-12-26,8,32
7091,1814,2024-07-03,9,13
7092,1814,2024-07-03,8,29
7093,1814,2024-12-25,1,59
7094,1814,2024-12-25,4,36
7095,1814,2024-12-15,1,58
7096,1815,2024-05-08,3,46
7097,1815,2024-05-08,4,18
7098,1815,2024-06-08,9,63
7099,1815,2024-06-08,3,21
7100,1815,2024-06-08,6,70
7101,1815,2024-06-08,7,64
7102,1816,2024-10-15,1,48
7103,1816,2024-10-15,9,31
7104,1816,2024-10-15,3,73
7105,1816,2024-10-15,8,56
7106,1817,2024-08-27,1,16
7107,1817,2024-08-27,9,13
7108,1817,2024-08-27,5,29
7109,1817,2024-08-27,2,54
7110,1818,2024-12-22,1,30
7111,1818,2024-12-22,2,51
7112,1818,2024-12-22,3,25
7113,1818,2024-12-22,5,50
7114,1819,2024-03-24,7,75
7115,1819,2024-03-24,8,13
7116,1820,2024-02-19,2,63
7117,1821,2024-05-28,7,45
7118,1821,2024-09-28,1,52
7119,1821,2024-09-28,2,21
7120,1821,2024-09-28,4,70
7121,1822,2024-12-22,8,26
7122,1823,2024-07-04,6,71
7123,1824,2024-06-14,7,66
7124,1824,2024-06-14,8,66
7125,1825,2024-02-28,9,42
7126,1825,2024-02-28,1,47
7127,1825,2024-02-28,3,24
7128,1826,2024-06-29,1,16
7129,1826,2024-06-29,2,32
7130,1826,2024-04-19,1,71
7131,1826,2024-04-08,1,27
7132,1826,2024-04-08,2,35
7133,1826,2024-04-08,7,52
7134,1827,2024-03-14,3,69
7135,1828,2024-04-13,5,57
7136,1828,2024-04-13,6,70
7137,1828,2024-04-13,7,16
7138,1829,2024-12-21,1,14
7139,1829,2024-12-21,4,43
7140,1829,2024-12-21,8,22
7141,1829,2024-12-21,9,58
7142,1829,2024-12-21,10,22
7143,1829,2024-10-08,2,48
7144,1829,2024-10-08,7,24
7145,1830,2024-06-01,3,46
7146,1830,2024-06-01,4,63
7147,1830,2024-06-01,5,47
7148,1830,2024-06-01,7,39
7149,1831,2024-04-07,1,12
7150,1831,2024-04-07,10,37
7151,1832,2024-01-27,5,53
7152,1833,2024-09-21,2,53
7153,1833,2024-09-21,4,10
7154,1833,2024-09-21,6,65
7155,1834,2024-07-07,2,14
7156,1834,2024-07-07,4,45
7157,1835,2024-02-04,1,35
7158,1835,2024-02-04,2,40
7159,1835,2024-02-04,4,37
7160,1835,2024-02-04,7,18
7161,1836,2024-12-11,7,36
7162,1837,2024-04-18,2,17
7163,1837,2024-04-18,3,30
7164,1837,2024-04-18,4,27
7165,1837,2024-04-18,7,11
7166,1837,2024-12-18,1,29
7167,1837,2024-12-18,9,67
7168,1837,2024-12-18,5,57
7169,1837,2024-12-18,6,18
7170,1837,2024-06-05,9,45
7171,1837,2024-06-05,7,60
7172,1838,2024-10-01,1,22
7173,1838,2024-10-01,2,42
7174,1839,2024-12-12,1,68
7175,1839,2024-12-12,2,74
7176,1840,2024-06-10,1,66
7177,1840,2024-06-10,2,19
7178,1841,2024-10-04,1,38
7179,1841,2024-10-04,5,24
7180,1841,2024-10-04,6,66
7181,1842,2024-07-22,2,65
7182,1842,2024-07-22,4,35
7183,1843,2024-06-26,1,40
7184,1843,2024-06-26,2,69
7185,1844,2024-07-25,2,58
7186,1844,2024-07-25,3,22
7187,1844,2024-11-20,9,12
7188,1844,2024-11-20,1,16
7189,1844,2024-07-16,1,35
7190,1844,2024-12-09,2,53
7191,1844,2024-12-09,4,14
7192,1844,2024-12-09,7,15
7193,1845,2024-12-03,1,44
7194,1845,2024-12-03,3,11
7195,1846,2024-07-04,2,43
7196,1846,2024-07-04,4,27
7197,1846,2024-07-04,5,39
7198,1846,2024-07-04,10,54
7199,1847,2024-11-19,5,14
7200,1848,2024-11-08,2,24
7201,1848,2024-11-08,7,48
7202,1848,2024-06-06,1,45
7203,1848,2024-06-06,4,46
7204,1848,2024-06-06,6,72
7205,1848,2024-05-12,9,35
7206,1848,2024-05-12,3,29
7207,1848,2024-05-12,5,10
7208,1848,2024-04-30,1,56
7209,1848,2024-04-30,2,69
7210,1848,2024-04-30,10,10
7211,1849,2024-11-24,1,39
7212,1849,2024-11-24,7,11
7213,1849,2024-11-24,8,47
7214,1850,2024-04-27,2,24
7215,1851,2024-12-27,4,28
7216,1851,2024-12-27,8,59
7217,1852,2024-04-01,9,24
7218,1852,2024-04-01,2,43
7219,1852,2024-04-01,3,11
7220,1852,2024-10-03,2,12
7221,1852,2024-10-03,4,16
7222,1853,2024-06-27,1,48
7223,1853,2024-06-27,4,11
7224,1853,2024-06-27,5,72
7225,1854,2024-02-29,2,65
7226,1854,2024-02-29,4,31
7227,1854,2024-01-25,7,37
7228,1854,2024-09-06,9,39
7229,1854,2024-09-06,4,17
7230,1854,2024-09-06,6,52
7231,1855,2024-04-28,2,71
7232,1856,2024-07-18,1,39
7233,1856,2024-07-18,4,28
7234,1856,2024-07-18,8,22
7235,1857,2024-03-25,1,51
7236,1857,2024-03-25,9,75
7237,1857,2024-03-25,4,13
7238,1857,2024-03-25,5,72
7239,1858,2024-12-15,7,72
7240,1859,2024-01-12,2,38
7241,1860,2024-11-23,1,63
7242,1860,2024-11-23,2,37
7243,1861,2024-12-10,1,29
7244,1861,2024-12-10,9,26
7245,1861,2024-12-10,3,71
7246,1861,2024-12-10,4,17
7247,1861,2024-05-06,2,71
7248,1861,2024-05-06,4,47
7249,1861,2024-05-06,8,13
7250,1862,2024-04-29,2,51
7251,1863,2024-07-15,1,41
7252,1863,2024-07-15,2,25
7253,1863,2024-07-15,6,13
7254,1863,2024-07-15,9,74
7255,1864,2024-06-24,4,45
7256,1865,2024-12-29,2,32
7257,1865,2024-12-29,6,70
7258,1865,2024-12-29,7,38
7259,1866,2024-12-07,1,43
7260,1866,2024-12-07,5,45
7261,1866,2024-12-07,7,73
7262,1866,2024-12-07,8,21
7263,1867,2024-09-08,9,35
7264,1867,2024-09-08,1,28
7265,1867,2024-09-08,6,47
7266,1867,2024-09-08,8,14
7267,1868,2024-08-17,1,39
7268,1868,2024-08-17,2,37
7269,1868,2024-08-17,3,54
7270,1869,2024-04-15,2,17
7271,1869,2024-04-15,3,31
7272,1869,2024-04-15,7,51
7273,1869,2024-06-12,2,34
7274,1869,2024-06-12,5,47
7275,1869,2024-06-12,7,25
7276,1870,2024-10-13,1,68
7277,1870,2024-10-13,2,24
7278,1870,2024-10-13,8,17
7279,1870,2024-05-16,1,34
7280,1870,2024-05-16,4,64
7281,1870,2024-05-16,5,63
7282,1870,2024-05-16,8,56
7283,1870,2024-09-03,2,23
7284,1870,2024-09-03,4,43
7285,1871,2024-10-10,4,75
7286,1872,2024-08-01,3,50
7287,1872,2024-08-01,6,67
7288,1873,2024-09-04,2,29
7289,1873,2024-09-04,8,57
7290,1874,2024-05-17,3,34
7291,1875,2024-02-28,3,39
7292,1875,2024-02-28,5,63
7293,1876,2024-06-17,2,39
7294,1876,2024-06-17,6,73
7295,1876,2024-06-17,7,24
7296,1877,2024-12-26,1,16
7297,1877,2024-12-26,3,73
7298,1877,2024-06-17,5,17
7299,1878,2024-10-19,2,60
7300,1878,2024-10-19,4,37
7301,1878,2024-10-19,6,29
7302,1878,2024-10-19,7,40
7303,1878,2024-10-19,10,18
7304,1879,2024-07-30,1,55
7305,1880,2024-06-11,9,47
7306,1880,2024-06-11,3,35
7307,1881,2024-08-09,9,12
7308,1881,2024-08-09,2,41
7309,1881,2024-08-09,3,48
7310,1881,2024-08-09,1,15
7311,1882,2024-01-16,4,68
7312,1882,2024-01-16,8,45
7313,1883,2024-12-07,5,36
7314,1884,2024-10-20,5,60
7315,1884,2024-10-20,8,45
7316,1885,2024-07-09,1,53
7317,1885,2024-07-09,2,59
7318,1885,2024-07-09,4,30
7319,1885,2024-07-09,7,23
7320,1885,2024-07-10,2,62
7321,1885,2024-07-10,3,68
7322,1885,2024-07-10,5,20
7323,1886,2024-10-31,4,17
7324,1886,2024-10-31,6,21
7325,1886,2024-10-31,7,36
7326,1886,2024-10-31,8,65
7327,1886,2024-10-31,9,18
7328,1887,2024-11-23,1,68
7329,1887,2024-11-23,2,67
7330,1887,2024-11-23,3,54
7331,1887,2024-11-23,7,45
7332,1888,2024-08-05,2,72
7333,1889,2024-08-25,1,38
7334,1889,2024-08-25,2,66
7335,1889,2024-08-25,6,59
7336,1890,2024-06-08,1,29
7337,1890,2024-06-08,3,44
7338,1890,2024-06-08,6,41
7339,1891,2024-03-22,1,69
7340,1891,2024-03-22,2,32
7341,1891,2024-03-22,3,36
7342,1891,2024-03-22,6,37
7343,1891,2024-03-22,8,19
7344,1891,2024-07-20,2,63
7345,1891,2024-07-20,4,38
7346,1891,2024-07-20,5,33
7347,1891,2024-07-20,6,19
7348,1892,2024-03-05,4,68
7349,1892,2024-10-11,1,71
7350,1892,2024-10-11,9,66
7351,1892,2024-10-11,3,38
7352,1892,2024-10-11,8,52
7353,1893,2024-06-29,9,55
7354,1893,2024-01-24,2,10
7355,1893,2024-01-24,3,14
7356,1893,2024-01-24,6,47
7357,1894,2024-12-10,2,30
7358,1894,2024-12-10,5,39
7359,1894,2024-12-10,6,61
7360,1895,2024-06-04,3,62
7361,1896,2024-07-03,5,15
7362,1896,2024-07-03,8,66
7363,1897,2024-04-20,1,64
7364,1897,2024-04-20,10,72
7365,1897,2024-04-20,3,67
7366,1897,2024-04-20,8,64
7367,1898,2024-03-28,3,57
7368,1898,2024-03-28,5,26
7369,1898,2024-12-04,1,57
7370,1898,2024-12-04,2,11
7371,1898,2024-12-04,3,42
7372,1898,2024-12-04,7,11
7373,1898,2024-03-21,9,16
7374,1898,2024-03-21,2,22
7375,1898,2024-03-21,4,18
7376,1898,2024-03-21,5,68
7377,1899,2024-08-25,5,10
7378,1899,2024-08-25,7,70
7379,1899,2024-08-25,8,11
7380,1900,2024-01-15,3,61
7381,1900,2024-01-15,4,25
7382,1900,2024-01-15,5,32
7383,1901,2024-06-10,1,15
7384,1901,2024-06-10,3,31
7385,1902,2024-07-17,1,32
7386,1902,2024-07-17,9,48
7387,1902,2024-07-17,5,47
7388,1903,2024-12-19,1,56
7389,1903,2024-12-19,10,65
7390,1903,2024-12-19,3,60
7391,1904,2024-11-11,10,16
7392,1904,2024-11-11,3,48
7393,1904,2024-11-11,7,37
7394,1904,2024-11-11,2,35
7395,1905,2024-07-21,1,43
7396,1905,2024-07-21,6,13
7397,1906,2024-09-03,1,61
7398,1906,2024-09-03,4,42
7399,1906,2024-09-03,6,56
7400,1906,2024-09-03,8,67
7401,1906,2024-03-23,10,43
7402,1906,2024-03-23,3,17
7403,1906,2024-03-23,2,68
7404,1906,2024-03-23,7,13
7405,1906,2024-06-01,1,27
7406,1906,2024-06-01,2,65
7407,1906,2024-06-01,6,44
7408,1907,2024-01-26,3,42
7409,1907,2024-01-26,4,70
7410,1907,2024-01-26,5,24
7411,1907,2024-01-26,7,74
7412,1907,2024-12-11,1,24
7413,1907,2024-12-11,3,15
7414,1907,2024-12-11,4,13
7415,1907,2024-12-11,7,20
7416,1908,2024-09-14,3,16
7417,1908,2024-09-14,4,32
7418,1908,2024-09-14,5,30
7419,1909,2024-10-27,1,41
7420,1910,2024-08-19,1,53
7421,1910,2024-08-19,2,50
7422,1910,2024-08-19,4,33
7423,1911,2024-06-02,1,31
7424,1911,2024-06-02,2,43
7425,1912,2024-11-23,3,23
7426,1912,2024-11-23,5,28
7427,1913,2024-03-27,1,43
7428,1914,2024-09-04,4,23
7429,1915,2024-10-26,8,61
7430,1916,2024-01-11,1,22
7431,1916,2024-01-11,2,66
7432,1916,2024-01-11,5,59
7433,1917,2024-07-05,2,48
7434,1917,2024-07-05,3,51
7435,1917,2024-07-05,5,13
7436,1918,2024-04-14,1,57
7437,1918,2024-04-14,9,72
7438,1918,2024-04-14,5,29
7439,1918,2024-04-14,7,17
7440,1918,2024-04-06,1,35
7441,1918,2024-04-06,6,11
7442,1918,2024-10-20,1,56
7443,1918,2024-10-20,2,47
7444,1918,2024-10-20,4,67
7445,1919,2024-08-17,4,12
7446,1919,2024-07-07,4,26
7447,1919,2024-07-07,6,38
7448,1920,2024-06-13,1,23
7449,1920,2024-06-13,2,38
7450,1920,2024-06-13,3,64
7451,1920,2024-06-13,4,42
7452,1921,2024-06-09,3,69
7453,1921,2024-06-09,4,75
7454,1921,2024-06-09,5,50
7455,1921,2024-06-09,8,13
7456,1921,2024-09-06,1,68
7457,1921,2024-09-06,4,71
7458,1922,2024-06-20,2,19
7459,1922,2024-06-20,3,74
7460,1922,2024-06-20,4,53
7461,1922,2024-06-20,6,37
7462,1922,2024-06-20,9,42
7463,1923,2024-12-14,10,16
7464,1923,2024-12-14,4,39
7465,1923,2024-07-30,2,75
7466,1923,2024-07-30,3,10
7467,1923,2024-07-30,6,13
7468,1923,2024-04-18,9,34
7469,1923,2024-04-18,2,31
7470,1923,2024-04-18,8,63
7471,1924,2024-03-01,1,27
7472,1924,2024-03-01,2,36
7473,1924,2024-03-01,5,28
7474,1924,2024-03-01,8,11
7475,1924,2024-12-26,8,59
7476,1925,2024-10-05,1,34
7477,1925,2024-10-05,4,38
7478,1925,2024-10-05,8,43
7479,1926,2024-12-24,1,18
7480,1926,2024-12-24,2,46
7481,1926,2024-12-24,3,66
7482,1926,2024-12-24,7,46
7483,1926,2024-12-24,8,60
7484,1927,2024-08-12,2,20
7485,1927,2024-08-12,5,42
7486,1927,2024-08-12,8,23
7487,1928,2024-01-23,1,21
7488,1928,2024-01-23,9,32
7489,1928,2024-01-23,8,45
7490,1929,2024-10-24,1,68
7491,1929,2024-10-24,6,29
7492,1930,2024-09-03,10,24
7493,1930,2024-09-03,5,69
7494,1930,2024-09-03,7,45
7495,1931,2024-12-14,2,36
7496,1932,2024-03-19,1,52
7497,1932,2024-01-18,1,36
7498,1932,2024-01-18,2,44
7499,1932,2024-01-18,4,17
7500,1932,2024-01-18,7,60
7501,1933,2024-02-20,1,33
7502,1933,2024-02-20,2,59
7503,1933,2024-02-20,3,34
7504,1933,2024-02-20,7,10
7505,1933,2024-02-20,10,23
7506,1933,2024-12-23,9,26
7507,1933,2024-12-23,4,26
7508,1933,2024-12-23,8,74
7509,1933,2024-12-18,1,19
7510,1933,2024-09-18,2,42
7511,1933,2024-09-18,3,51
7512,1934,2024-07-08,2,75
7513,1935,2024-10-26,1,62
7514,1935,2024-10-26,10,27
7515,1935,2024-10-26,3,74
7516,1935,2024-10-26,5,68
7517,1936,2024-09-27,2,27
7518,1936,2024-09-27,6,57
7519,1937,2024-01-11,5,28
7520,1938,2024-11-10,2,58
7521,1938,2024-11-10,3,15
7522,1938,2024-11-10,5,29
7523,1938,2024-11-10,6,70
7524,1938,2024-10-21,9,63
7525,1938,2024-10-21,3,56
7526,1938,2024-10-21,4,60
7527,1938,2024-10-21,6,22
7528,1938,2024-02-04,1,62
7529,1938,2024-02-04,4,54
7530,1939,2024-10-21,1,14
7531,1939,2024-10-21,6,52
7532,1940,2024-12-06,1,52
7533,1940,2024-12-06,7,58
7534,1941,2024-07-12,2,23
7535,1941,2024-07-12,3,37
7536,1941,2024-07-12,4,44
7537,1942,2024-09-05,1,26
7538,1943,2024-10-26,1,37
7539,1943,2024-10-26,2,51
7540,1943,2024-10-26,4,33
7541,1943,2024-10-26,7,42
7542,1944,2024-09-24,2,55
7543,1944,2024-09-24,5,15
7544,1944,2024-09-24,7,74
7545,1944,2024-09-30,2,75
7546,1944,2024-09-30,4,15
7547,1944,2024-09-30,8,59
7548,1945,2024-11-03,1,46
7549,1945,2024-11-03,2,48
7550,1945,2024-11-03,3,45
7551,1945,2024-11-03,4,10
7552,1945,2024-11-03,6,60
7553,1946,2024-01-26,1,59
7554,1947,2024-11-02,1,26
7555,1947,2024-11-02,4,23
7556,1947,2024-11-02,5,12
7557,1947,2024-11-02,6,33
7558,1948,2024-10-03,7,73
7559,1948,2024-04-23,1,21
7560,1948,2024-04-23,9,52
7561,1948,2024-04-23,3,39
7562,1948,2024-04-23,4,12
7563,1948,2024-06-08,9,35
7564,1948,2024-06-08,2,59
7565,1949,2024-09-29,2,55
7566,1949,2024-09-29,3,39
7567,1949,2024-09-29,4,49
7568,1949,2024-04-10,5,28
7569,1949,2024-01-28,1,41
7570,1949,2024-01-28,2,27
7571,1949,2024-01-28,4,55
7572,1950,2024-07-03,2,12
7573,1950,2024-07-03,4,48
7574,1950,2024-07-03,5,20
7575,1950,2024-07-03,6,64
7576,1950,2024-07-03,10,32
7577,1951,2024-09-20,1,21
7578,1951,2024-09-20,2,51
7579,1951,2024-09-20,7,48
7580,1952,2024-12-08,9,11
7581,1952,2024-12-08,2,28
7582,1952,2024-12-08,6,48
7583,1953,2024-06-04,1,21
7584,1953,2024-06-04,3,10
7585,1953,2024-06-04,5,73
7586,1954,2024-03-24,2,71
7587,1954,2024-03-03,1,52
7588,1954,2024-03-03,3,22
7589,1954,2024-03-03,5,48
7590,1954,2024-03-03,7,60
7591,1954,2024-12-14,3,73
7592,1955,2024-12-23,1,32
7593,1956,2024-10-13,1,30
7594,1956,2024-10-13,2,19
7595,1957,2024-10-21,9,36
7596,1957,2024-10-21,10,49
7597,1957,2024-10-21,4,35
7598,1958,2024-03-15,1,12
7599,1958,2024-03-15,2,42
7600,1958,2024-03-15,7,40
7601,1959,2024-01-08,8,65
7602,1960,2024-01-15,3,74
7603,1960,2024-01-15,8,35
7604,1960,2024-12-20,1,22
7605,1960,2024-12-20,2,62
7606,1960,2024-12-20,4,74
7607,1960,2024-12-20,6,55
7608,1961,2024-06-14,1,10
7609,1961,2024-06-14,4,70
7610,1962,2024-02-24,1,48
7611,1963,2024-01-07,1,30
7612,1963,2024-01-07,4,70
7613,1963,2024-01-07,8,39
7614,1964,2024-09-07,1,59
7615,1964,2024-09-07,3,45
7616,1964,2024-09-07,6,30
7617,1964,2024-09-07,7,52
7618,1965,2024-04-17,4,32
7619,1966,2024-03-22,1,35
7620,1966,2024-03-22,2,62
7621,1967,2024-07-03,2,72
7622,1967,2024-07-03,3,37
7623,1967,2024-07-03,5,29
7624,1967,2024-07-03,6,41
7625,1967,2024-12-12,1,31
7626,1967,2024-12-12,4,21
7627,1967,2024-12-12,6,41
7628,1967,2024-12-12,8,39
7629,1968,2024-03-13,1,60
7630,1968,2024-03-13,2,19
7631,1969,2024-05-12,1,29
7632,1969,2024-05-12,2,67
7633,1969,2024-05-12,3,42
7634,1969,2024-05-12,5,57
7635,1970,2024-03-21,9,62
7636,1971,2024-11-12,2,22
7637,1971,2024-11-12,3,35
7638,1971,2024-11-12,4,45
7639,1971,2024-11-12,8,38
7640,1972,2024-11-13,1,50
7641,1972,2024-11-13,4,60
7642,1972,2024-11-13,5,31
7643,1972,2024-11-13,6,20
7644,1972,2024-06-02,1,28
7645,1972,2024-06-02,3,44
7646,1972,2024-06-02,6,23
7647,1972,2024-11-13,1,29
7648,1972,2024-11-13,2,64
7649,1972,2024-11-13,5,19
7650,1973,2024-03-17,1,13
7651,1973,2024-03-17,2,66
7652,1973,2024-03-17,3,30
7653,1973,2024-03-17,8,49
7654,1973,2024-06-12,1,55
7655,1973,2024-06-12,10,37
7656,1973,2024-06-12,8,19
7657,1974,2024-04-24,3,36
7658,1974,2024-04-24,5,69
7659,1975,2024-07-19,2,38
7660,1975,2024-07-19,3,73
7661,1975,2024-07-19,6,70
7662,1976,2024-04-13,1,42
7663,1976,2024-04-13,6,31
7664,1976,2024-04-13,8,71
7665,1977,2024-04-26,1,62
7666,1977,2024-04-26,2,23
7667,1977,2024-04-26,3,27
7668,1977,2024-04-26,4,74
7669,1977,2024-04-26,5,28
7670,1978,2024-12-15,1,69
7671,1978,2024-12-15,10,67
7672,1978,2024-12-15,4,46
7673,1978,2024-12-15,7,74
7674,1979,2024-02-24,4,14
7675,1980,2024-06-10,1,21
7676,1980,2024-06-10,2,11
7677,1980,2024-06-10,5,47
7678,1980,2024-06-10,7,14
7679,1981,2024-05-23,1,60
7680,1981,2024-05-23,2,74
7681,1981,2024-05-23,3,44
7682,1981,2024-05-23,4,19
7683,1981,2024-05-23,7,13
7684,1982,2024-12-15,1,54
7685,1982,2024-12-15,2,60
7686,1982,2024-12-15,7,34
7687,1982,2024-12-15,9,63
7688,1982,2024-10-31,1,24
7689,1982,2024-10-31,2,55
7690,1983,2024-12-26,4,74
7691,1983,2024-12-26,6,63
7692,1984,2024-07-08,1,58
7693,1984,2024-07-08,3,27
7694,1985,2024-10-08,8,29
7695,1985,2024-12-07,1,13
7696,1986,2024-12-18,2,70
7697,1986,2024-12-18,4,52
7698,1987,2024-07-09,9,56
7699,1987,2024-07-09,2,18
7700,1987,2024-07-09,5,30
7701,1987,2024-07-09,8,12
7702,1988,2024-01-09,2,38
7703,1988,2024-01-09,7,55
7704,1989,2024-02-21,9,17
7705,1989,2024-02-21,1,45
7706,1989,2024-02-21,7,50
7707,1990,2024-04-13,6,12
7708,1990,2024-12-04,1,15
7709,1990,2024-12-04,4,50
7710,1990,2024-12-04,5,30
7711,1990,2024-12-04,6,43
7712,1991,2024-04-12,9,74
7713,1991,2024-04-12,4,20
7714,1991,2024-05-19,10,29
7715,1991,2024-05-19,5,57
7716,1991,2024-05-19,2,72
7717,1992,2024-11-28,1,23
7718,1993,2024-10-15,10,30
7719,1993,2024-10-15,3,33
7720,1993,2024-10-15,4,21
7721,1993,2024-10-15,7,42
7722,1994,2024-04-06,2,22
7723,1994,2024-04-06,3,71
7724,1994,2024-04-06,4,24
7725,1994,2024-04-06,5,56
7726,1995,2024-12-15,1,59
7727,1995,2024-12-15,4,21
7728,1995,2024-12-15,5,18
7729,1996,2024-01-20,9,59
7730,1996,2024-01-20,2,49
7731,1997,2024-05-22,2,39
7732,1997,2024-05-22,4,16
7733,1997,2024-05-22,5,39
7734,1997,2024-09-28,9,44
7735,1997,2024-09-28,3,53
7736,1997,2024-09-28,5,60
7737,1997,2024-01-24,1,54
7738,1997,2024-01-24,2,61
7739,1997,2024-01-24,6,19
7740,1997,2024-01-24,8,62
7741,1998,2024-06-12,4,59
7742,1999,2024-11-11,2,64
7743,1999,2024-11-11,4,63
7744,1999,2024-11-11,5,13
7745,1999,2024-11-29,3,30
7746,1999,2024-10-13,1,12
7747,1999,2024-10-13,3,67
7748,1999,2024-10-13,6,47
7749,1999,2024-10-13,7,13
7750,1999,2024-02-10,3,27
7751,2000,2024-11-20,1,49
7752,2000,2024-11-20,2,60
7753,2000,2024-11-20,4,57
7754,2000,2024-11-20,5,29
7755,2001,2024-10-13,3,57
7756,2002,2024-04-30,2,35
7757,2002,2024-04-30,4,64
7758,2002,2024-04-30,5,47
7759,2003,2024-03-10,1,60
7760,2003,2024-03-10,5,45
7761,2003,2024-03-10,7,23
7762,2003,2024-10-19,2,54
7763,2003,2024-10-19,8,68
7764,2003,2024-05-12,1,64
7765,2003,2024-05-12,4,67
7766,2004,2024-07-25,2,64
7767,2004,2024-07-25,4,20
7768,2004,2024-07-25,5,34
7769,2004,2024-07-25,9,12
7770,2004,2024-07-25,10,26
7771,2004,2024-10-13,6,61
7772,2004,2024-10-13,7,37
7773,2005,2024-07-20,3,73
7774,2005,2024-07-20,5,36
7775,2005,2024-07-20,6,67
7776,2005,2024-07-20,8,60
7777,2005,2024-12-06,2,73
7778,2005,2024-12-06,3,23
7779,2005,2024-12-06,5,20
7780,2005,2024-12-06,8,71
7781,2006,2024-05-20,10,23
7782,2006,2024-05-20,4,66
7783,2006,2024-05-20,2,54
7784,2007,2024-12-09,1,72
7785,2008,2024-12-22,2,45
7786,2008,2024-12-22,3,17
7787,2008,2024-12-22,7,62
7788,2008,2024-07-12,1,14
7789,2009,2024-12-31,1,63
7790,2009,2024-12-31,3,71
7791,2009,2024-12-31,5,30
7792,2009,2024-12-31,6,68
7793,2010,2024-07-20,1,58
7794,2010,2024-07-20,2,36
7795,2010,2024-07-20,5,72
7796,2010,2024-07-20,7,35
7797,2011,2024-06-14,4,32
7798,2012,2024-04-19,1,26
7799,2012,2024-04-19,9,15
7800,2012,2024-04-19,4,15
7801,2012,2024-12-08,3,25
7802,2012,2024-12-08,5,57
7803,2012,2024-07-14,3,11
7804,2012,2024-07-14,4,19
7805,2012,2024-07-14,5,30
7806,2012,2024-07-14,6,37
7807,2012,2024-01-06,1,45
7808,2012,2024-01-06,2,59
7809,2012,2024-01-06,6,13
7810,2013,2024-12-30,1,60
7811,2013,2024-12-30,2,54
7812,2013,2024-12-30,5,31
7813,2013,2024-05-06,1,75
7814,2013,2024-05-06,2,61
7815,2013,2024-05-06,3,52
7816,2013,2024-01-26,1,59
7817,2013,2024-01-26,6,54
7818,2014,2024-10-15,1,17
7819,2014,2024-10-15,2,20
7820,2014,2024-10-15,5,74
7821,2014,2024-10-15,8,10
7822,2015,2024-09-28,9,10
7823,2015,2024-09-28,8,58
7824,2015,2024-04-28,9,64
7825,2015,2024-04-28,1,63
7826,2015,2024-04-28,3,70
7827,2015,2024-04-28,2,13
7828,2016,2024-04-22,1,71
7829,2016,2024-04-22,9,23
7830,2016,2024-04-22,3,28
7831,2016,2024-01-28,1,53
7832,2016,2024-01-28,3,74
7833,2016,2024-11-30,10,56
7834,2016,2024-11-30,3,10
7835,2017,2024-04-09,3,63
7836,2018,2024-12-16,4,64
7837,2018,2024-12-16,5,62
7838,2018,2024-12-16,7,30
7839,2019,2024-12-03,1,14
7840,2019,2024-12-03,6,58
7841,2019,2024-09-11,5,27
7842,2019,2024-04-05,2,12
7843,2020,2024-07-26,1,40
7844,2020,2024-07-26,3,43
7845,2020,2024-07-26,4,72
7846,2021,2024-07-30,1,28
7847,2021,2024-07-30,2,43
7848,2021,2024-07-30,3,66
7849,2021,2024-07-30,4,48
7850,2021,2024-07-30,5,11
7851,2022,2024-09-18,9,46
7852,2022,2024-09-18,2,24
7853,2022,2024-09-18,4,69
7854,2022,2024-09-18,7,57
7855,2023,2024-12-24,3,33
7856,2023,2024-12-24,4,21
7857,2023,2024-12-24,7,38
7858,2023,2024-09-25,10,33
7859,2023,2024-09-25,2,57
7860,2023,2024-11-14,1,71
7861,2024,2024-08-07,1,53
7862,2024,2024-08-07,6,74
7863,2024,2024-01-23,10,68
7864,2024,2024-04-18,2,14
7865,2024,2024-04-18,3,52
7866,2024,2024-02-16,6,38
7867,2025,2024-08-22,9,75
7868,2025,2024-08-22,1,21
7869,2025,2024-08-22,4,60
7870,2025,2024-08-22,2,70
7871,2025,2024-02-19,1,41
7872,2025,2024-02-19,4,11
7873,2025,2024-11-21,1,56
7874,2025,2024-11-21,10,17
7875,2026,2024-06-06,1,66
7876,2026,2024-06-06,2,60
7877,2027,2024-03-20,1,45
7878,2027,2024-03-20,3,23
7879,2027,2024-03-20,8,30
7880,2027,2024-09-19,1,49
7881,2027,2024-09-19,2,25
7882,2027,2024-09-19,3,16
7883,2027,2024-09-19,7,22
7884,2028,2024-11-21,1,33
7885,2028,2024-11-21,2,43
7886,2028,2024-11-21,5,32
7887,2028,2024-11-21,8,44
7888,2028,2024-11-21,10,42
7889,2028,2024-07-13,1,20
7890,2028,2024-07-13,3,54
7891,2028,2024-07-13,6,32
7892,2029,2024-04-17,1,72
7893,2029,2024-04-17,8,59
7894,2030,2024-09-05,3,31
7895,2030,2024-09-05,4,54
7896,2030,2024-09-05,7,53
7897,2030,2024-08-14,1,31
7898,2030,2024-08-14,2,45
7899,2030,2024-08-14,5,54
7900,2030,2024-08-14,7,58
7901,2031,2024-12-28,6,19
7902,2032,2024-07-15,1,67
7903,2032,2024-07-15,3,75
7904,2032,2024-07-15,4,10
7905,2032,2024-07-15,7,73
7906,2033,2024-06-06,1,38
7907,2034,2024-09-22,1,17
7908,2034,2024-09-22,10,55
7909,2034,2024-09-22,3,69
7910,2034,2024-09-22,6,17
7911,2035,2024-11-05,3,57
7912,2035,2024-11-05,4,33
7913,2036,2024-09-28,1,71
7914,2036,2024-09-28,3,30
7915,2037,2024-11-04,1,19
7916,2037,2024-11-04,2,18
7917,2037,2024-11-04,3,66
7918,2037,2024-11-04,4,28
7919,2037,2024-11-04,6,20
7920,2038,2024-07-06,1,65
7921,2038,2024-07-06,3,19
7922,2038,2024-08-09,1,73
7923,2038,2024-08-09,3,16
7924,2038,2024-08-09,5,29
7925,2039,2024-07-13,1,31
7926,2039,2024-07-13,6,63
7927,2040,2024-06-14,1,11
7928,2040,2024-06-14,4,36
7929,2041,2024-12-09,1,21
7930,2041,2024-12-09,6,48
7931,2042,2024-04-05,5,40
7932,2042,2024-04-05,7,42
7933,2042,2024-02-13,6,41
7934,2043,2024-09-04,5,31
7935,2044,2024-09-25,1,20
7936,2044,2024-09-25,7,39
7937,2045,2024-05-18,3,69
7938,2045,2024-05-18,4,19
7939,2045,2024-05-18,7,36
7940,2045,2024-07-02,2,39
7941,2045,2024-11-28,1,71
7942,2045,2024-11-28,3,68
7943,2045,2024-11-28,6,64
7944,2045,2024-11-28,8,46
7945,2046,2024-09-13,6,14
7946,2046,2024-09-13,8,69
7947,2047,2024-12-23,1,18
7948,2047,2024-12-23,2,34
7949,2047,2024-12-23,4,51
7950,2047,2024-12-23,6,49
7951,2047,2024-12-23,9,18
7952,2048,2024-11-23,1,43
7953,2048,2024-11-23,6,42
7954,2049,2024-07-28,2,45
7955,2049,2024-07-28,5,31
7956,2049,2024-07-28,7,38
7957,2049,2024-12-10,1,57
7958,2049,2024-12-10,2,74
7959,2049,2024-07-28,1,29
7960,2049,2024-07-28,7,23
7961,2049,2024-07-28,8,66
7962,2050,2024-12-15,10,67
7963,2051,2024-09-25,2,65
7964,2051,2024-09-25,4,46
7965,2051,2024-10-23,1,53
7966,2051,2024-10-23,3,42
7967,2051,2024-10-23,4,73
7968,2051,2024-10-23,5,73
7969,2051,2024-10-11,9,67
7970,2051,2024-10-11,2,65
7971,2051,2024-10-11,4,38
7972,2051,2024-10-11,6,57
7973,2052,2024-03-01,1,20
7974,2052,2024-03-01,3,24
7975,2053,2024-04-17,7,25
7976,2053,2024-12-01,1,71
7977,2053,2024-12-01,10,42
7978,2053,2024-12-01,4,46
7979,2053,2024-12-01,8,63
7980,2053,2024-06-23,2,54
7981,2053,2024-06-23,3,19
7982,2053,2024-06-23,5,59
7983,2053,2024-06-23,6,46
7984,2053,2024-06-23,7,24
7985,2054,2024-04-20,1,58
7986,2054,2024-04-20,2,46
7987,2054,2024-03-06,1,11
7988,2054,2024-03-06,2,24
7989,2054,2024-03-06,3,71
7990,2054,2024-03-06,5,44
7991,2054,2024-03-06,8,47
7992,2055,2024-09-10,1,62
7993,2055,2024-09-10,10,69
7994,2055,2024-06-04,4,17
7995,2055,2024-07-02,10,72
7996,2055,2024-07-02,6,35
7997,2055,2024-07-02,7,13
7998,2055,2024-05-22,1,44
7999,2055,2024-05-22,2,36
8000,2055,2024-05-22,3,52
8001,2055,2024-05-22,4,56
8002,2056,2024-03-30,2,38
8003,2057,2024-09-14,8,62
8004,2057,2024-03-27,1,38
8005,2057,2024-03-27,2,54
8006,2057,2024-03-27,3,55
8007,2058,2024-01-14,3,73
8008,2059,2024-12-06,1,30
8009,2059,2024-12-06,3,16
8010,2059,2024-12-06,4,49
8011,2059,2024-12-06,7,39
8012,2059,2024-12-06,9,73
8013,2060,2024-08-02,4,44
8014,2061,2024-06-11,1,58
8015,2061,2024-06-11,3,64
8016,2061,2024-12-20,9,37
8017,2061,2024-12-20,2,30
8018,2061,2024-12-20,3,43
8019,2061,2024-03-10,8,44
8020,2062,2024-02-13,2,44
8021,2062,2024-02-13,3,49
8022,2062,2024-02-13,4,10
8023,2062,2024-12-13,9,53
8024,2062,2024-12-13,2,37
8025,2062,2024-12-13,3,30
8026,2062,2024-12-13,4,75
8027,2062,2024-06-05,2,13
8028,2062,2024-06-05,3,19
8029,2062,2024-09-13,5,72
8030,2063,2024-12-26,1,34
8031,2063,2024-12-29,9,14
8032,2064,2024-02-25,7,64
8033,2065,2024-05-24,3,64
8034,2065,2024-05-24,5,25
8035,2065,2024-05-24,7,62
8036,2066,2024-07-19,1,64
8037,2066,2024-04-11,4,41
8038,2067,2024-09-11,10,14
8039,2067,2024-09-11,4,56
8040,2067,2024-09-11,5,19
8041,2068,2024-08-20,1,14
8042,2068,2024-08-20,2,40
8043,2068,2024-08-20,5,25
8044,2068,2024-08-20,7,75
8045,2068,2024-08-20,8,48
8046,2069,2024-09-10,1,50
8047,2069,2024-09-10,2,55
8048,2069,2024-09-10,3,62
8049,2069,2024-09-10,10,38
8050,2070,2024-07-05,3,10
8051,2070,2024-07-05,7,33
8052,2071,2024-01-27,2,21
8053,2071,2024-01-27,8,73
8054,2072,2024-02-03,1,18
8055,2072,2024-02-03,10,41
8056,2072,2024-02-03,5,13
8057,2072,2024-02-03,7,51
8058,2073,2024-09-26,1,68
8059,2074,2024-01-25,5,55
8060,2075,2024-10-27,1,52
8061,2075,2024-10-27,3,58
8062,2075,2024-10-27,4,27
8063,2075,2024-10-27,5,41
8064,2075,2024-10-27,8,37
8065,2075,2024-12-28,4,68
8066,2075,2024-04-25,3,44
8067,2075,2024-04-25,4,35
8068,2075,2024-04-25,5,43
8069,2075,2024-04-25,6,59
8070,2075,2024-04-25,9,45
8071,2075,2024-04-20,2,36
8072,2075,2024-04-20,4,71
8073,2075,2024-04-20,5,36
8074,2076,2024-06-23,1,38
8075,2076,2024-06-23,2,10
8076,2077,2024-05-04,3,29
8077,2078,2024-01-11,2,56
8078,2078,2024-01-11,5,41
8079,2079,2024-03-02,10,26
8080,2080,2024-03-06,1,21
8081,2080,2024-03-06,4,27
8082,2080,2024-03-06,7,54
8083,2080,2024-12-06,1,74
8084,2080,2024-12-06,5,23
8085,2080,2024-09-04,1,63
8086,2080,2024-09-04,3,40
8087,2080,2024-09-04,5,67
8088,2081,2024-07-08,3,43
8089,2081,2024-04-13,3,68
8090,2081,2024-04-13,5,57
8091,2082,2024-04-30,2,57
8092,2083,2024-04-15,2,43
8093,2083,2024-04-15,8,64
8094,2084,2024-11-08,1,48
8095,2084,2024-11-08,5,68
8096,2084,2024-10-26,1,10
8097,2084,2024-10-26,3,21
8098,2084,2024-10-26,6,29
8099,2084,2024-12-28,1,48
8100,2084,2024-12-28,2,22
8101,2084,2024-12-28,4,57
8102,2085,2024-04-17,1,61
8103,2085,2024-04-17,2,52
8104,2085,2024-04-17,7,65
8105,2085,2024-04-17,9,10
8106,2085,2024-04-17,10,42
8107,2085,2024-06-15,2,58
8108,2085,2024-06-15,4,69
8109,2085,2024-06-15,7,69
8110,2085,2024-07-14,2,30
8111,2085,2024-07-14,6,41
8112,2085,2024-07-14,8,47
8113,2086,2024-09-17,1,20
8114,2087,2024-04-15,1,13
8115,2087,2024-04-15,5,21
8116,2087,2024-04-15,8,55
8117,2088,2024-12-16,3,31
8118,2089,2024-08-26,1,27
8119,2089,2024-08-26,2,33
8120,2089,2024-08-26,6,15
8121,2089,2024-12-25,1,20
8122,2089,2024-12-25,2,56
8123,2089,2024-12-25,4,69
8124,2089,2024-12-17,2,40
8125,2089,2024-12-17,3,67
8126,2089,2024-12-17,5,29
8127,2089,2024-12-17,6,36
8128,2089,2024-07-24,6,68
8129,2090,2024-04-10,1,37
8130,2090,2024-04-10,2,59
8131,2091,2024-07-15,4,69
8132,2091,2024-06-19,4,56
8133,2091,2024-06-19,7,36
8134,2091,2024-09-25,1,41
8135,2091,2024-09-25,4,50
8136,2091,2024-09-25,8,51
8137,2092,2024-07-07,1,16
8138,2092,2024-07-07,2,46
8139,2092,2024-07-07,4,40
8140,2092,2024-07-07,9,73
8141,2093,2024-07-02,2,75
8142,2093,2024-07-02,8,47
8143,2094,2024-07-06,1,48
8144,2094,2024-07-06,2,48
8145,2094,2024-07-06,3,29
8146,2094,2024-07-06,6,56
8147,2095,2024-11-18,4,58
8148,2096,2024-04-05,1,22
8149,2096,2024-04-05,2,51
8150,2096,2024-04-05,3,55
8151,2096,2024-04-05,5,12
8152,2096,2024-04-05,6,10
8153,2097,2024-10-29,2,10
8154,2098,2024-10-28,1,59
8155,2098,2024-10-28,5,54
8156,2098,2024-10-28,8,40
8157,2099,2024-04-28,1,74
8158,2099,2024-04-28,2,17
8159,2099,2024-04-28,3,55
8160,2099,2024-04-28,8,60
8161,2099,2024-12-21,2,49
8162,2099,2024-12-21,7,13
8163,2100,2024-11-03,2,72
8164,2100,2024-11-03,3,16
8165,2101,2024-05-15,8,32
8166,2102,2024-09-19,2,38
8167,2102,2024-09-19,3,48
8168,2102,2024-09-19,4,14
8169,2102,2024-12-05,1,44
8170,2102,2024-12-05,8,54
8171,2102,2024-10-21,4,46
8172,2102,2024-10-21,5,59
8173,2102,2024-10-21,6,13
8174,2102,2024-04-10,2,64
8175,2102,2024-04-10,5,62
8176,2102,2024-04-10,8,65
8177,2103,2024-06-17,1,58
8178,2103,2024-06-17,2,16
8179,2103,2024-05-29,9,15
8180,2103,2024-05-29,3,43
8181,2103,2024-05-29,6,55
8182,2103,2024-07-07,1,38
8183,2103,2024-07-07,10,34
8184,2103,2024-07-07,5,20
8185,2104,2024-06-10,10,15
8186,2104,2024-06-10,5,25
8187,2104,2024-06-10,2,25
8188,2104,2024-12-06,2,72
8189,2104,2024-06-07,1,14
8190,2104,2024-06-07,9,67
8191,2104,2024-06-07,4,73
8192,2104,2024-06-07,6,22
8193,2105,2024-02-20,9,63
8194,2105,2024-02-20,4,59
8195,2105,2024-02-20,5,65
8196,2105,2024-02-20,8,75
8197,2105,2024-04-19,1,37
8198,2105,2024-04-19,2,38
8199,2105,2024-04-07,1,23
8200,2105,2024-04-07,2,44
8201,2105,2024-04-07,6,16
8202,2105,2024-02-27,2,58
8203,2105,2024-02-27,10,43
8204,2106,2024-10-04,2,37
8205,2106,2024-10-04,4,72
8206,2106,2024-10-04,5,32
8207,2107,2024-10-06,1,53
8208,2107,2024-10-06,6,39
8209,2107,2024-10-06,7,57
8210,2108,2024-05-15,1,38
8211,2108,2024-05-15,2,14
8212,2108,2024-05-15,3,30
8213,2108,2024-05-15,8,11
8214,2108,2024-05-05,8,27
8215,2109,2024-05-16,9,24
8216,2109,2024-05-16,1,72
8217,2109,2024-05-16,5,39
8218,2109,2024-05-16,8,74
8219,2110,2024-07-19,2,54
8220,2111,2024-02-18,5,21
8221,2111,2024-03-13,9,30
8222,2111,2024-03-13,1,59
8223,2111,2024-03-13,7,63
8224,2112,2024-09-06,2,73
8225,2113,2024-12-09,1,21
8226,2113,2024-12-09,2,21
8227,2113,2024-12-09,6,12
8228,2114,2024-04-06,1,23
8229,2114,2024-04-06,5,35
8230,2114,2024-04-06,8,51
8231,2115,2024-04-24,3,44
8232,2115,2024-04-24,4,27
8233,2115,2024-04-24,7,57
8234,2115,2024-04-24,9,29
8235,2115,2024-04-24,10,72
8236,2116,2024-09-13,1,18
8237,2116,2024-09-13,3,10
8238,2116,2024-09-13,6,56
8239,2117,2024-08-22,10,62
8240,2117,2024-08-22,3,54
8241,2118,2024-07-21,1,49
8242,2118,2024-07-21,2,19
8243,2118,2024-12-25,1,42
8244,2118,2024-12-25,6,32
8245,2118,2024-12-25,7,12
8246,2118,2024-04-14,7,67
8247,2119,2024-09-06,1,27
8248,2119,2024-09-06,2,57
8249,2119,2024-09-06,9,57
8250,2119,2024-09-06,10,70
8251,2120,2024-06-03,1,46
8252,2120,2024-06-03,2,32
8253,2120,2024-06-03,3,21
8254,2120,2024-06-03,6,71
8255,2121,2024-03-01,10,29
8256,2121,2024-03-01,3,19
8257,2121,2024-07-15,2,21
8258,2121,2024-07-15,3,35
8259,2121,2024-07-15,5,65
8260,2121,2024-07-15,8,71
8261,2121,2024-07-15,10,24
8262,2121,2024-02-01,1,74
8263,2121,2024-02-01,10,19
8264,2121,2024-02-01,3,29
8265,2121,2024-02-01,6,59
8266,2122,2024-07-04,5,26
8267,2122,2024-03-05,2,54
8268,2122,2024-03-05,5,10
8269,2122,2024-03-05,8,69
8270,2122,2024-03-29,2,15
8271,2122,2024-03-29,8,71
8272,2122,2024-08-10,2,75
8273,2123,2024-04-22,5,56
8274,2123,2024-04-22,7,29
8275,2123,2024-08-15,1,49
8276,2123,2024-08-15,2,49
8277,2123,2024-08-15,5,59
8278,2124,2024-06-03,2,43
8279,2124,2024-06-03,7,71
8280,2124,2024-09-20,4,41
8281,2124,2024-09-20,7,22
8282,2125,2024-05-23,1,57
8283,2126,2024-10-18,6,21
8284,2126,2024-10-18,7,54
8285,2127,2024-12-06,1,62
8286,2127,2024-12-06,2,59
8287,2127,2024-12-06,4,14
8288,2127,2024-12-06,7,75
8289,2128,2024-05-22,1,52
8290,2128,2024-05-22,10,31
8291,2128,2024-05-22,2,32
8292,2129,2024-10-06,4,56
8293,2129,2024-10-06,6,67
8294,2129,2024-10-06,7,12
8295,2130,2024-10-22,1,23
8296,2130,2024-10-22,3,17
8297,2131,2024-08-21,10,37
8298,2131,2024-12-21,1,71
8299,2131,2024-12-21,2,34
8300,2132,2024-10-23,4,47
8301,2133,2024-07-11,2,38
8302,2134,2024-05-15,9,57
8303,2134,2024-05-15,2,25
8304,2134,2024-05-15,5,66
8305,2135,2024-10-20,1,18
8306,2135,2024-10-20,6,62
8307,2136,2024-12-19,2,60
8308,2136,2024-12-19,4,57
8309,2136,2024-12-19,5,67
8310,2137,2024-09-21,1,55
8311,2137,2024-09-21,3,52
8312,2137,2024-09-21,6,21
8313,2137,2024-09-21,7,66
8314,2137,2024-06-09,3,29
8315,2137,2024-06-09,6,19
8316,2138,2024-02-12,3,71
8317,2138,2024-02-12,8,21
8318,2139,2024-08-10,9,32
8319,2139,2024-08-10,1,26
8320,2139,2024-08-10,8,46
8321,2140,2024-04-27,1,50
8322,2140,2024-04-27,2,20
8323,2140,2024-04-27,3,59
8324,2141,2024-05-13,1,11
8325,2141,2024-05-13,7,52
8326,2141,2024-05-13,8,44
8327,2141,2024-05-26,1,51
8328,2142,2024-12-07,4,11
8329,2142,2024-12-07,7,44
8330,2143,2024-07-07,1,69
8331,2143,2024-07-07,10,60
8332,2144,2024-06-06,5,14
8333,2145,2024-08-04,2,20
8334,2145,2024-08-04,3,38
8335,2145,2024-08-04,4,22
8336,2146,2024-03-08,4,73
8337,2146,2024-09-22,10,68
8338,2146,2024-04-05,2,25
8339,2146,2024-04-05,5,64
8340,2146,2024-04-05,6,72
8341,2146,2024-04-05,8,18
8342,2146,2024-04-05,9,64
8343,2147,2024-04-28,1,65
8344,2147,2024-04-28,3,65
8345,2147,2024-04-28,4,73
8346,2147,2024-09-06,1,57
8347,2147,2024-09-06,2,28
8348,2147,2024-09-06,3,56
8349,2147,2024-09-06,4,69
8350,2148,2024-03-05,1,20
8351,2148,2024-03-05,2,57
8352,2148,2024-03-05,8,12
8353,2149,2024-04-06,1,21
8354,2149,2024-04-06,2,20
8355,2149,2024-04-06,4,58
8356,2149,2024-06-10,1,17
8357,2149,2024-06-10,10,51
8358,2149,2024-06-10,4,24
8359,2150,2024-12-29,3,57
8360,2150,2024-12-29,5,68
8361,2150,2024-04-06,5,58
8362,2151,2024-06-22,1,46
8363,2151,2024-06-22,2,33
8364,2151,2024-06-22,10,59
8365,2151,2024-09-19,1,22
8366,2151,2024-09-19,2,38
8367,2151,2024-09-19,4,55
8368,2151,2024-09-19,5,69
8369,2152,2024-04-21,1,64
8370,2152,2024-06-25,1,17
8371,2152,2024-06-25,10,32
8372,2152,2024-06-25,5,38
8373,2152,2024-06-25,2,66
8374,2153,2024-06-22,1,69
8375,2153,2024-06-22,4,60
8376,2153,2024-06-22,5,16
8377,2153,2024-06-22,8,45
8378,2153,2024-06-22,9,10
8379,2154,2024-12-08,1,30
8380,2154,2024-12-08,3,29
8381,2154,2024-12-08,5,54
8382,2154,2024-12-08,8,55
8383,2155,2024-03-08,1,10
8384,2155,2024-03-08,3,56
8385,2156,2024-12-18,1,66
8386,2156,2024-12-18,3,27
8387,2156,2024-11-15,3,69
8388,2157,2024-10-07,10,56
8389,2157,2024-10-07,5,73
8390,2157,2024-10-07,8,37
8391,2158,2024-06-17,2,51
8392,2158,2024-12-14,2,17
8393,2158,2024-12-14,3,74
8394,2158,2024-10-14,1,25
8395,2158,2024-10-14,2,66
8396,2158,2024-10-14,4,16
8397,2158,2024-10-14,6,45
8398,2159,2024-09-06,1,20
8399,2159,2024-09-06,3,18
8400,2159,2024-09-06,4,64
8401,2159,2024-09-06,5,37
8402,2159,2024-09-06,6,67
8403,2159,2024-07-15,1,10
8404,2159,2024-07-15,3,31
8405,2159,2024-07-15,4,31
8406,2159,2024-07-15,6,37
8407,2159,2024-07-15,9,66
8408,2159,2024-04-06,1,70
8409,2159,2024-04-06,4,14
8410,2159,2024-04-06,7,18
8411,2159,2024-04-06,8,50
8412,2160,2024-03-29,2,32
8413,2160,2024-03-29,8,44
8414,2161,2024-07-15,1,37
8415,2161,2024-07-15,2,28
8416,2161,2024-07-15,9,22
8417,2161,2024-03-11,8,61
8418,2162,2024-11-26,1,53
8419,2162,2024-11-26,2,43
8420,2162,2024-11-26,4,28
8421,2162,2024-11-26,5,73
8422,2163,2024-12-23,7,75
8423,2164,2024-10-01,1,25
8424,2164,2024-10-01,8,17
8425,2164,2024-12-25,1,68
8426,2164,2024-12-25,6,23
8427,2165,2024-07-11,5,15
8428,2165,2024-07-11,6,52
8429,2165,2024-07-11,7,49
8430,2166,2024-07-02,1,73
8431,2166,2024-07-02,4,55
8432,2166,2024-07-02,8,60
8433,2166,2024-06-13,2,48
8434,2166,2024-06-13,3,63
8435,2166,2024-06-13,4,66
8436,2167,2024-07-27,1,61
8437,2167,2024-07-27,4,42
8438,2167,2024-07-11,1,62
8439,2167,2024-07-11,7,45
8440,2168,2024-04-29,1,72
8441,2168,2024-04-29,5,47
8442,2168,2024-04-29,7,27
8443,2169,2024-09-16,2,16
8444,2169,2024-09-16,4,62
8445,2169,2024-09-16,7,65
8446,2170,2024-03-29,8,44
8447,2171,2024-06-07,1,22
8448,2171,2024-06-07,5,30
8449,2172,2024-06-15,10,23
8450,2172,2024-06-15,5,22
8451,2172,2024-06-15,7,62
8452,2172,2024-12-26,3,32
8453,2172,2024-04-10,1,61
8454,2172,2024-04-24,1,44
8455,2172,2024-04-24,2,70
8456,2172,2024-04-24,3,33
8457,2172,2024-04-24,5,12
8458,2172,2024-04-24,6,30
8459,2173,2024-05-30,2,18
8460,2174,2024-05-19,1,45
8461,2174,2024-05-19,4,42
8462,2175,2024-10-03,1,48
8463,2175,2024-10-03,2,10
8464,2176,2024-07-07,5,46
8465,2176,2024-07-07,7,28
8466,2177,2024-07-08,3,68
8467,2177,2024-07-08,5,27
8468,2177,2024-07-08,6,72
8469,2177,2024-07-08,7,36
8470,2177,2024-08-28,4,72
8471,2178,2024-12-23,3,16
8472,2179,2024-02-16,1,46
8473,2179,2024-02-16,2,46
8474,2179,2024-06-09,1,65
8475,2179,2024-06-09,3,71
8476,2179,2024-06-09,4,35
8477,2180,2024-06-01,1,28
8478,2180,2024-06-01,5,21
8479,2180,2024-06-01,7,22
8480,2181,2024-01-27,1,39
8481,2181,2024-01-27,5,65
8482,2181,2024-01-27,6,58
8483,2181,2024-07-10,1,17
8484,2181,2024-07-10,4,34
8485,2181,2024-07-10,7,38
8486,2181,2024-04-26,2,48
8487,2181,2024-04-26,3,72
8488,2181,2024-04-26,7,17
8489,2181,2024-12-18,1,26
8490,2181,2024-12-18,2,50
8491,2181,2024-12-18,5,66
8492,2182,2024-07-24,3,47
8493,2183,2024-09-11,7,45
8494,2184,2024-01-15,1,38
8495,2184,2024-01-15,2,45
8496,2184,2024-01-15,5,56
8497,2184,2024-01-15,8,64
8498,2184,2024-04-11,3,20
8499,2184,2024-04-11,4,74
8500,2184,2024-04-02,7,27
8501,2185,2024-06-17,3,40
8502,2186,2024-07-21,9,71
8503,2186,2024-07-21,3,44
8504,2186,2024-07-21,5,69
8505,2186,2024-04-05,3,58
8506,2186,2024-04-05,8,64
8507,2186,2024-11-07,9,21
8508,2186,2024-11-07,2,38
8509,2186,2024-11-07,7,48
8510,2187,2024-05-17,1,11
8511,2187,2024-05-17,9,37
8512,2187,2024-05-17,6,31
8513,2187,2024-05-17,8,48
8514,2188,2024-06-14,1,42
8515,2188,2024-06-14,3,55
8516,2189,2024-07-02,5,46
8517,2189,2024-07-02,8,46
8518,2190,2024-07-22,1,11
8519,2190,2024-07-22,3,12
8520,2190,2024-10-16,1,15
8521,2190,2024-10-16,9,16
8522,2190,2024-10-16,4,52
8523,2191,2024-06-29,1,47
8524,2191,2024-06-29,3,61
8525,2191,2024-06-29,4,17
8526,2191,2024-06-29,5,51
8527,2192,2024-06-13,2,68
8528,2192,2024-06-13,3,14
8529,2192,2024-06-13,4,14
8530,2192,2024-06-13,5,51
8531,2193,2024-12-26,1,16
8532,2193,2024-12-26,10,73
8533,2193,2024-12-26,2,55
8534,2194,2024-04-09,9,52
8535,2195,2024-05-24,5,37
8536,2196,2024-04-22,9,65
8537,2196,2024-04-22,2,45
8538,2196,2024-04-22,1,14
8539,2196,2024-07-28,4,48
8540,2196,2024-07-28,6,32
8541,2196,2024-11-17,1,52
8542,2196,2024-11-17,5,51
8543,2197,2024-12-07,9,22
8544,2197,2024-11-09,5,22
8545,2197,2024-11-09,7,56
8546,2197,2024-09-11,2,57
8547,2197,2024-09-11,5,32
8548,2197,2024-09-11,8,44
8549,2197,2024-03-07,4,66
8550,2198,2024-01-21,3,53
8551,2198,2024-12-17,2,25
8552,2198,2024-12-17,7,21
8553,2198,2024-12-17,8,23
8554,2198,2024-10-09,2,29
8555,2198,2024-10-09,4,55
8556,2198,2024-10-09,5,35
8557,2198,2024-10-09,6,35
8558,2198,2024-12-25,1,25
8559,2198,2024-12-25,2,70
8560,2198,2024-12-25,5,29
8561,2198,2024-12-25,10,19
8562,2199,2024-10-19,2,18
8563,2199,2024-10-19,4,22
8564,2199,2024-10-19,7,47
8565,2199,2024-02-03,9,40
8566,2199,2024-02-03,2,71
8567,2199,2024-02-03,4,11
8568,2199,2024-02-03,1,32
8569,2200,2024-04-24,2,42
8570,2201,2024-10-01,1,60
8571,2201,2024-10-01,2,69
8572,2201,2024-12-26,1,29
8573,2201,2024-12-26,5,25
8574,2202,2024-07-15,7,19
8575,2203,2024-06-18,2,58
8576,2204,2024-07-09,1,58
8577,2204,2024-07-09,9,32
8578,2204,2024-07-09,4,20
8579,2204,2024-07-09,5,52
8580,2205,2024-06-08,9,43
8581,2205,2024-06-08,4,11
8582,2206,2024-10-10,1,26
8583,2206,2024-10-10,2,11
8584,2206,2024-10-10,6,53
8585,2206,2024-10-10,7,45
8586,2206,2024-08-27,2,17
8587,2206,2024-08-27,3,13
8588,2206,2024-08-27,4,71
8589,2207,2024-06-13,9,34
8590,2207,2024-06-13,4,57
8591,2207,2024-06-13,7,40
8592,2208,2024-06-26,9,64
8593,2208,2024-06-26,2,45
8594,2209,2024-01-14,8,54
8595,2210,2024-06-20,4,10
8596,2210,2024-08-29,2,51
8597,2210,2024-08-29,3,43
8598,2210,2024-08-29,4,75
8599,2210,2024-08-29,5,40
8600,2210,2024-06-04,2,28
8601,2210,2024-06-04,3,35
8602,2210,2024-06-04,6,53
8603,2210,2024-06-04,7,72
8604,2210,2024-06-04,8,10
8605,2210,2024-11-14,1,17
8606,2210,2024-11-14,7,71
8607,2211,2024-12-15,9,50
8608,2211,2024-12-15,4,59
8609,2212,2024-12-06,3,34
8610,2213,2024-06-26,8,37
8611,2214,2024-08-09,2,68
8612,2214,2024-08-09,3,52
8613,2214,2024-08-09,5,49
8614,2214,2024-08-09,6,72
8615,2214,2024-01-25,1,20
8616,2215,2024-09-13,1,55
8617,2216,2024-04-28,2,66
8618,2216,2024-04-28,6,31
8619,2216,2024-04-28,7,75
8620,2216,2024-04-28,8,29
8621,2217,2024-10-22,1,58
8622,2217,2024-10-22,2,11
8623,2217,2024-10-22,3,47
8624,2217,2024-10-22,6,16
8625,2217,2024-10-22,8,32
8626,2218,2024-09-10,2,20
8627,2218,2024-09-10,3,36
8628,2218,2024-09-10,5,40
8629,2218,2024-09-10,8,53
8630,2219,2024-01-24,9,29
8631,2219,2024-01-24,4,44
8632,2219,2024-01-24,5,46
8633,2220,2024-02-15,2,15
8634,2221,2024-11-03,2,38
8635,2221,2024-11-03,4,59
8636,2221,2024-11-03,6,13
8637,2221,2024-02-19,1,39
8638,2221,2024-02-19,5,24
8639,2221,2024-02-19,8,27
8640,2221,2024-12-24,2,55
8641,2221,2024-12-24,3,42
8642,2221,2024-12-24,5,56
8643,2221,2024-12-24,6,63
8644,2221,2024-12-24,9,11
8645,2221,2024-06-06,5,62
8646,2222,2024-09-17,3,49
8647,2222,2024-09-17,4,24
8648,2222,2024-09-17,7,32
8649,2222,2024-09-17,8,62
8650,2223,2024-10-12,2,26
8651,2223,2024-10-12,4,68
8652,2223,2024-10-12,8,73
8653,2224,2024-04-27,4,54
8654,2224,2024-09-25,1,39
8655,2224,2024-09-25,4,61
8656,2224,2024-09-25,5,48
8657,2224,2024-09-22,3,25
8658,2224,2024-09-22,4,74
8659,2224,2024-09-22,5,46
8660,2225,2024-03-11,1,67
8661,2225,2024-03-11,6,10
8662,2225,2024-03-11,7,32
8663,2226,2024-06-30,1,58
8664,2226,2024-06-30,4,24
8665,2227,2024-06-23,1,43
8666,2227,2024-06-23,2,43
8667,2227,2024-06-23,5,31
8668,2227,2024-06-23,7,66
8669,2228,2024-09-19,5,74
8670,2229,2024-09-12,2,51
8671,2229,2024-09-18,9,57
8672,2229,2024-09-18,10,24
8673,2229,2024-09-18,4,30
8674,2229,2024-09-18,8,23
8675,2229,2024-07-27,2,66
8676,2229,2024-07-27,5,57
8677,2229,2024-07-27,6,64
8678,2229,2024-07-27,8,39
8679,2229,2024-02-15,2,13
8680,2229,2024-02-15,6,48
8681,2229,2024-02-15,7,68
8682,2230,2024-12-18,5,34
8683,2231,2024-08-05,1,75
8684,2231,2024-08-05,5,33
8685,2231,2024-08-05,6,24
8686,2231,2024-07-23,1,57
8687,2231,2024-07-23,9,75
8688,2231,2024-08-24,6,66
8689,2232,2024-05-28,1,65
8690,2232,2024-05-28,10,33
8691,2232,2024-05-28,5,43
8692,2232,2024-05-28,7,57
8693,2233,2024-04-04,2,74
8694,2234,2024-02-21,2,75
8695,2234,2024-02-21,3,50
8696,2234,2024-02-21,4,55
8697,2234,2024-02-21,6,30
8698,2234,2024-02-21,7,31
8699,2235,2024-06-04,1,46
8700,2235,2024-06-04,3,55
8701,2235,2024-06-04,5,50
8702,2235,2024-06-04,6,50
8703,2236,2024-04-21,1,74
8704,2236,2024-04-21,2,67
8705,2236,2024-04-21,7,32
8706,2237,2024-06-15,1,67
8707,2237,2024-06-15,4,40
8708,2237,2024-06-15,5,41
8709,2237,2024-06-15,8,56
8710,2237,2024-04-04,3,64
8711,2237,2024-04-04,7,37
8712,2238,2024-02-20,1,19
8713,2238,2024-02-20,2,66
8714,2239,2024-08-04,4,55
8715,2239,2024-04-09,3,26
8716,2239,2024-04-09,8,57
8717,2239,2024-01-06,3,62
8718,2239,2024-03-10,1,64
8719,2239,2024-03-10,2,70
8720,2240,2024-04-29,2,46
8721,2240,2024-04-29,6,72
8722,2240,2024-04-29,7,16
8723,2241,2024-05-03,2,60
8724,2241,2024-05-03,5,41
8725,2241,2024-04-15,1,24
8726,2241,2024-04-15,3,68
8727,2241,2024-04-15,5,52
8728,2242,2024-04-27,9,62
8729,2242,2024-04-27,2,52
8730,2242,2024-04-27,1,51
8731,2242,2024-05-13,1,70
8732,2242,2024-05-13,4,59
8733,2243,2024-06-21,3,69
8734,2243,2024-04-09,1,47
8735,2243,2024-04-09,2,21
8736,2243,2024-04-09,8,10
8737,2244,2024-09-15,9,67
8738,2244,2024-09-15,4,13
8739,2244,2024-09-15,8,40
8740,2244,2024-12-29,1,66
8741,2244,2024-12-29,4,43
8742,2245,2024-11-18,1,71
8743,2245,2024-11-18,9,16
8744,2245,2024-05-09,2,70
8745,2245,2024-05-09,5,19
8746,2245,2024-05-09,7,32
8747,2246,2024-11-11,2,22
8748,2246,2024-11-11,3,51
8749,2247,2024-06-18,1,13
8750,2247,2024-06-18,5,27
8751,2247,2024-06-18,8,66
8752,2248,2024-01-24,1,39
8753,2248,2024-01-24,2,13
8754,2248,2024-01-24,6,75
8755,2248,2024-01-24,7,39
8756,2249,2024-10-01,1,25
8757,2249,2024-10-01,2,55
8758,2249,2024-10-01,5,26
8759,2249,2024-10-01,6,28
8760,2249,2024-09-07,2,17
8761,2249,2024-09-07,7,64
8762,2249,2024-07-07,5,71
8763,2250,2024-01-18,8,37
8764,2251,2024-02-03,3,17
8765,2251,2024-02-03,6,59
8766,2251,2024-02-03,7,11
8767,2251,2024-06-23,1,47
8768,2251,2024-06-23,2,13
8769,2251,2024-06-23,6,55
8770,2251,2024-06-23,8,22
8771,2252,2024-04-04,4,32
8772,2253,2024-09-23,1,45
8773,2253,2024-09-23,2,15
8774,2253,2024-09-23,5,68
8775,2253,2024-09-23,6,12
8776,2254,2024-11-12,2,34
8777,2254,2024-11-12,4,51
8778,2255,2024-03-24,1,28
8779,2256,2024-06-17,2,30
8780,2256,2024-06-17,3,29
8781,2256,2024-06-17,5,47
8782,2257,2024-04-24,1,43
8783,2258,2024-07-20,2,23
8784,2259,2024-10-02,3,27
8785,2259,2024-10-02,4,59
8786,2260,2024-12-12,9,32
8787,2260,2024-12-12,2,70
8788,2260,2024-12-12,4,40
8789,2261,2024-09-23,9,51
8790,2261,2024-09-23,2,62
8791,2261,2024-09-23,5,13
8792,2261,2024-09-23,6,62
8793,2262,2024-07-07,2,37
8794,2262,2024-07-07,3,20
8795,2262,2024-07-07,4,57
8796,2262,2024-07-07,6,72
8797,2262,2024-07-07,7,64
8798,2262,2024-12-05,1,42
8799,2262,2024-12-05,4,42
8800,2262,2024-12-05,5,42
8801,2263,2024-06-25,2,74
8802,2263,2024-06-25,3,43
8803,2263,2024-06-25,5,42
8804,2264,2024-10-03,1,71
8805,2264,2024-10-03,2,70
8806,2264,2024-10-03,5,24
8807,2264,2024-10-03,7,49
8808,2265,2024-06-01,9,29
8809,2265,2024-06-01,1,64
8810,2265,2024-06-01,7,11
8811,2265,2024-06-01,10,19
8812,2266,2024-04-27,4,66
8813,2267,2024-07-16,1,22
8814,2267,2024-07-16,10,38
8815,2267,2024-07-16,7,70
8816,2268,2024-11-19,1,44
8817,2268,2024-11-19,2,45
8818,2268,2024-11-19,5,42
8819,2269,2024-10-16,2,27
8820,2269,2024-10-16,6,54
8821,2269,2024-10-16,8,61
8822,2270,2024-10-10,1,52
8823,2270,2024-10-10,10,19
8824,2270,2024-10-10,8,21
8825,2271,2024-12-12,4,56
8826,2272,2024-03-07,3,26
8827,2272,2024-03-07,8,19
8828,2272,2024-12-06,1,11
8829,2272,2024-12-06,2,10
8830,2272,2024-12-06,7,10
8831,2273,2024-03-14,10,63
8832,2273,2024-03-14,3,48
8833,2273,2024-03-14,4,23
8834,2273,2024-03-13,1,32
8835,2273,2024-03-13,2,74
8836,2273,2024-03-13,8,57
8837,2274,2024-12-18,9,34
8838,2274,2024-12-18,3,20
8839,2274,2024-12-18,4,45
8840,2275,2024-04-26,2,73
8841,2275,2024-04-26,4,35
8842,2275,2024-04-26,6,28
8843,2276,2024-09-22,9,15
8844,2276,2024-09-22,1,40
8845,2276,2024-09-22,3,67
8846,2276,2024-09-22,6,70
8847,2277,2024-06-22,1,50
8848,2277,2024-06-22,2,34
8849,2277,2024-06-22,7,68
8850,2278,2024-06-28,2,50
8851,2278,2024-06-28,4,24
8852,2278,2024-06-28,7,54
8853,2278,2024-03-07,5,45
8854,2278,2024-07-09,5,73
8855,2278,2024-12-28,9,27
8856,2278,2024-12-28,3,39
8857,2278,2024-12-28,7,68
8858,2279,2024-03-03,1,74
8859,2279,2024-03-03,4,28
8860,2279,2024-03-03,7,22
8861,2279,2024-03-03,9,16
8862,2279,2024-03-03,10,66
8863,2280,2024-07-12,1,56
8864,2280,2024-07-12,5,50
8865,2280,2024-07-12,6,69
8866,2280,2024-07-12,7,15
8867,2281,2024-02-29,1,69
8868,2281,2024-02-29,2,62
8869,2281,2024-02-29,3,62
8870,2282,2024-12-02,1,60
8871,2282,2024-12-02,2,58
8872,2282,2024-12-02,6,13
8873,2282,2024-04-16,1,73
8874,2282,2024-04-16,2,26
8875,2282,2024-04-16,5,36
8876,2282,2024-04-16,6,13
8877,2283,2024-06-03,1,65
8878,2283,2024-06-03,10,33
8879,2283,2024-06-03,3,59
8880,2284,2024-01-21,1,31
8881,2284,2024-01-21,2,17
8882,2284,2024-01-21,4,43
8883,2284,2024-01-21,6,31
8884,2285,2024-04-25,2,10
8885,2285,2024-04-25,3,61
8886,2285,2024-04-25,4,74
8887,2285,2024-04-25,6,52
8888,2286,2024-10-06,1,19
8889,2286,2024-10-06,10,39
8890,2286,2024-10-06,4,34
8891,2286,2024-10-06,8,14
8892,2287,2024-02-09,1,36
8893,2287,2024-02-09,2,48
8894,2287,2024-02-09,4,54
8895,2288,2024-02-10,1,31
8896,2288,2024-02-10,2,43
8897,2289,2024-01-09,7,49
8898,2290,2024-10-22,1,21
8899,2290,2024-10-22,10,64
8900,2290,2024-10-22,9,59
8901,2291,2024-10-24,1,38
8902,2291,2024-10-24,3,38
8903,2291,2024-10-24,7,66
8904,2292,2024-09-06,1,26
8905,2292,2024-09-06,10,15
8906,2292,2024-09-06,2,64
8907,2292,2024-09-06,8,60
8908,2293,2024-07-19,2,74
8909,2294,2024-01-05,5,51
8910,2295,2024-07-04,1,22
8911,2295,2024-07-04,4,73
8912,2295,2024-11-28,4,74
8913,2296,2024-02-04,1,40
8914,2296,2024-02-04,2,12
8915,2296,2024-02-04,3,66
8916,2296,2024-02-04,7,69
8917,2296,2024-02-04,9,28
8918,2297,2024-06-23,2,60
8919,2297,2024-06-23,4,66
8920,2298,2024-03-09,2,65
8921,2299,2024-09-07,1,51
8922,2300,2024-06-05,1,57
8923,2300,2024-10-19,1,18
8924,2300,2024-10-19,2,65
8925,2300,2024-10-19,3,73
8926,2301,2024-07-10,1,50
8927,2301,2024-07-10,9,28
8928,2301,2024-07-10,3,61
8929,2301,2024-07-10,6,21
8930,2302,2024-10-09,1,74
8931,2302,2024-10-09,3,40
8932,2302,2024-10-09,4,70
8933,2302,2024-10-14,10,65
8934,2302,2024-10-14,8,42
8935,2302,2024-12-04,1,51
8936,2302,2024-12-04,2,21
8937,2302,2024-12-04,5,62
8938,2303,2024-05-21,2,39
8939,2303,2024-05-21,8,12
8940,2304,2024-06-21,2,40
8941,2305,2024-04-14,10,24
8942,2305,2024-04-14,3,52
8943,2305,2024-04-14,5,41
8944,2305,2024-04-14,8,40
8945,2305,2024-07-02,2,20
8946,2306,2024-01-19,1,58
8947,2306,2024-01-19,2,21
8948,2306,2024-01-19,3,13
8949,2306,2024-01-19,8,18
8950,2306,2024-01-19,9,14
8951,2306,2024-10-23,9,74
8952,2306,2024-10-23,4,18
8953,2306,2024-10-23,5,58
8954,2306,2024-10-23,8,21
8955,2306,2024-12-25,2,64
8956,2306,2024-12-25,4,59
8957,2306,2024-12-25,5,24
8958,2306,2024-12-25,6,48
8959,2307,2024-06-21,1,71
8960,2307,2024-10-23,1,35
8961,2307,2024-10-23,2,59
8962,2307,2024-10-23,3,19
8963,2307,2024-10-23,6,32
8964,2308,2024-07-12,1,59
8965,2308,2024-07-12,5,22
8966,2308,2024-07-22,9,30
8967,2308,2024-07-22,1,18
8968,2308,2024-07-22,5,29
8969,2308,2024-07-22,7,20
8970,2309,2024-09-19,1,59
8971,2309,2024-09-19,2,14
8972,2309,2024-09-19,4,40
8973,2309,2024-09-19,7,30
8974,2310,2024-09-20,9,69
8975,2310,2024-09-20,2,69
8976,2310,2024-09-20,3,57
8977,2310,2024-09-20,4,65
8978,2310,2024-05-01,1,49
8979,2310,2024-05-01,4,57
8980,2310,2024-05-01,5,27
8981,2311,2024-10-18,3,53
8982,2312,2024-02-09,1,20
8983,2312,2024-02-09,3,34
8984,2312,2024-02-09,4,40
8985,2312,2024-02-09,6,12
8986,2312,2024-02-09,10,75
8987,2312,2024-11-09,2,27
8988,2312,2024-11-09,6,57
8989,2312,2024-11-27,2,26
8990,2312,2024-11-27,5,31
8991,2312,2024-11-27,8,75
8992,2313,2024-07-18,9,40
8993,2313,2024-07-18,10,60
8994,2313,2024-07-18,2,35
8995,2314,2024-08-19,2,65
8996,2314,2024-04-27,2,34
8997,2315,2024-11-24,1,39
8998,2315,2024-11-24,3,23
8999,2316,2024-06-05,1,41
9000,2317,2024-08-25,1,70
9001,2317,2024-08-25,2,16
9002,2317,2024-08-25,10,75
9003,2317,2024-08-25,7,33
9004,2318,2024-09-22,9,57
9005,2318,2024-07-14,1,25
9006,2318,2024-07-14,6,19
9007,2319,2024-08-19,4,13
9008,2320,2024-09-07,1,38
9009,2320,2024-09-07,3,36
9010,2320,2024-09-07,4,15
9011,2320,2024-09-07,5,18
9012,2321,2024-11-04,4,20
9013,2321,2024-11-04,5,64
9014,2322,2024-12-29,1,75
9015,2323,2024-12-05,3,74
9016,2323,2024-12-05,4,25
9017,2323,2024-10-14,1,63
9018,2323,2024-10-14,2,32
9019,2323,2024-10-14,5,41
9020,2323,2024-10-14,6,57
9021,2323,2024-10-14,9,74
9022,2323,2024-04-27,1,65
9023,2323,2024-04-27,3,74
9024,2323,2024-04-27,4,14
9025,2323,2024-04-27,6,68
9026,2323,2024-04-27,10,62
9027,2324,2024-01-08,1,35
9028,2324,2024-01-08,2,54
9029,2324,2024-01-08,3,58
9030,2325,2024-07-26,1,33
9031,2325,2024-07-26,4,70
9032,2325,2024-07-26,6,13
9033,2325,2024-06-24,4,57
9034,2325,2024-06-24,7,42
9035,2325,2024-04-24,9,43
9036,2325,2024-04-24,7,14
9037,2325,2024-10-18,2,59
9038,2326,2024-12-17,1,23
9039,2326,2024-12-17,4,52
9040,2326,2024-12-17,6,60
9041,2326,2024-12-17,7,55
9042,2327,2024-09-10,1,41
9043,2327,2024-09-10,2,44
9044,2327,2024-09-10,5,42
9045,2327,2024-09-10,6,53
9046,2328,2024-09-25,2,34
9047,2328,2024-09-25,3,32
9048,2328,2024-09-25,4,63
9049,2328,2024-03-07,2,66
9050,2329,2024-09-27,4,19
9051,2330,2024-04-25,9,55
9052,2331,2024-07-23,9,59
9053,2331,2024-07-23,2,57
9054,2331,2024-07-23,5,44
9055,2331,2024-07-23,7,17
9056,2332,2024-12-10,1,15
9057,2332,2024-12-10,3,59
9058,2332,2024-12-10,5,24
9059,2332,2024-12-10,6,22
9060,2332,2024-12-10,7,42
9061,2332,2024-04-28,9,31
9062,2333,2024-10-03,2,63
9063,2333,2024-10-03,7,11
9064,2334,2024-12-16,9,56
9065,2334,2024-12-16,1,12
9066,2334,2024-12-16,4,48
9067,2334,2024-12-16,7,46
9068,2334,2024-06-20,3,44
9069,2334,2024-06-20,7,75
9070,2334,2024-11-07,4,18
9071,2334,2024-11-07,5,23
9072,2334,2024-09-18,2,26
9073,2334,2024-09-18,3,65
9074,2335,2024-02-22,4,11
9075,2335,2024-02-22,7,14
9076,2335,2024-08-06,2,38
9077,2335,2024-08-06,3,64
9078,2335,2024-08-06,4,55
9079,2335,2024-08-06,6,14
9080,2335,2024-08-06,9,69
9081,2335,2024-06-22,9,48
9082,2335,2024-06-22,2,10
9083,2335,2024-06-22,3,68
9084,2335,2024-07-05,2,53
9085,2336,2024-10-20,1,35
9086,2337,2024-05-10,1,47
9087,2337,2024-05-10,10,39
9088,2338,2024-10-12,10,70
9089,2339,2024-04-10,10,46
9090,2339,2024-04-10,3,64
9091,2340,2024-07-16,1,55
9092,2340,2024-07-16,10,40
9093,2341,2024-06-11,1,16
9094,2341,2024-06-11,8,25
9095,2342,2024-09-07,9,29
9096,2342,2024-09-07,6,58
9097,2342,2024-09-07,7,36
9098,2343,2024-11-21,1,66
9099,2343,2024-11-21,2,53
9100,2343,2024-11-14,1,14
9101,2343,2024-11-14,2,57
9102,2343,2024-11-14,3,47
9103,2343,2024-11-14,5,27
9104,2344,2024-12-11,6,21
9105,2344,2024-05-09,4,60
9106,2345,2024-07-27,1,75
9107,2345,2024-07-27,2,21
9108,2345,2024-03-20,3,42
9109,2345,2024-03-20,4,23
9110,2345,2024-03-20,7,19
9111,2346,2024-09-16,1,23
9112,2346,2024-09-16,2,34
9113,2346,2024-09-16,5,24
9114,2346,2024-09-16,8,44
9115,2347,2024-09-12,1,44
9116,2347,2024-09-12,3,36
9117,2347,2024-09-12,4,43
9118,2347,2024-09-12,5,65
9119,2347,2024-09-12,6,39
9120,2348,2024-12-04,1,61
9121,2348,2024-12-04,3,35
9122,2348,2024-12-04,7,50
9123,2349,2024-12-03,2,52
9124,2349,2024-12-03,3,68
9125,2349,2024-11-26,2,67
9126,2349,2024-07-11,9,68
9127,2349,2024-07-11,3,35
9128,2349,2024-06-01,8,13
9129,2350,2024-10-07,1,28
9130,2350,2024-10-07,2,23
9131,2350,2024-10-07,3,52
9132,2350,2024-10-07,4,55
9133,2351,2024-12-16,9,66
9134,2351,2024-12-16,6,41
9135,2351,2024-12-16,7,67
9136,2351,2024-09-29,9,53
9137,2351,2024-09-29,2,62
9138,2351,2024-09-29,5,20
9139,2351,2024-09-29,1,37
9140,2352,2024-07-10,1,14
9141,2352,2024-07-10,2,61
9142,2352,2024-07-10,6,41
9143,2353,2024-04-21,3,51
9144,2353,2024-04-21,8,53
9145,2354,2024-06-15,1,11
9146,2354,2024-06-15,4,46
9147,2354,2024-06-15,6,29
9148,2354,2024-12-23,7,72
9149,2355,2024-04-15,1,61
9150,2355,2024-04-15,3,63
9151,2355,2024-04-15,4,59
9152,2355,2024-04-15,5,66
9153,2356,2024-04-23,2,34
9154,2356,2024-04-23,3,59
9155,2356,2024-04-23,4,14
9156,2356,2024-04-23,6,73
9157,2356,2024-01-14,1,33
9158,2356,2024-01-14,3,12
9159,2356,2024-01-14,4,73
9160,2356,2024-01-14,5,75
9161,2356,2024-01-14,7,40
9162,2356,2024-02-25,4,23
9163,2356,2024-02-25,8,34
9164,2357,2024-06-11,1,52
9165,2357,2024-06-11,2,29
9166,2357,2024-06-11,4,58
9167,2357,2024-06-11,8,43
9168,2357,2024-10-23,9,34
9169,2357,2024-10-23,3,32
9170,2357,2024-10-23,8,28
9171,2357,2024-06-16,1,46
9172,2357,2024-06-16,2,74
9173,2357,2024-06-16,3,11
9174,2358,2024-01-10,2,10
9175,2358,2024-01-10,4,13
9176,2359,2024-08-16,4,29
9177,2360,2024-07-23,2,67
9178,2360,2024-07-23,10,22
9179,2361,2024-07-27,2,74
9180,2361,2024-07-27,7,75
9181,2361,2024-07-27,8,17
9182,2361,2024-05-30,2,69
9183,2361,2024-03-11,4,47
9184,2361,2024-03-11,5,14
9185,2362,2024-12-21,2,53
9186,2362,2024-12-21,3,39
9187,2362,2024-12-21,5,69
9188,2362,2024-12-21,6,50
9189,2363,2024-10-14,1,29
9190,2364,2024-11-25,3,20
9191,2365,2024-07-09,5,16
9192,2365,2024-07-09,7,52
9193,2365,2024-07-21,1,14
9194,2365,2024-07-21,3,39
9195,2365,2024-07-21,8,31
9196,2366,2024-12-17,2,34
9197,2367,2024-05-05,1,11
9198,2367,2024-05-05,4,62
9199,2367,2024-05-05,8,45
9200,2367,2024-04-20,2,56
9201,2367,2024-04-20,4,51
9202,2368,2024-12-24,1,10
9203,2368,2024-12-24,5,14
9204,2368,2024-07-10,1,25
9205,2368,2024-07-10,2,38
9206,2368,2024-07-10,6,15
9207,2368,2024-07-10,8,59
9208,2368,2024-12-14,1,57
9209,2369,2024-12-08,2,34
9210,2369,2024-12-08,3,62
9211,2369,2024-12-08,5,42
9212,2370,2024-09-01,7,58
9213,2371,2024-02-03,1,25
9214,2371,2024-02-03,10,75
9215,2371,2024-02-03,2,27
9216,2371,2024-06-14,1,31
9217,2371,2024-08-15,1,30
9218,2371,2024-08-15,2,25
9219,2371,2024-08-15,8,37
9220,2371,2024-12-18,9,74
9221,2371,2024-12-18,4,25
9222,2371,2024-12-18,5,46
9223,2372,2024-06-05,2,32
9224,2372,2024-06-05,3,27
9225,2373,2024-02-24,6,20
9226,2373,2024-10-17,1,53
9227,2373,2024-10-17,4,38
9228,2373,2024-10-17,6,28
9229,2373,2024-10-17,7,21
9230,2374,2024-07-05,2,71
9231,2375,2024-06-22,10,21
9232,2375,2024-06-22,5,47
9233,2375,2024-06-22,7,41
9234,2376,2024-03-09,5,48
9235,2376,2024-03-09,6,25
9236,2376,2024-03-09,7,69
9237,2376,2024-06-10,2,23
9238,2376,2024-06-10,3,23
9239,2376,2024-06-10,5,54
9240,2376,2024-06-10,6,45
9241,2376,2024-06-10,8,36
9242,2376,2024-06-05,7,67
9243,2377,2024-07-13,1,47
9244,2378,2024-08-27,9,10
9245,2379,2024-04-12,4,27
9246,2379,2024-04-12,5,13
9247,2379,2024-04-12,8,62
9248,2380,2024-04-04,1,13
9249,2380,2024-04-04,3,13
9250,2380,2024-04-04,5,34
9251,2381,2024-12-11,1,57
9252,2381,2024-12-11,5,28
9253,2382,2024-10-26,1,26
9254,2382,2024-10-26,10,16
9255,2382,2024-10-26,4,50
9256,2382,2024-10-26,6,58
9257,2383,2024-02-09,3,22
9258,2383,2024-02-09,5,64
9259,2383,2024-02-09,6,66
9260,2383,2024-07-09,8,28
9261,2383,2024-07-05,9,12
9262,2383,2024-07-05,5,22
9263,2383,2024-07-05,7,39
9264,2383,2024-06-06,2,67
9265,2384,2024-11-04,2,31
9266,2385,2024-12-21,4,68
9267,2385,2024-12-21,6,35
9268,2385,2024-12-21,7,12
9269,2386,2024-03-17,9,65
9270,2386,2024-03-17,4,24
9271,2386,2024-03-17,8,33
9272,2387,2024-12-05,6,27
9273,2387,2024-10-24,2,15
9274,2387,2024-10-24,4,44
9275,2388,2024-04-14,1,21
9276,2389,2024-05-06,2,17
9277,2389,2024-05-06,4,22
9278,2389,2024-05-06,6,50
9279,2389,2024-05-06,8,65
9280,2389,2024-10-08,1,43
9281,2389,2024-10-08,7,24
9282,2389,2024-02-12,2,33
9283,2389,2024-02-12,3,66
9284,2389,2024-02-12,6,18
9285,2389,2024-02-12,7,46
9286,2389,2024-05-13,10,69
9287,2389,2024-05-13,6,22
9288,2389,2024-05-13,2,71
9289,2390,2024-06-28,1,75
9290,2390,2024-06-28,4,22
9291,2391,2024-01-12,9,55
9292,2391,2024-01-12,2,38
9293,2391,2024-01-12,7,34
9294,2392,2024-02-05,1,74
9295,2392,2024-02-05,2,75
9296,2392,2024-02-05,4,35
9297,2392,2024-02-05,5,36
9298,2393,2024-05-17,1,32
9299,2394,2024-03-19,4,29
9300,2395,2024-12-22,5,61
9301,2396,2024-12-24,2,43
9302,2396,2024-12-24,4,42
9303,2396,2024-12-24,10,16
9304,2396,2024-12-13,2,56
9305,2396,2024-12-13,4,20
9306,2397,2024-03-10,5,14
9307,2397,2024-03-10,6,42
9308,2397,2024-03-10,7,47
9309,2398,2024-06-18,5,27
9310,2398,2024-06-18,8,12
9311,2399,2024-12-14,1,36
9312,2399,2024-12-14,2,19
9313,2399,2024-12-14,4,22
9314,2400,2024-10-05,2,47
9315,2400,2024-10-05,4,44
9316,2400,2024-10-05,8,26
9317,2400,2024-12-03,2,52
9318,2400,2024-12-03,7,74
9319,2401,2024-09-23,9,62
9320,2401,2024-09-23,10,38
9321,2401,2024-09-23,3,10
9322,2401,2024-09-23,2,45
9323,2402,2024-10-07,2,48
9324,2402,2024-10-07,4,66
9325,2402,2024-10-07,7,58
9326,2403,2024-04-14,1,31
9327,2403,2024-04-14,3,74
9328,2403,2024-04-14,4,18
9329,2404,2024-07-05,10,53
9330,2404,2024-10-04,1,46
9331,2404,2024-10-04,2,58
9332,2404,2024-10-04,6,30
9333,2404,2024-10-04,8,41
9334,2405,2024-09-24,9,65
9335,2406,2024-11-04,2,64
9336,2406,2024-11-04,8,38
9337,2407,2024-04-16,1,47
9338,2407,2024-12-15,2,15
9339,2407,2024-12-15,4,20
9340,2408,2024-09-26,2,56
9341,2408,2024-09-26,3,52
9342,2408,2024-12-13,2,66
9343,2408,2024-12-13,3,36
9344,2408,2024-12-13,4,53
9345,2408,2024-12-13,7,28
9346,2409,2024-07-20,1,70
9347,2409,2024-07-20,2,68
9348,2409,2024-07-20,5,43
9349,2409,2024-07-20,7,22
9350,2410,2024-12-21,1,63
9351,2410,2024-12-21,3,60
9352,2410,2024-12-21,7,50
9353,2410,2024-09-05,1,53
9354,2410,2024-09-05,2,75
9355,2410,2024-09-05,3,60
9356,2411,2024-12-21,3,20
9357,2412,2024-09-15,3,62
9358,2413,2024-01-11,9,45
9359,2413,2024-01-11,4,62
9360,2413,2024-01-11,5,29
9361,2414,2024-07-28,2,32
9362,2415,2024-08-10,1,73
9363,2415,2024-08-10,2,46
9364,2415,2024-08-10,3,66
9365,2415,2024-08-10,6,67
9366,2415,2024-08-10,8,47
9367,2416,2024-10-13,3,37
9368,2416,2024-12-27,3,17
9369,2416,2024-12-27,5,24
9370,2416,2024-10-08,9,64
9371,2417,2024-07-30,2,52
9372,2417,2024-07-30,3,14
9373,2417,2024-07-30,5,36
9374,2418,2024-03-08,9,22
9375,2418,2024-03-08,6,64
9376,2418,2024-03-08,7,56
9377,2419,2024-04-07,5,17
9378,2419,2024-04-07,8,60
9379,2420,2024-03-08,4,49
9380,2420,2024-07-16,1,57
9381,2420,2024-07-16,2,67
9382,2420,2024-07-16,3,60
9383,2420,2024-07-16,6,49
9384,2420,2024-06-16,1,35
9385,2420,2024-06-16,7,31
9386,2420,2024-06-16,8,46
9387,2421,2024-04-11,3,32
9388,2421,2024-04-11,4,28
9389,2422,2024-04-22,1,38
9390,2422,2024-04-22,5,62
9391,2423,2024-10-12,2,17
9392,2423,2024-10-12,3,58
9393,2423,2024-10-12,6,15
9394,2424,2024-07-17,1,34
9395,2424,2024-07-17,3,62
9396,2424,2024-07-17,8,57
9397,2425,2024-12-14,9,55
9398,2425,2024-12-14,3,70
9399,2425,2024-09-29,3,13
9400,2425,2024-06-11,1,26
9401,2425,2024-12-23,2,42
9402,2425,2024-12-23,8,53
9403,2426,2024-01-26,1,65
9404,2426,2024-01-26,4,44
9405,2426,2024-01-26,5,33
9406,2426,2024-04-27,1,53
9407,2426,2024-04-27,5,71
9408,2426,2024-04-27,7,75
9409,2426,2024-10-22,9,41
9410,2426,2024-03-19,4,72
9411,2426,2024-03-19,6,11
9412,2427,2024-10-21,5,54
9413,2427,2024-10-21,6,60
9414,2428,2024-07-12,9,15
9415,2428,2024-07-12,1,52
9416,2428,2024-07-12,2,21
9417,2428,2024-09-17,3,33
9418,2428,2024-09-17,4,49
9419,2428,2024-01-29,1,34
9420,2428,2024-01-29,3,11
9421,2428,2024-01-29,4,66
9422,2428,2024-11-20,2,13
9423,2428,2024-11-20,4,43
9424,2428,2024-11-20,5,17
9425,2429,2024-05-12,1,60
9426,2429,2024-05-12,3,61
9427,2429,2024-05-12,6,22
9428,2430,2024-12-05,3,51
9429,2430,2024-12-05,7,46
9430,2430,2024-06-24,2,11
9431,2430,2024-06-24,3,47
9432,2430,2024-06-24,4,75
9433,2430,2024-06-24,5,12
9434,2430,2024-06-24,6,75
9435,2431,2024-06-25,2,72
9436,2431,2024-06-25,5,56
9437,2431,2024-06-25,10,42
9438,2431,2024-06-25,8,16
9439,2432,2024-10-29,2,74
9440,2432,2024-10-29,4,68
9441,2433,2024-11-12,7,28
9442,2434,2024-12-25,2,43
9443,2434,2024-12-25,4,44
9444,2434,2024-12-25,5,53
9445,2434,2024-12-25,6,12
9446,2435,2024-12-19,3,17
9447,2435,2024-12-19,7,25
9448,2436,2024-04-22,2,66
9449,2436,2024-04-22,3,31
9450,2436,2024-04-22,5,47
9451,2436,2024-04-22,6,57
9452,2437,2024-06-15,1,20
9453,2437,2024-06-15,3,62
9454,2438,2024-10-19,5,65
9455,2438,2024-10-19,7,39
9456,2438,2024-02-21,10,41
9457,2439,2024-04-07,1,55
9458,2439,2024-04-07,6,60
9459,2440,2024-10-26,1,17
9460,2440,2024-10-26,2,24
9461,2440,2024-10-26,3,52
9462,2440,2024-10-26,5,14
9463,2440,2024-10-26,6,41
9464,2441,2024-04-18,2,32
9465,2441,2024-04-18,3,35
9466,2441,2024-04-18,10,51
9467,2441,2024-01-13,1,57
9468,2441,2024-01-13,2,67
9469,2441,2024-01-13,7,21
9470,2441,2024-04-29,1,72
9471,2441,2024-04-29,10,49
9472,2441,2024-03-02,1,33
9473,2441,2024-03-02,2,67
9474,2441,2024-03-02,3,27
9475,2441,2024-03-02,5,75
9476,2442,2024-01-21,1,51
9477,2442,2024-01-21,10,39
9478,2442,2024-01-21,2,25
9479,2443,2024-06-24,3,17
9480,2444,2024-07-04,1,65
9481,2444,2024-07-04,3,69
9482,2444,2024-07-04,5,49
9483,2444,2024-07-04,6,43
9484,2445,2024-09-18,2,38
9485,2445,2024-09-18,5,45
9486,2445,2024-04-22,9,62
9487,2446,2024-07-08,9,56
9488,2447,2024-06-05,9,12
9489,2447,2024-06-05,2,20
9490,2447,2024-06-05,3,41
9491,2448,2024-05-15,1,12
9492,2448,2024-05-15,2,39
9493,2448,2024-09-06,2,15
9494,2448,2024-09-06,3,21
9495,2449,2024-06-03,1,44
9496,2449,2024-06-03,2,26
9497,2449,2024-06-03,4,15
9498,2449,2024-12-07,1,11
9499,2449,2024-12-07,2,45
9500,2449,2024-12-07,4,27
9501,2449,2024-12-07,6,47
9502,2449,2024-10-09,1,38
9503,2449,2024-10-09,2,30
9504,2449,2024-10-09,3,19
9505,2449,2024-10-09,10,18
9506,2450,2024-10-23,3,54
9507,2450,2024-10-23,5,67
9508,2450,2024-10-23,6,39
9509,2451,2024-06-22,10,43
9510,2451,2024-06-22,6,59
9511,2452,2024-09-17,9,26
9512,2452,2024-09-17,10,36
9513,2452,2024-09-17,3,16
9514,2452,2024-09-17,6,13
9515,2453,2024-05-11,1,73
9516,2453,2024-05-11,2,47
9517,2453,2024-05-11,9,65
9518,2453,2024-05-11,8,44
9519,2453,2024-10-13,2,31
9520,2453,2024-10-13,4,57
9521,2454,2024-02-06,1,54
9522,2454,2024-02-06,2,42
9523,2454,2024-02-06,6,30
9524,2455,2024-10-15,2,22
9525,2455,2024-10-15,3,16
9526,2455,2024-10-15,4,44
9527,2455,2024-10-15,5,39
9528,2456,2024-04-05,1,43
9529,2456,2024-04-05,3,75
9530,2456,2024-04-05,5,75
9531,2456,2024-04-05,6,39
9532,2456,2024-04-05,7,10
9533,2456,2024-05-22,4,64
9534,2456,2024-06-27,8,13
9535,2457,2024-06-14,2,56
9536,2457,2024-06-14,4,58
9537,2457,2024-06-14,6,67
9538,2458,2024-04-24,9,33
9539,2458,2024-04-24,5,71
9540,2458,2024-04-24,6,15
9541,2458,2024-04-24,8,75
9542,2459,2024-01-06,3,52
9543,2459,2024-01-06,4,47
9544,2460,2024-04-28,9,37
9545,2460,2024-04-28,4,75
9546,2460,2024-04-28,5,11
9547,2460,2024-04-28,8,56
9548,2461,2024-02-07,9,42
9549,2461,2024-02-07,3,66
9550,2462,2024-12-11,9,59
9551,2463,2024-10-27,9,66
9552,2463,2024-10-27,2,17
9553,2463,2024-10-27,4,54
9554,2463,2024-10-27,7,49
9555,2464,2024-12-07,1,75
9556,2464,2024-12-07,2,33
9557,2465,2024-04-15,1,67
9558,2465,2024-04-15,2,43
9559,2465,2024-04-15,4,51
9560,2465,2024-11-18,1,54
9561,2465,2024-11-18,4,71
9562,2465,2024-11-18,5,59
9563,2465,2024-11-18,6,61
9564,2465,2024-09-11,1,59
9565,2465,2024-09-11,9,51
9566,2465,2024-09-11,6,73
9567,2465,2024-09-11,7,18
9568,2465,2024-11-08,1,67
9569,2465,2024-11-08,3,49
9570,2465,2024-11-08,4,25
9571,2466,2024-09-08,2,62
9572,2467,2024-03-13,3,32
9573,2467,2024-03-13,8,45
9574,2467,2024-07-27,9,73
9575,2467,2024-07-27,2,63
9576,2467,2024-07-27,6,53
9577,2467,2024-07-27,1,39
9578,2467,2024-06-27,3,37
9579,2467,2024-12-24,1,24
9580,2467,2024-12-24,9,31
9581,2467,2024-12-24,7,45
9582,2467,2024-12-24,8,51
9583,2468,2024-12-04,9,48
9584,2468,2024-12-04,2,43
9585,2468,2024-12-04,3,22
9586,2468,2024-12-04,5,54
9587,2469,2024-10-25,4,62
9588,2469,2024-12-24,1,17
9589,2469,2024-12-24,2,75
9590,2469,2024-12-24,6,28
9591,2469,2024-12-24,9,38
9592,2469,2024-07-24,1,35
9593,2469,2024-07-24,2,38
9594,2469,2024-07-24,3,75
9595,2469,2024-07-24,10,12
9596,2470,2024-02-27,1,72
9597,2470,2024-02-27,10,33
9598,2470,2024-02-27,3,26
9599,2470,2024-09-06,1,50
9600,2470,2024-09-06,3,22
9601,2470,2024-09-06,8,23
9602,2471,2024-04-13,1,67
9603,2471,2024-04-13,4,18
9604,2471,2024-04-13,5,74
9605,2471,2024-04-13,8,57
9606,2472,2024-07-19,1,66
9607,2472,2024-07-28,1,35
9608,2472,2024-07-28,2,16
9609,2472,2024-07-28,3,61
9610,2472,2024-07-28,5,28
9611,2473,2024-10-04,1,18
9612,2473,2024-10-04,3,31
9613,2473,2024-10-04,4,39
9614,2473,2024-10-04,6,45
9615,2473,2024-07-28,1,15
9616,2473,2024-07-28,5,75
9617,2473,2024-06-16,2,69
9618,2473,2024-06-16,4,46
9619,2474,2024-01-21,2,75
9620,2475,2024-11-08,1,10
9621,2475,2024-11-08,4,48
9622,2475,2024-11-08,6,56
9623,2476,2024-09-29,9,69
9624,2476,2024-09-29,1,53
9625,2476,2024-09-29,3,65
9626,2477,2024-09-13,2,19
9627,2477,2024-09-13,3,49
9628,2477,2024-09-13,4,53
9629,2477,2024-09-13,6,37
9630,2477,2024-01-28,10,35
9631,2477,2024-01-28,5,35
9632,2477,2024-01-28,7,72
9633,2478,2024-10-28,1,60
9634,2478,2024-09-07,4,48
9635,2478,2024-09-07,7,49
9636,2479,2024-12-18,9,28
9637,2479,2024-12-18,4,13
9638,2479,2024-12-18,6,47
9639,2479,2024-12-17,2,23
9640,2479,2024-12-17,7,26
9641,2480,2024-04-14,2,74
9642,2481,2024-11-06,2,30
9643,2481,2024-11-06,4,65
9644,2481,2024-11-06,7,20
9645,2481,2024-08-20,1,28
9646,2481,2024-08-20,9,75
9647,2482,2024-11-21,1,46
9648,2483,2024-11-07,1,26
9649,2483,2024-11-07,10,29
9650,2483,2024-11-07,2,55
9651,2483,2024-11-07,8,61
9652,2484,2024-05-06,2,63
9653,2485,2024-10-12,9,14
9654,2485,2024-10-12,7,64
9655,2486,2024-12-25,9,63
9656,2486,2024-12-25,2,73
9657,2486,2024-12-25,8,16
9658,2487,2024-06-20,1,16
9659,2487,2024-06-20,3,18
9660,2488,2024-10-23,4,57
9661,2489,2024-01-04,10,74
9662,2489,2024-01-04,3,26
9663,2489,2024-01-04,2,53
9664,2490,2024-05-07,10,70
9665,2490,2024-05-07,3,19
9666,2490,2024-05-07,4,54
9667,2490,2024-05-07,5,61
9668,2491,2024-02-15,1,74
9669,2491,2024-02-15,4,72
9670,2491,2024-02-15,6,52
9671,2491,2024-02-15,7,74
9672,2492,2024-08-08,2,25
9673,2493,2024-07-30,2,17
9674,2493,2024-07-30,3,74
9675,2493,2024-07-30,4,69
9676,2493,2024-07-30,5,18
9677,2494,2024-06-10,1,23
9678,2494,2024-06-10,2,11
9679,2494,2024-06-10,7,16
9680,2494,2024-06-10,8,12
9681,2494,2024-06-10,10,43
9682,2495,2024-11-16,1,65
9683,2495,2024-11-16,2,52
9684,2495,2024-11-16,4,65
9685,2495,2024-11-16,5,53
9686,2496,2024-04-09,1,63
9687,2496,2024-04-09,9,18
9688,2496,2024-04-09,8,48
9689,2497,2024-10-17,1,68
9690,2497,2024-10-17,4,47
9691,2497,2024-10-17,7,32
9692,2498,2024-04-30,9,34
9693,2498,2024-04-30,3,67
9694,2499,2024-07-04,1,70
9695,2499,2024-07-04,2,10
9696,2499,2024-07-04,6,21
9697,2499,2024-07-04,8,28
9698,2500,2024-04-04,5,30
9699,2500,2024-04-04,6,26
9700,2500,2024-04-04,8,61
9701,2500,2024-11-09,1,22
9702,2500,2024-11-09,3,39
9703,2500,2024-11-09,4,47
9704,2500,2024-11-09,8,28
9705,2501,2024-12-29,2,75
9706,2502,2024-02-19,1,26
9707,2502,2024-02-19,3,74
9708,2502,2024-02-19,4,24
9709,2502,2024-02-19,5,20
9710,2503,2024-06-14,1,56
9711,2503,2024-06-14,2,18
9712,2503,2024-06-14,3,34
9713,2503,2024-06-14,4,54
9714,2504,2024-06-20,1,28
9715,2504,2024-06-20,2,48
9716,2504,2024-06-20,3,52
9717,2504,2024-06-20,8,25
9718,2505,2024-01-07,1,72
9719,2505,2024-01-07,2,29
9720,2505,2024-01-07,4,35
9721,2505,2024-01-07,6,26
9722,2506,2024-12-27,1,68
9723,2506,2024-12-27,2,50
9724,2506,2024-12-27,4,49
9725,2506,2024-12-27,5,21
9726,2507,2024-08-31,3,57
9727,2507,2024-08-31,8,50
9728,2508,2024-07-05,1,48
9729,2508,2024-07-05,9,72
9730,2508,2024-07-05,7,51
9731,2509,2024-06-03,1,35
9732,2509,2024-06-03,2,63
9733,2510,2024-07-09,1,25
9734,2510,2024-07-09,3,45
9735,2510,2024-07-09,5,23
9736,2510,2024-07-09,7,11
9737,2510,2024-04-12,3,63
9738,2510,2024-04-12,4,73
9739,2510,2024-04-12,8,55
9740,2511,2024-11-15,5,10
9741,2511,2024-11-15,8,45
9742,2511,2024-10-03,2,46
9743,2511,2024-10-03,3,27
9744,2511,2024-10-03,6,73
9745,2512,2024-06-29,2,60
9746,2512,2024-12-15,1,70
9747,2512,2024-12-15,2,25
9748,2512,2024-12-15,4,30
9749,2512,2024-12-15,8,30
9750,2513,2024-09-22,1,40
9751,2513,2024-09-22,2,63
9752,2513,2024-09-22,5,30
9753,2513,2024-09-22,8,15
9754,2513,2024-10-22,4,28
9755,2513,2024-11-05,2,49
9756,2513,2024-11-05,4,16
9757,2513,2024-11-05,6,27
9758,2513,2024-11-13,1,70
9759,2513,2024-11-13,2,12
9760,2513,2024-11-13,3,65
9761,2513,2024-11-13,4,43
9762,2513,2024-11-13,9,14
9763,2514,2024-08-25,2,73
9764,2515,2024-03-26,3,26
9765,2515,2024-03-26,4,64
9766,2516,2024-12-14,3,26
9767,2516,2024-12-14,8,43
9768,2517,2024-12-21,1,41
9769,2517,2024-12-21,2,24
9770,2517,2024-12-21,5,12
9771,2517,2024-12-21,8,47
9772,2518,2024-10-06,10,51
9773,2518,2024-10-06,4,14
9774,2518,2024-10-06,6,51
9775,2518,2024-12-22,2,44
9776,2518,2024-10-23,1,30
9777,2518,2024-10-23,2,69
9778,2518,2024-10-23,5,11
9779,2518,2024-10-23,6,59
9780,2519,2024-03-20,1,56
9781,2520,2024-11-21,1,22
9782,2520,2024-07-25,10,66
9783,2520,2024-07-25,5,29
9784,2520,2024-07-25,7,22
9785,2520,2024-07-25,2,69
9786,2520,2024-10-18,10,49
9787,2520,2024-10-18,4,70
9788,2520,2024-10-18,2,66
9789,2521,2024-04-18,1,25
9790,2521,2024-04-18,5,56
9791,2522,2024-09-24,1,48
9792,2522,2024-09-24,2,37
9793,2522,2024-09-24,10,41
9794,2522,2024-04-15,2,10
9795,2522,2024-04-15,4,15
9796,2522,2024-04-15,7,68
9797,2522,2024-03-01,4,63
9798,2522,2024-03-01,7,27
9799,2523,2024-10-25,9,22
9800,2523,2024-10-25,3,68
9801,2523,2024-10-25,5,33
9802,2523,2024-10-25,6,34
9803,2524,2024-04-06,5,53
9804,2525,2024-12-13,3,22
9805,2525,2024-12-13,7,58
9806,2526,2024-04-21,2,35
9807,2526,2024-04-21,6,10
9808,2526,2024-04-21,7,14
9809,2527,2024-08-13,1,63
9810,2527,2024-08-13,2,64
9811,2528,2024-12-06,1,49
9812,2528,2024-12-06,10,20
9813,2528,2024-12-06,6,13
9814,2528,2024-12-06,2,33
9815,2529,2024-07-17,1,75
9816,2529,2024-07-17,3,10
9817,2529,2024-07-17,5,32
9818,2529,2024-07-17,6,65
9819,2529,2024-10-22,6,16
9820,2529,2024-10-22,8,39
9821,2530,2024-03-04,2,30
9822,2531,2024-06-09,2,20
9823,2531,2024-06-09,6,66
9824,2532,2024-01-10,1,35
9825,2532,2024-01-10,9,64
9826,2532,2024-01-10,5,39
9827,2532,2024-01-10,2,63
9828,2533,2024-08-06,1,27
9829,2533,2024-08-06,2,64
9830,2533,2024-08-06,7,16
9831,2533,2024-11-06,1,21
9832,2534,2024-02-21,1,37
9833,2534,2024-02-21,2,17
9834,2534,2024-02-21,5,19
9835,2534,2024-02-21,8,28
9836,2535,2024-11-17,1,35
9837,2535,2024-11-17,2,63
9838,2536,2024-05-08,9,19
9839,2536,2024-05-08,1,14
9840,2537,2024-03-07,1,54
9841,2537,2024-03-07,2,16
9842,2537,2024-03-07,7,14
9843,2537,2024-03-07,8,20
9844,2538,2024-02-13,4,69
9845,2539,2024-07-29,2,13
9846,2540,2024-04-13,1,51
9847,2540,2024-04-13,5,12
9848,2540,2024-04-13,7,48
9849,2541,2024-12-15,1,30
9850,2541,2024-12-08,1,74
9851,2541,2024-12-08,10,68
9852,2542,2024-10-10,1,15
9853,2542,2024-10-10,3,34
9854,2542,2024-10-10,4,17
9855,2543,2024-03-19,2,40
9856,2543,2024-03-19,3,73
9857,2543,2024-03-19,4,23
9858,2544,2024-08-01,1,74
9859,2544,2024-08-01,2,25
9860,2544,2024-08-01,3,73
9861,2545,2024-03-09,1,39
9862,2545,2024-03-09,4,47
9863,2545,2024-03-09,6,40
9864,2545,2024-04-05,9,52
9865,2545,2024-04-05,1,39
9866,2545,2024-02-09,2,17
9867,2545,2024-02-09,5,55
9868,2545,2024-02-09,6,33
9869,2545,2024-02-09,8,39
9870,2545,2024-04-23,9,49
9871,2545,2024-04-23,5,70
9872,2546,2024-05-05,1,18
9873,2546,2024-05-05,6,71
9874,2546,2024-05-05,7,34
9875,2547,2024-01-01,1,44
9876,2547,2024-01-01,5,14
9877,2547,2024-01-01,6,57
9878,2547,2024-04-13,9,70
9879,2547,2024-04-13,1,20
9880,2547,2024-04-13,4,70
9881,2547,2024-04-13,2,12
9882,2548,2024-09-29,2,26
9883,2548,2024-09-29,3,69
9884,2548,2024-09-29,7,19
9885,2548,2024-09-29,8,17
9886,2549,2024-10-26,1,41
9887,2549,2024-10-26,6,12
9888,2550,2024-10-09,2,28
9889,2550,2024-10-09,4,74
9890,2550,2024-10-09,5,18
9891,2551,2024-10-11,9,11
9892,2551,2024-10-11,4,69
9893,2551,2024-10-11,5,59
9894,2551,2024-08-19,8,64
9895,2551,2024-11-14,1,50
9896,2551,2024-11-14,2,17
9897,2551,2024-11-14,3,66
9898,2551,2024-11-14,7,48
9899,2551,2024-07-17,1,62
9900,2551,2024-07-17,2,31
9901,2551,2024-07-17,6,61
9902,2552,2024-09-04,1,23
9903,2552,2024-09-04,2,39
9904,2552,2024-09-04,4,39
9905,2552,2024-09-04,6,34
9906,2553,2024-08-24,5,20
9907,2553,2024-08-24,8,50
9908,2553,2024-12-20,4,30
9909,2553,2024-12-20,7,69
9910,2553,2024-12-20,8,69
9911,2554,2024-06-03,1,62
9912,2554,2024-06-03,10,25
9913,2554,2024-06-03,3,60
9914,2554,2024-06-03,4,12
9915,2554,2024-12-28,1,23
9916,2554,2024-07-08,2,73
9917,2555,2024-04-12,3,31
9918,2555,2024-04-12,4,40
9919,2555,2024-04-12,5,17
9920,2555,2024-04-12,6,17
9921,2555,2024-04-12,7,67
9922,2556,2024-04-10,1,16
9923,2556,2024-04-10,2,10
9924,2556,2024-04-10,7,63
9925,2557,2024-12-03,1,44
9926,2557,2024-12-03,5,62
9927,2558,2024-06-11,1,63
9928,2558,2024-06-11,5,13
9929,2558,2024-06-11,8,33
9930,2559,2024-02-04,6,68
9931,2559,2024-02-04,8,35
9932,2559,2024-07-16,1,24
9933,2559,2024-07-16,2,13
9934,2559,2024-07-16,3,32
9935,2559,2024-07-16,5,44
9936,2560,2024-12-04,3,23
9937,2560,2024-12-15,1,66
9938,2560,2024-12-15,9,39
9939,2560,2024-12-15,3,14
9940,2560,2024-12-15,4,11
9941,2560,2024-06-04,1,17
9942,2560,2024-06-04,7,24
9943,2560,2024-06-04,8,30
9944,2561,2024-07-17,1,46
9945,2561,2024-07-17,10,67
9946,2561,2024-07-17,7,12
9947,2562,2024-12-03,2,31
9948,2562,2024-12-03,4,36
9949,2562,2024-12-03,6,20
9950,2563,2024-09-09,10,47
9951,2563,2024-09-09,6,44
9952,2563,2024-12-13,1,70
9953,2563,2024-12-13,2,22
9954,2564,2024-11-07,9,71
9955,2564,2024-11-07,1,42
9956,2564,2024-11-07,5,75
9957,2565,2024-10-07,1,28
9958,2565,2024-10-07,8,17
9959,2565,2024-09-26,1,28
9960,2566,2024-07-05,8,28
9961,2567,2024-09-19,9,64
9962,2567,2024-09-19,1,70
9963,2567,2024-09-19,3,56
9964,2568,2024-12-11,2,67
9965,2568,2024-12-11,3,28
9966,2568,2024-12-11,4,57
9967,2568,2024-12-11,6,12
9968,2569,2024-12-17,3,69
9969,2570,2024-02-13,9,75
9970,2570,2024-02-13,3,67
9971,2571,2024-08-16,1,54
9972,2571,2024-08-16,2,23
9973,2571,2024-08-16,5,24
9974,2571,2024-08-16,7,11
9975,2572,2024-12-22,1,68
9976,2572,2024-12-22,10,19
9977,2572,2024-12-22,3,17
9978,2572,2024-12-22,2,35
9979,2573,2024-12-18,1,74
9980,2573,2024-12-18,10,20
9981,2573,2024-12-18,3,75
9982,2573,2024-12-18,2,40
9983,2573,2024-08-12,10,67
9984,2573,2024-08-12,3,19
9985,2573,2024-08-12,5,26
9986,2573,2024-08-12,7,55
9987,2574,2024-10-19,2,43
9988,2574,2024-10-19,5,35
9989,2574,2024-10-19,8,24
9990,2574,2024-12-26,9,17
9991,2574,2024-12-26,1,35
9992,2574,2024-12-26,3,44
9993,2574,2024-12-26,7,44
9994,2575,2024-03-24,1,52
9995,2575,2024-03-24,2,50
9996,2575,2024-03-24,8,20
9997,2576,2024-06-04,4,67
9998,2577,2024-12-08,3,65
9999,2578,2024-07-22,1,34
10000,2578,2024-07-22,2,74
10001,2578,2024-07-22,3,18
10002,2578,2024-07-22,6,64
10003,2579,2024-07-17,1,60
10004,2579,2024-07-17,2,52
10005,2579,2024-07-17,3,47
10006,2579,2024-07-17,4,39
10007,2579,2024-07-17,6,66
10008,2580,2024-08-17,1,26
10009,2581,2024-12-14,3,27
10010,2581,2024-12-14,4,27
10011,2581,2024-12-14,7,43
10012,2582,2024-07-14,9,73
10013,2582,2024-07-14,2,70
10014,2582,2024-07-14,3,58
10015,2582,2024-07-14,6,15
10016,2583,2024-12-03,2,12
10017,2584,2024-12-01,1,50
10018,2584,2024-12-01,2,73
10019,2584,2024-12-01,3,23
10020,2584,2024-12-01,4,27
10021,2584,2024-12-01,8,59
10022,2585,2024-06-27,1,11
10023,2585,2024-06-27,8,61
10024,2585,2024-04-23,2,56
10025,2585,2024-04-23,3,42
10026,2585,2024-04-23,7,14
10027,2585,2024-04-23,8,46
10028,2585,2024-08-09,5,20
10029,2585,2024-08-09,7,17
10030,2585,2024-01-05,2,67
10031,2585,2024-01-05,7,34
10032,2586,2024-11-13,1,20
10033,2586,2024-11-13,2,30
10034,2586,2024-11-13,3,48
10035,2586,2024-11-13,10,67
10036,2587,2024-12-17,2,27
10037,2587,2024-12-17,3,25
10038,2587,2024-12-17,5,41
10039,2588,2024-05-01,5,20
10040,2589,2024-03-13,2,40
10041,2589,2024-03-13,4,16
10042,2590,2024-05-18,4,67
10043,2590,2024-05-18,6,65
10044,2590,2024-02-10,1,20
10045,2590,2024-02-10,6,19
10046,2590,2024-02-10,7,37
10047,2591,2024-01-25,1,62
10048,2591,2024-01-25,2,62
10049,2591,2024-01-25,5,46
10050,2592,2024-05-12,1,47
10051,2592,2024-05-12,2,72
10052,2592,2024-05-12,3,34
10053,2592,2024-05-12,4,31
10054,2592,2024-10-12,1,52
10055,2592,2024-10-12,2,56
10056,2592,2024-10-12,9,44
10057,2592,2024-07-14,1,61
10058,2592,2024-07-14,2,15
10059,2592,2024-07-14,3,43
10060,2592,2024-07-14,6,18
10061,2592,2024-04-10,1,73
10062,2592,2024-04-10,8,24
10063,2593,2024-12-05,1,46
10064,2593,2024-12-05,10,44
10065,2593,2024-12-05,4,49
10066,2593,2024-12-05,7,33
10067,2594,2024-01-09,1,11
10068,2594,2024-01-09,2,49
10069,2594,2024-01-09,3,31
10070,2594,2024-01-09,9,57
10071,2595,2024-12-03,9,70
10072,2595,2024-12-03,2,24
10073,2595,2024-12-03,6,31
10074,2595,2024-11-29,1,39
10075,2596,2024-10-16,3,15
10076,2597,2024-05-19,1,70
10077,2597,2024-05-19,5,66
10078,2597,2024-05-19,7,60
10079,2598,2024-05-11,9,38
10080,2598,2024-05-11,1,22
10081,2598,2024-05-11,4,71
10082,2599,2024-08-12,1,48
10083,2599,2024-08-12,4,24
10084,2600,2024-07-12,1,47
10085,2600,2024-07-12,2,24
10086,2600,2024-07-12,3,18
10087,2600,2024-07-12,6,10
10088,2600,2024-12-03,3,15
10089,2600,2024-12-03,6,12
10090,2600,2024-12-26,1,72
10091,2600,2024-12-26,2,40
10092,2600,2024-12-26,3,75
10093,2600,2024-12-26,7,19
10094,2601,2024-06-03,6,60
10095,2602,2024-10-27,1,66
10096,2602,2024-10-27,3,31
10097,2603,2024-10-31,4,14
10098,2604,2024-05-19,1,59
10099,2604,2024-05-19,2,46
10100,2604,2024-05-19,3,74
10101,2605,2024-12-10,10,70
10102,2605,2024-12-10,5,54
10103,2605,2024-12-10,6,31
10104,2606,2024-02-28,1,56
10105,2606,2024-02-28,10,56
10106,2607,2024-04-11,2,40
10107,2608,2024-07-19,1,70
10108,2608,2024-07-19,3,72
10109,2608,2024-11-16,1,56
10110,2609,2024-04-02,1,73
10111,2609,2024-04-02,8,27
10112,2610,2024-05-06,2,74
10113,2610,2024-05-06,4,25
10114,2610,2024-05-06,7,20
10115,2610,2024-05-06,8,72
10116,2611,2024-11-17,1,73
10117,2611,2024-11-17,7,42
10118,2611,2024-11-17,8,38
10119,2611,2024-04-23,3,42
10120,2611,2024-04-23,4,37
10121,2611,2024-04-26,9,59
10122,2611,2024-04-26,5,15
10123,2612,2024-01-13,2,27
10124,2612,2024-01-13,3,45
10125,2613,2024-04-03,2,27
10126,2613,2024-04-03,3,30
10127,2613,2024-04-03,8,64
10128,2614,2024-01-04,9,41
10129,2614,2024-01-04,1,38
10130,2614,2024-01-04,8,49
10131,2615,2024-05-13,1,37
10132,2615,2024-05-13,2,33
10133,2616,2024-05-20,1,58
10134,2616,2024-05-20,3,22
10135,2617,2024-09-21,9,49
10136,2617,2024-09-21,4,44
10137,2617,2024-09-21,5,19
10138,2617,2024-09-13,2,20
10139,2617,2024-09-13,5,75
10140,2617,2024-09-13,7,20
10141,2617,2024-07-25,9,45
10142,2617,2024-07-25,2,24
10143,2617,2024-07-25,5,31
10144,2617,2024-07-25,8,65
10145,2617,2024-12-21,2,57
10146,2617,2024-12-21,4,30
10147,2618,2024-07-04,4,29
10148,2619,2024-10-14,6,38
10149,2620,2024-12-11,2,32
10150,2620,2024-12-11,3,39
10151,2620,2024-12-11,4,62
10152,2620,2024-12-11,7,66
10153,2620,2024-07-09,2,44
10154,2620,2024-07-09,4,49
10155,2620,2024-07-09,7,46
10156,2621,2024-10-25,1,69
10157,2621,2024-10-25,10,38
10158,2621,2024-10-25,6,72
10159,2622,2024-07-22,1,39
10160,2622,2024-07-22,3,36
10161,2623,2024-12-25,2,57
10162,2623,2024-12-25,4,67
10163,2623,2024-12-25,5,38
10164,2624,2024-06-15,1,19
10165,2624,2024-06-15,9,23
10166,2624,2024-06-15,4,59
10167,2624,2024-09-24,1,42
10168,2624,2024-09-24,2,54
10169,2624,2024-09-24,8,58
10170,2624,2024-05-15,1,71
10171,2624,2024-05-15,2,21
10172,2624,2024-05-15,3,56
10173,2624,2024-05-15,7,21
10174,2624,2024-05-15,8,38
10175,2624,2024-12-28,2,56
10176,2624,2024-12-28,6,60
10177,2625,2024-09-28,5,57
10178,2625,2024-09-28,6,53
10179,2626,2024-07-05,1,52
10180,2627,2024-04-07,1,20
10181,2627,2024-04-07,2,19
10182,2627,2024-04-07,6,39
10183,2628,2024-07-05,1,26
10184,2628,2024-07-05,5,26
10185,2629,2024-12-29,1,68
10186,2630,2024-06-11,9,32
10187,2630,2024-06-11,4,26
10188,2631,2024-12-27,1,62
10189,2631,2024-12-27,4,63
10190,2631,2024-12-27,6,39
10191,2631,2024-12-27,7,10
10192,2631,2024-10-15,1,62
10193,2631,2024-10-15,2,39
10194,2631,2024-10-15,3,75
10195,2631,2024-10-15,5,67
10196,2632,2024-05-16,9,31
10197,2632,2024-05-16,1,52
10198,2632,2024-05-16,4,20
10199,2633,2024-04-08,10,26
10200,2634,2024-12-14,1,11
10201,2634,2024-12-14,2,41
10202,2634,2024-12-14,4,28
10203,2634,2024-12-14,5,66
10204,2634,2024-12-14,9,57
10205,2634,2024-01-02,1,47
10206,2634,2024-01-02,6,74
10207,2635,2024-10-26,1,20
10208,2635,2024-10-26,5,41
10209,2635,2024-05-06,7,51
10210,2635,2024-10-25,2,60
10211,2636,2024-09-19,1,24
10212,2636,2024-09-19,3,19
10213,2636,2024-09-19,4,53
10214,2636,2024-09-19,8,21
10215,2637,2024-09-13,2,62
10216,2637,2024-09-13,5,52
10217,2638,2024-10-21,1,70
10218,2638,2024-10-21,2,29
10219,2638,2024-10-21,3,65
10220,2638,2024-10-21,8,12
10221,2638,2024-10-21,9,16
10222,2639,2024-02-24,1,11
10223,2639,2024-02-24,2,74
10224,2639,2024-02-24,3,49
10225,2639,2024-07-22,1,44
10226,2639,2024-07-22,8,68
10227,2639,2024-12-27,1,12
10228,2639,2024-12-27,8,56
10229,2639,2024-12-19,4,38
10230,2640,2024-02-27,6,11
10231,2640,2024-09-22,1,28
10232,2640,2024-09-22,6,40
10233,2640,2024-09-22,8,63
10234,2640,2024-10-26,3,20
10235,2641,2024-09-19,5,72
10236,2642,2024-04-08,6,36
10237,2642,2024-04-08,7,31
10238,2642,2024-12-06,1,22
10239,2643,2024-07-05,1,56
10240,2644,2024-09-22,1,63
10241,2645,2024-04-23,7,72
10242,2646,2024-04-11,1,14
10243,2646,2024-04-11,2,66
10244,2646,2024-04-11,3,68
10245,2646,2024-04-11,5,61
10246,2646,2024-04-11,9,64
10247,2646,2024-03-04,1,49
10248,2647,2024-01-23,2,45
10249,2647,2024-01-23,4,27
10250,2647,2024-01-23,7,27
10251,2648,2024-05-12,3,40
10252,2648,2024-05-12,6,31
10253,2648,2024-03-19,1,54
10254,2648,2024-03-19,3,11
10255,2648,2024-03-19,5,71
10256,2648,2024-03-19,8,58
10257,2649,2024-08-24,1,68
10258,2649,2024-08-24,7,57
10259,2649,2024-04-06,4,44
10260,2650,2024-01-06,9,20
10261,2650,2024-01-06,4,73
10262,2650,2024-01-06,7,46
10263,2650,2024-04-13,1,20
10264,2650,2024-04-13,2,65
10265,2650,2024-04-13,3,75
10266,2650,2024-04-13,7,70
10267,2650,2024-04-13,8,59
10268,2651,2024-07-11,9,35
10269,2651,2024-07-11,6,69
10270,2652,2024-11-18,1,50
10271,2652,2024-11-18,8,71
10272,2653,2024-11-12,3,25
10273,2653,2024-11-12,4,66
10274,2654,2024-04-16,1,37
10275,2655,2024-06-24,1,26
10276,2655,2024-06-24,4,32
10277,2655,2024-06-24,5,36
10278,2655,2024-06-24,7,39
10279,2656,2024-12-11,1,28
10280,2656,2024-12-11,2,26
10281,2656,2024-12-11,4,39
10282,2656,2024-06-08,1,19
10283,2656,2024-06-08,3,12
10284,2656,2024-06-08,8,25
10285,2656,2024-12-23,9,10
10286,2656,2024-12-23,1,56
10287,2656,2024-12-23,5,58
10288,2657,2024-04-28,1,61
10289,2657,2024-04-28,3,23
10290,2657,2024-04-28,6,29
10291,2658,2024-10-18,10,32
10292,2658,2024-10-18,3,25
10293,2658,2024-10-18,2,13
10294,2659,2024-12-27,2,35
10295,2659,2024-12-27,4,13
10296,2659,2024-12-27,10,41
10297,2660,2024-01-23,3,62
10298,2661,2024-07-27,9,29
10299,2661,2024-07-27,1,60
10300,2661,2024-07-27,3,70
10301,2662,2024-06-10,2,23
10302,2662,2024-06-10,5,67
10303,2662,2024-06-10,6,64
10304,2663,2024-06-03,1,58
10305,2663,2024-06-03,2,51
10306,2663,2024-06-03,9,68
10307,2663,2024-06-03,7,58
10308,2663,2024-03-12,1,15
10309,2663,2024-03-12,2,33
10310,2663,2024-03-12,3,30
10311,2663,2024-04-02,2,45
10312,2663,2024-04-02,3,33
10313,2663,2024-04-02,5,52
10314,2663,2024-04-02,7,47
10315,2664,2024-04-03,2,67
10316,2664,2024-04-03,3,31
10317,2665,2024-12-24,1,34
10318,2665,2024-04-17,2,30
10319,2665,2024-04-17,4,19
10320,2665,2024-04-17,5,40
10321,2665,2024-04-17,8,72
10322,2665,2024-10-05,1,15
10323,2665,2024-10-05,5,46
10324,2665,2024-06-07,1,73
10325,2665,2024-06-07,2,17
10326,2665,2024-06-07,6,53
10327,2665,2024-06-07,8,70
10328,2666,2024-11-18,2,34
10329,2666,2024-11-18,3,15
10330,2666,2024-04-09,1,16
10331,2667,2024-04-15,1,16
10332,2668,2024-06-01,3,26
10333,2668,2024-06-01,5,21
10334,2668,2024-06-01,6,56
10335,2668,2024-06-01,7,34
10336,2668,2024-03-15,2,17
10337,2668,2024-03-15,4,53
10338,2668,2024-06-11,9,30
10339,2668,2024-06-11,2,72
10340,2668,2024-06-11,3,25
10341,2669,2024-08-26,1,16
10342,2669,2024-08-26,2,65
10343,2669,2024-08-26,3,59
10344,2669,2024-08-26,4,67
10345,2670,2024-11-25,9,14
10346,2670,2024-11-25,2,63
10347,2670,2024-11-25,5,51
10348,2670,2024-11-25,1,18
10349,2670,2024-09-18,1,42
10350,2670,2024-09-18,2,70
10351,2670,2024-09-18,3,35
10352,2670,2024-09-18,8,71
10353,2671,2024-07-11,2,18
10354,2672,2024-12-13,1,66
10355,2672,2024-12-13,4,73
10356,2672,2024-12-09,6,10
10357,2672,2024-10-29,2,53
10358,2672,2024-10-29,3,70
10359,2672,2024-10-29,4,61
10360,2673,2024-07-19,4,24
10361,2673,2024-07-19,5,33
10362,2673,2024-07-02,7,34
10363,2673,2024-07-02,8,37
10364,2674,2024-11-04,1,62
10365,2674,2024-11-04,3,17
10366,2674,2024-11-11,1,73
10367,2674,2024-11-11,5,14
10368,2675,2024-12-27,2,15
10369,2675,2024-12-27,3,40
10370,2675,2024-12-27,7,21
10371,2675,2024-01-26,3,11
10372,2675,2024-01-26,5,44
10373,2675,2024-01-26,7,59
10374,2676,2024-09-28,1,18
10375,2676,2024-09-28,2,45
10376,2676,2024-09-28,4,34
10377,2677,2024-11-08,1,59
10378,2677,2024-11-08,2,20
10379,2677,2024-11-08,5,56
10380,2678,2024-12-17,1,63
10381,2678,2024-12-17,3,32
10382,2678,2024-12-17,5,27
10383,2678,2024-12-17,7,51
10384,2678,2024-12-17,8,53
10385,2679,2024-01-21,2,43
10386,2679,2024-01-21,3,54
10387,2679,2024-01-21,6,15
10388,2680,2024-01-25,1,44
10389,2680,2024-01-25,3,11
10390,2680,2024-01-25,5,21
10391,2681,2024-04-26,1,41
10392,2681,2024-04-26,2,35
10393,2681,2024-04-26,3,41
10394,2681,2024-04-26,8,58
10395,2682,2024-02-18,2,32
10396,2682,2024-02-18,7,13
10397,2682,2024-09-22,1,59
10398,2682,2024-09-22,5,42
10399,2682,2024-09-22,6,45
10400,2682,2024-10-25,1,48
10401,2682,2024-10-25,6,44
10402,2682,2024-10-25,7,63
10403,2682,2024-07-29,7,30
10404,2683,2024-06-03,1,69
10405,2683,2024-06-03,2,48
10406,2683,2024-06-03,3,12
10407,2683,2024-06-03,5,72
10408,2683,2024-06-03,10,42
10409,2684,2024-07-13,1,12
10410,2684,2024-07-13,10,22
10411,2684,2024-07-13,5,27
10412,2684,2024-07-13,8,54
10413,2684,2024-12-20,1,31
10414,2684,2024-12-20,3,28
10415,2684,2024-12-20,5,43
10416,2684,2024-12-20,7,66
10417,2685,2024-10-22,2,16
10418,2686,2024-08-21,1,12
10419,2686,2024-08-21,3,12
10420,2686,2024-08-21,4,33
10421,2686,2024-08-21,7,24
10422,2686,2024-12-30,3,66
10423,2686,2024-12-30,5,10
10424,2686,2024-12-30,6,49
10425,2686,2024-12-30,8,62
10426,2687,2024-09-11,1,53
10427,2687,2024-11-27,1,54
10428,2687,2024-11-27,2,18
10429,2687,2024-11-27,3,28
10430,2687,2024-09-13,1,74
10431,2687,2024-09-13,7,13
10432,2687,2024-09-13,8,32
10433,2688,2024-06-28,2,29
10434,2688,2024-06-28,6,47
10435,2688,2024-06-28,7,73
10436,2688,2024-06-28,8,46
10437,2689,2024-12-19,2,19
10438,2689,2024-12-19,4,45
10439,2689,2024-12-19,8,12
10440,2690,2024-10-18,2,14
10441,2690,2024-10-18,8,15
10442,2690,2024-12-18,9,27
10443,2690,2024-12-18,3,21
10444,2691,2024-05-28,1,15
10445,2691,2024-05-28,10,54
10446,2692,2024-12-07,1,60
10447,2692,2024-12-07,2,31
10448,2692,2024-12-07,4,58
10449,2692,2024-12-07,6,36
10450,2693,2024-09-18,6,48
10451,2694,2024-09-09,1,53
10452,2694,2024-09-09,2,26
10453,2694,2024-09-09,4,23
10454,2694,2024-09-09,6,40
10455,2695,2024-07-10,9,18
10456,2695,2024-07-10,1,49
10457,2695,2024-07-10,5,33
10458,2696,2024-07-10,1,49
10459,2696,2024-07-10,2,71
10460,2697,2024-06-20,1,75
10461,2697,2024-06-20,5,39
10462,2697,2024-06-20,8,20
10463,2698,2024-02-08,1,50
10464,2698,2024-02-08,5,39
10465,2699,2024-09-11,2,45
10466,2699,2024-09-11,5,54
10467,2699,2024-09-11,7,19
10468,2699,2024-09-11,8,26
10469,2699,2024-01-06,9,44
10470,2699,2024-01-06,4,35
10471,2699,2024-01-06,5,19
10472,2699,2024-11-11,3,20
10473,2699,2024-10-03,9,45
10474,2699,2024-10-03,3,32
10475,2699,2024-10-03,4,66
10476,2700,2024-04-12,1,31
10477,2701,2024-11-29,7,22
10478,2701,2024-12-20,3,35
10479,2701,2024-12-20,4,28
10480,2701,2024-12-20,7,28
10481,2701,2024-12-20,8,44
10482,2701,2024-10-04,1,58
10483,2701,2024-03-29,9,21
10484,2701,2024-03-29,7,63
10485,2702,2024-10-03,9,23
10486,2702,2024-10-03,3,69
10487,2702,2024-10-03,7,56
10488,2702,2024-10-03,8,14
10489,2703,2024-04-03,1,12
10490,2703,2024-04-03,9,65
10491,2703,2024-04-03,3,63
10492,2703,2024-04-03,4,54
10493,2704,2024-06-08,5,64
10494,2705,2024-07-20,2,12
10495,2705,2024-07-20,10,16
10496,2705,2024-07-20,8,29
10497,2706,2024-07-29,3,68
10498,2706,2024-07-29,5,66
10499,2707,2024-06-02,2,52
10500,2707,2024-06-02,4,43
10501,2707,2024-06-02,5,36
10502,2708,2024-06-23,5,64
10503,2709,2024-01-23,7,62
10504,2710,2024-09-13,4,24
10505,2710,2024-09-13,5,74
10506,2710,2024-09-13,6,57
10507,2710,2024-09-13,8,33
10508,2711,2024-12-01,9,28
10509,2711,2024-12-01,1,30
10510,2711,2024-12-01,2,44
10511,2712,2024-01-20,3,62
10512,2712,2024-01-20,4,62
10513,2712,2024-01-20,5,25
10514,2712,2024-01-20,7,24
10515,2713,2024-07-06,1,30
10516,2713,2024-07-06,2,17
10517,2713,2024-07-06,7,70
10518,2713,2024-09-26,3,65
10519,2713,2024-09-26,8,61
10520,2714,2024-08-22,2,24
10521,2714,2024-08-22,3,53
10522,2714,2024-08-22,8,52
10523,2715,2024-12-08,1,63
10524,2715,2024-12-08,2,50
10525,2715,2024-12-08,5,19
10526,2716,2024-12-19,3,39
10527,2716,2024-12-19,5,71
10528,2716,2024-12-19,8,29
10529,2716,2024-07-10,1,34
10530,2716,2024-07-10,7,54
10531,2716,2024-05-27,1,15
10532,2716,2024-05-27,5,13
10533,2716,2024-05-27,6,23
10534,2716,2024-02-08,4,33
10535,2716,2024-02-08,5,44
10536,2717,2024-10-04,9,51
10537,2717,2024-10-04,2,13
10538,2717,2024-10-04,3,68
10539,2717,2024-10-04,1,69
10540,2718,2024-04-26,1,21
10541,2719,2024-04-14,1,53
10542,2719,2024-04-14,5,39
10543,2719,2024-01-16,2,48
10544,2719,2024-01-16,3,51
10545,2719,2024-01-16,4,41
10546,2719,2024-01-16,8,51
10547,2719,2024-12-08,1,63
10548,2719,2024-12-08,4,59
10549,2719,2024-12-08,8,32
10550,2719,2024-07-20,6,16
10551,2719,2024-07-20,8,11
10552,2720,2024-04-14,2,35
10553,2720,2024-04-14,8,69
10554,2721,2024-12-20,1,18
10555,2721,2024-12-20,3,52
10556,2721,2024-12-20,6,18
10557,2722,2024-06-03,3,38
10558,2722,2024-06-03,5,37
10559,2722,2024-06-03,6,64
10560,2722,2024-06-03,7,33
10561,2722,2024-06-03,9,62
10562,2723,2024-02-24,2,48
10563,2724,2024-12-06,2,54
10564,2724,2024-12-06,6,38
10565,2725,2024-07-27,1,15
10566,2726,2024-07-30,10,66
10567,2726,2024-07-30,8,49
10568,2727,2024-12-08,3,19
10569,2728,2024-09-09,9,57
10570,2728,2024-09-09,1,54
10571,2728,2024-09-09,4,26
10572,2728,2024-09-22,1,42
10573,2728,2024-09-22,2,45
10574,2728,2024-09-22,3,67
10575,2728,2024-09-22,4,42
10576,2728,2024-03-04,1,52
10577,2728,2024-07-04,2,31
10578,2728,2024-07-04,3,66
10579,2728,2024-07-04,5,30
10580,2728,2024-07-04,7,56
10581,2728,2024-07-04,8,42
10582,2729,2024-06-20,1,29
10583,2729,2024-06-20,4,45
10584,2729,2024-06-20,7,13
10585,2729,2024-03-13,1,19
10586,2729,2024-03-13,10,27
10587,2730,2024-01-27,6,46
10588,2730,2024-01-27,8,34
10589,2731,2024-08-12,1,29
10590,2731,2024-08-12,10,41
10591,2731,2024-08-12,3,48
10592,2732,2024-06-13,2,26
10593,2733,2024-04-03,1,43
10594,2733,2024-04-03,2,22
10595,2733,2024-04-03,7,32
10596,2733,2024-04-03,8,75
10597,2734,2024-07-23,1,22
10598,2734,2024-07-23,4,24
10599,2735,2024-12-12,4,64
10600,2736,2024-10-17,1,19
10601,2736,2024-10-17,5,63
10602,2736,2024-10-17,7,38
10603,2736,2024-10-17,8,48
10604,2736,2024-09-22,1,70
10605,2736,2024-09-22,3,44
10606,2736,2024-09-22,5,59
10607,2736,2024-09-22,6,66
10608,2736,2024-06-06,1,72
10609,2736,2024-06-06,2,32
10610,2736,2024-06-06,9,19
10611,2736,2024-06-06,8,27
10612,2737,2024-12-28,1,75
10613,2737,2024-12-28,3,42
10614,2737,2024-12-28,4,60
10615,2737,2024-12-28,7,47
10616,2738,2024-12-26,9,48
10617,2738,2024-12-26,4,56
10618,2739,2024-06-22,9,68
10619,2739,2024-06-22,1,34
10620,2739,2024-06-22,4,22
10621,2739,2024-06-22,10,21
10622,2740,2024-10-03,8,56
10623,2741,2024-08-04,1,70
10624,2741,2024-08-04,4,45
10625,2741,2024-08-04,6,50
10626,2741,2024-02-09,2,36
10627,2741,2024-02-09,7,30
10628,2741,2024-02-09,8,24
10629,2742,2024-07-08,9,33
10630,2742,2024-07-08,1,38
10631,2742,2024-07-08,3,40
10632,2742,2024-04-04,1,47
10633,2742,2024-04-04,5,65
10634,2743,2024-03-15,7,47
10635,2743,2024-12-19,1,27
10636,2743,2024-12-19,10,46
10637,2743,2024-12-19,5,15
10638,2744,2024-04-25,4,71
10639,2745,2024-10-21,6,72
10640,2746,2024-08-05,1,30
10641,2746,2024-08-05,2,72
10642,2746,2024-08-05,4,67
10643,2746,2024-08-05,8,23
10644,2746,2024-08-05,9,19
10645,2747,2024-09-23,1,11
10646,2747,2024-09-23,2,69
10647,2747,2024-09-23,6,36
10648,2748,2024-09-16,1,17
10649,2748,2024-09-16,10,60
10650,2748,2024-09-16,2,41
10651,2749,2024-12-03,1,32
10652,2749,2024-12-03,7,74
10653,2749,2024-11-20,5,68
10654,2750,2024-09-05,2,70
10655,2750,2024-09-05,5,39
10656,2750,2024-09-05,6,63
10657,2750,2024-09-05,7,59
10658,2750,2024-09-05,8,21
10659,2751,2024-05-13,1,65
10660,2751,2024-05-13,9,66
10661,2751,2024-05-13,3,18
10662,2751,2024-05-13,5,58
10663,2752,2024-12-18,3,44
10664,2753,2024-02-14,3,32
10665,2754,2024-04-27,1,37
10666,2754,2024-04-27,2,30
10667,2754,2024-04-27,3,24
10668,2754,2024-04-27,5,27
10669,2755,2024-11-23,1,25
10670,2755,2024-11-23,6,66
10671,2755,2024-11-23,7,12
10672,2755,2024-06-11,1,36
10673,2755,2024-06-11,3,42
10674,2755,2024-06-11,6,29
10675,2755,2024-06-11,7,43
10676,2755,2024-04-01,3,21
10677,2755,2024-04-01,4,67
10678,2755,2024-12-24,1,24
10679,2755,2024-12-24,2,26
10680,2755,2024-12-24,7,12
10681,2755,2024-12-24,10,62
10682,2756,2024-07-26,1,58
10683,2756,2024-04-08,1,74
10684,2756,2024-04-08,2,68
10685,2756,2024-04-08,3,71
10686,2756,2024-04-08,7,22
10687,2756,2024-04-08,8,56
10688,2757,2024-10-17,9,73
10689,2757,2024-10-17,1,22
10690,2757,2024-10-17,5,28
10691,2757,2024-10-17,6,55
10692,2757,2024-12-15,1,72
10693,2757,2024-12-15,2,37
10694,2757,2024-12-15,4,63
10695,2757,2024-12-15,5,74
10696,2757,2024-12-15,10,63
10697,2757,2024-12-28,1,27
10698,2757,2024-12-28,2,60
10699,2757,2024-06-22,10,18
10700,2758,2024-01-24,1,72
10701,2758,2024-01-24,4,50
10702,2759,2024-11-23,2,37
10703,2759,2024-11-23,4,72
10704,2759,2024-11-23,5,64
10705,2759,2024-11-23,7,69
10706,2760,2024-12-06,9,49
10707,2760,2024-12-06,1,30
10708,2761,2024-12-15,1,43
10709,2761,2024-12-15,3,27
10710,2761,2024-12-15,5,35
10711,2761,2024-12-15,6,53
10712,2762,2024-09-07,3,44
10713,2762,2024-09-07,5,40
10714,2762,2024-10-05,1,61
10715,2762,2024-10-05,9,28
10716,2763,2024-09-19,2,49
10717,2763,2024-09-19,3,65
10718,2763,2024-09-19,4,13
10719,2763,2024-09-19,8,50
10720,2764,2024-10-10,2,61
10721,2764,2024-10-10,5,61
10722,2764,2024-10-10,10,60
10723,2765,2024-09-08,6,73
10724,2766,2024-07-14,2,35
10725,2766,2024-07-14,5,55
10726,2767,2024-04-21,1,11
10727,2767,2024-04-21,2,61
10728,2767,2024-04-21,4,19
10729,2767,2024-11-13,8,53
10730,2768,2024-02-09,1,37
10731,2768,2024-02-09,2,28
10732,2768,2024-02-09,3,65
10733,2768,2024-02-09,7,31
10734,2769,2024-07-27,1,47
10735,2769,2024-07-27,3,36
10736,2770,2024-07-16,9,11
10737,2770,2024-07-16,6,30
10738,2771,2024-12-19,9,46
10739,2771,2024-12-19,4,17
10740,2771,2024-12-19,8,58
10741,2772,2024-04-08,2,55
10742,2772,2024-04-08,3,71
10743,2772,2024-04-08,6,16
10744,2772,2024-03-20,1,18
10745,2772,2024-03-20,2,15
10746,2773,2024-02-24,1,67
10747,2773,2024-02-24,2,49
10748,2773,2024-04-23,2,59
10749,2773,2024-09-15,1,73
10750,2773,2024-09-15,2,44
10751,2773,2024-09-15,5,22
10752,2774,2024-03-29,5,57
10753,2774,2024-03-29,6,12
10754,2774,2024-03-29,7,68
10755,2774,2024-06-13,2,58
10756,2774,2024-06-13,3,41
10757,2774,2024-03-16,1,45
10758,2774,2024-03-16,2,17
10759,2774,2024-03-16,4,46
10760,2774,2024-03-16,7,35
10761,2774,2024-08-30,1,64
10762,2774,2024-08-30,2,16
10763,2774,2024-08-30,6,16
10764,2774,2024-08-30,10,32
10765,2775,2024-10-03,1,52
10766,2775,2024-10-03,5,64
10767,2775,2024-09-27,1,39
10768,2775,2024-09-27,3,45
10769,2775,2024-09-27,5,22
10770,2775,2024-09-27,8,69
10771,2776,2024-12-21,1,59
10772,2776,2024-12-21,10,56
10773,2776,2024-12-21,5,58
10774,2776,2024-12-21,2,23
10775,2777,2024-07-05,1,24
10776,2777,2024-07-05,9,19
10777,2777,2024-07-05,3,38
10778,2778,2024-05-31,10,31
10779,2778,2024-05-31,3,32
10780,2778,2024-05-31,4,75
10781,2778,2024-05-31,6,70
10782,2779,2024-06-20,9,19
10783,2779,2024-06-20,2,59
10784,2779,2024-06-20,3,47
10785,2779,2024-06-20,5,18
10786,2780,2024-04-25,1,14
10787,2780,2024-04-25,8,16
10788,2780,2024-09-04,1,50
10789,2780,2024-09-04,6,51
10790,2780,2024-09-04,8,71
10791,2781,2024-12-15,2,69
10792,2782,2024-09-13,4,20
10793,2782,2024-06-23,1,52
10794,2782,2024-06-23,5,39
10795,2782,2024-06-23,6,52
10796,2782,2024-04-08,5,46
10797,2782,2024-04-08,6,25
10798,2783,2024-07-31,3,32
10799,2783,2024-07-31,8,15
10800,2784,2024-09-11,2,15
10801,2784,2024-09-11,3,10
10802,2784,2024-09-11,4,29
10803,2784,2024-09-11,6,75
10804,2785,2024-11-10,1,26
10805,2785,2024-11-10,2,13
10806,2786,2024-03-24,2,29
10807,2786,2024-05-15,2,42
10808,2786,2024-05-15,8,29
10809,2786,2024-12-24,1,44
10810,2786,2024-12-24,10,18
10811,2786,2024-12-24,5,16
10812,2787,2024-08-12,1,70
10813,2787,2024-08-12,4,62
10814,2787,2024-08-12,8,47
10815,2788,2024-09-14,4,13
10816,2788,2024-09-14,7,42
10817,2788,2024-09-14,8,51
10818,2789,2024-07-29,2,23
10819,2789,2024-07-29,3,74
10820,2790,2024-12-25,3,22
10821,2790,2024-12-25,6,35
10822,2790,2024-12-25,7,72
10823,2791,2024-12-16,4,23
10824,2791,2024-12-16,7,26
10825,2792,2024-02-04,2,61
10826,2792,2024-05-03,3,32
10827,2792,2024-05-03,4,50
10828,2793,2024-10-12,2,67
10829,2793,2024-10-12,4,52
10830,2793,2024-10-12,6,33
10831,2794,2024-05-03,2,54
10832,2794,2024-05-03,3,62
10833,2794,2024-05-03,7,27
10834,2795,2024-04-04,2,14
10835,2795,2024-04-04,5,21
10836,2795,2024-04-04,7,21
10837,2795,2024-04-04,8,64
10838,2795,2024-04-04,9,15
10839,2796,2024-01-24,1,65
10840,2796,2024-01-24,2,21
10841,2796,2024-01-24,4,34
10842,2796,2024-01-24,5,58
10843,2796,2024-01-24,9,21
10844,2797,2024-11-03,1,36
10845,2797,2024-11-03,6,73
10846,2797,2024-11-03,7,43
10847,2797,2024-01-24,1,75
10848,2797,2024-01-24,3,59
10849,2797,2024-01-24,5,14
10850,2798,2024-10-13,5,73
10851,2799,2024-09-07,9,52
10852,2799,2024-09-07,2,59
10853,2799,2024-09-07,7,27
10854,2800,2024-02-26,2,63
10855,2800,2024-02-26,4,49
10856,2801,2024-04-28,1,53
10857,2801,2024-04-28,2,68
10858,2801,2024-04-28,5,75
10859,2801,2024-04-28,7,57
10860,2801,2024-09-24,1,13
10861,2801,2024-09-24,2,50
10862,2801,2024-09-24,5,17
10863,2801,2024-09-24,7,55
10864,2801,2024-09-24,8,58
10865,2801,2024-04-10,7,26
10866,2801,2024-01-06,1,53
10867,2801,2024-01-06,6,22
10868,2801,2024-01-06,7,17
10869,2802,2024-12-02,1,13
10870,2802,2024-12-02,7,75
10871,2802,2024-07-20,1,45
10872,2802,2024-07-20,2,62
10873,2802,2024-07-20,7,71
10874,2802,2024-07-20,9,71
10875,2803,2024-06-16,4,67
10876,2803,2024-06-16,5,10
10877,2803,2024-06-16,6,64
10878,2804,2024-08-22,1,18
10879,2804,2024-08-22,10,10
10880,2804,2024-08-22,4,70
10881,2805,2024-06-19,5,65
10882,2805,2024-06-19,8,73
10883,2806,2024-12-16,1,53
10884,2806,2024-12-16,6,54
10885,2806,2024-10-06,2,67
10886,2807,2024-08-20,9,43
10887,2808,2024-01-27,10,21
10888,2808,2024-01-27,7,66
10889,2809,2024-10-10,5,16
10890,2810,2024-01-16,9,73
10891,2810,2024-01-16,5,15
10892,2811,2024-01-26,2,49
10893,2811,2024-01-26,8,45
10894,2812,2024-09-06,2,57
10895,2812,2024-09-06,5,17
10896,2812,2024-06-28,9,33
10897,2812,2024-06-28,2,74
10898,2812,2024-06-28,8,61
10899,2813,2024-02-21,2,39
10900,2813,2024-02-21,4,42
10901,2814,2024-12-10,10,56
10902,2815,2024-12-01,2,22
10903,2816,2024-12-16,1,39
10904,2816,2024-12-16,2,13
10905,2816,2024-12-16,9,54
10906,2816,2024-12-09,1,57
10907,2816,2024-12-09,4,22
10908,2816,2024-12-09,6,45
10909,2816,2024-10-11,1,41
10910,2816,2024-10-11,2,41
10911,2816,2024-10-11,3,14
10912,2816,2024-10-11,4,17
10913,2816,2024-10-11,7,28
10914,2816,2024-02-21,2,21
10915,2816,2024-02-21,6,70
10916,2817,2024-04-04,1,40
10917,2817,2024-04-04,2,24
10918,2817,2024-04-04,9,71
10919,2818,2024-12-19,9,26
10920,2818,2024-12-19,1,23
10921,2818,2024-12-19,6,30
10922,2818,2024-08-04,3,73
10923,2818,2024-08-04,4,15
10924,2818,2024-08-04,6,70
10925,2818,2024-08-04,8,34
10926,2819,2024-07-24,1,64
10927,2819,2024-07-24,2,64
10928,2819,2024-07-24,5,34
10929,2820,2024-04-11,1,70
10930,2820,2024-04-11,2,55
10931,2820,2024-04-11,4,58
10932,2821,2024-10-09,9,60
10933,2821,2024-10-09,2,42
10934,2821,2024-10-09,3,29
10935,2822,2024-07-19,2,56
10936,2823,2024-11-08,3,35
10937,2824,2024-10-16,1,20
10938,2824,2024-11-20,2,20
10939,2824,2024-11-20,4,49
10940,2824,2024-11-20,6,52
10941,2825,2024-06-16,1,23
10942,2825,2024-06-16,6,53
10943,2826,2024-06-09,1,27
10944,2826,2024-06-09,2,27
10945,2826,2024-06-09,3,73
10946,2827,2024-05-17,8,33
10947,2828,2024-07-18,3,45
10948,2828,2024-12-06,5,47
10949,2828,2024-01-10,3,26
10950,2828,2024-01-10,4,74
10951,2828,2024-01-10,5,46
10952,2828,2024-01-10,7,51
10953,2828,2024-10-28,4,25
10954,2828,2024-10-28,6,65
10955,2829,2024-06-10,5,13
10956,2829,2024-06-10,7,38
10957,2829,2024-06-10,8,64
10958,2829,2024-07-10,1,21
10959,2829,2024-07-10,2,43
10960,2829,2024-07-10,3,69
10961,2829,2024-07-10,6,46
10962,2830,2024-04-28,1,41
10963,2830,2024-04-28,2,21
10964,2830,2024-04-28,7,30
10965,2831,2024-08-25,1,48
10966,2831,2024-08-25,7,33
10967,2831,2024-01-03,1,49
10968,2831,2024-07-06,2,36
10969,2831,2024-07-06,8,48
10970,2831,2024-12-23,2,34
10971,2831,2024-12-23,3,29
10972,2831,2024-12-23,5,50
10973,2832,2024-10-25,3,47
10974,2832,2024-10-25,6,33
10975,2833,2024-10-04,5,18
10976,2833,2024-10-04,6,58
10977,2834,2024-10-09,2,46
10978,2834,2024-10-09,4,55
10979,2834,2024-09-12,3,51
10980,2834,2024-09-12,6,53
10981,2835,2024-11-28,2,55
10982,2835,2024-11-28,4,54
10983,2835,2024-04-27,10,17
10984,2835,2024-04-27,4,38
10985,2835,2024-04-27,6,44
10986,2835,2024-04-27,7,70
10987,2836,2024-04-18,2,52
10988,2836,2024-04-18,4,37
10989,2836,2024-04-18,5,23
10990,2836,2024-04-18,6,25
10991,2837,2024-03-27,2,16
10992,2838,2024-06-21,1,64
10993,2838,2024-06-21,7,22
10994,2839,2024-07-25,1,68
10995,2839,2024-07-25,2,36
10996,2839,2024-07-25,3,22
10997,2839,2024-07-25,7,13
10998,2839,2024-07-01,5,41
10999,2839,2024-07-01,7,37
11000,2839,2024-10-06,1,51
11001,2840,2024-05-27,1,17
11002,2840,2024-05-27,5,66
11003,2841,2024-06-08,5,71
11004,2841,2024-06-08,6,19
11005,2841,2024-06-08,7,11
11006,2842,2024-07-16,2,41
11007,2843,2024-02-04,1,19
11008,2843,2024-02-04,2,50
11009,2843,2024-02-04,3,36
11010,2843,2024-02-04,8,41
11011,2843,2024-02-04,9,58
11012,2844,2024-05-23,1,40
11013,2844,2024-05-23,8,36
11014,2845,2024-12-30,2,49
11015,2845,2024-12-30,3,65
11016,2845,2024-12-30,4,56
11017,2845,2024-04-24,1,16
11018,2845,2024-04-24,2,69
11019,2845,2024-04-24,4,37
11020,2845,2024-04-24,8,29
11021,2845,2024-12-19,1,17
11022,2845,2024-12-19,3,71
11023,2846,2024-07-15,1,26
11024,2846,2024-07-15,2,15
11025,2846,2024-07-15,4,61
11026,2847,2024-09-03,1,14
11027,2847,2024-09-03,10,72
11028,2847,2024-09-03,2,11
11029,2847,2024-09-03,8,18
11030,2848,2024-12-16,1,46
11031,2848,2024-12-16,6,15
11032,2849,2024-12-24,1,71
11033,2849,2024-12-24,2,26
11034,2849,2024-12-24,4,49
11035,2849,2024-12-24,8,75
11036,2849,2024-12-24,1,75
11037,2849,2024-12-24,2,52
11038,2849,2024-12-24,4,74
11039,2849,2024-08-07,2,54
11040,2849,2024-08-07,3,39
11041,2849,2024-08-07,4,60
11042,2849,2024-08-07,5,71
11043,2850,2024-06-21,3,34
11044,2850,2024-06-21,5,66
11045,2850,2024-06-21,8,61
11046,2851,2024-04-28,1,25
11047,2851,2024-04-28,3,42
11048,2851,2024-04-28,4,61
11049,2851,2024-04-28,7,57
11050,2852,2024-12-17,1,34
11051,2852,2024-12-30,1,44
11052,2852,2024-12-30,3,69
11053,2853,2024-10-18,9,38
11054,2853,2024-07-18,1,57
11055,2854,2024-02-03,2,44
11056,2854,2024-02-03,3,70
11057,2854,2024-08-19,2,45
11058,2854,2024-08-19,3,25
11059,2854,2024-08-19,5,74
11060,2854,2024-08-19,6,39
11061,2855,2024-03-16,4,17
11062,2855,2024-03-16,6,34
11063,2855,2024-03-16,7,31
11064,2855,2024-04-21,3,59
11065,2855,2024-09-05,2,70
11066,2855,2024-09-05,4,55
11067,2855,2024-09-05,8,55
11068,2856,2024-09-27,7,39
11069,2857,2024-07-27,9,51
11070,2857,2024-07-27,2,13
11071,2857,2024-07-27,5,13
11072,2857,2024-07-27,6,34
11073,2857,2024-10-26,4,69
11074,2858,2024-01-26,9,62
11075,2858,2024-01-26,3,16
11076,2859,2024-08-25,3,17
11077,2859,2024-08-25,4,35
11078,2859,2024-12-09,1,53
11079,2859,2024-12-09,7,74
11080,2860,2024-04-14,2,35
11081,2860,2024-04-14,5,26
11082,2860,2024-09-04,2,59
11083,2860,2024-09-04,3,12
11084,2860,2024-09-04,4,47
11085,2860,2024-09-04,7,74
11086,2860,2024-09-04,8,40
11087,2861,2024-07-12,3,24
11088,2861,2024-07-12,6,66
11089,2861,2024-06-06,1,47
11090,2861,2024-06-06,9,69
11091,2862,2024-12-08,4,75
11092,2863,2024-04-08,1,39
11093,2863,2024-04-08,2,20
11094,2863,2024-04-08,5,25
11095,2864,2024-12-25,1,11
11096,2864,2024-12-25,10,67
11097,2864,2024-12-25,3,42
11098,2865,2024-04-25,2,58
11099,2865,2024-04-25,3,47
11100,2865,2024-04-25,4,59
11101,2865,2024-04-25,7,19
11102,2865,2024-07-06,8,68
11103,2865,2024-03-24,1,25
11104,2865,2024-03-24,2,70
11105,2865,2024-03-24,3,64
11106,2865,2024-03-24,5,51
11107,2865,2024-03-24,7,50
11108,2865,2024-02-28,1,28
11109,2865,2024-02-28,4,71
11110,2865,2024-02-28,8,14
11111,2866,2024-12-15,2,56
11112,2866,2024-12-15,5,63
11113,2866,2024-04-07,2,40
11114,2866,2024-04-07,8,24
11115,2866,2024-07-16,1,49
11116,2866,2024-07-16,3,72
11117,2866,2024-07-16,4,17
11118,2867,2024-07-07,1,16
11119,2867,2024-07-07,2,72
11120,2867,2024-07-07,5,48
11121,2868,2024-11-26,9,11
11122,2868,2024-11-26,2,35
11123,2868,2024-11-26,1,54
11124,2869,2024-01-20,9,14
11125,2869,2024-01-20,5,35
11126,2869,2024-01-20,8,26
11127,2870,2024-04-15,3,10
11128,2870,2024-04-15,7,36
11129,2870,2024-09-22,3,39
11130,2871,2024-02-15,1,45
11131,2871,2024-02-15,5,61
11132,2871,2024-02-15,6,22
11133,2871,2024-07-15,2,72
11134,2871,2024-07-15,5,25
11135,2872,2024-12-22,1,25
11136,2872,2024-12-22,6,63
11137,2873,2024-01-24,7,16
11138,2874,2024-11-05,3,20
11139,2874,2024-11-05,4,21
11140,2874,2024-11-05,5,47
11141,2874,2024-11-05,6,12
11142,2874,2024-07-23,2,16
11143,2874,2024-07-23,6,75
11144,2875,2024-09-16,7,17
11145,2875,2024-09-10,3,69
11146,2876,2024-01-23,1,41
11147,2876,2024-01-23,9,41
11148,2876,2024-01-23,4,26
11149,2876,2024-01-23,7,38
11150,2877,2024-09-29,9,36
11151,2877,2024-09-29,2,20
11152,2877,2024-09-29,5,71
11153,2878,2024-04-06,9,45
11154,2878,2024-04-06,1,30
11155,2878,2024-04-06,4,70
11156,2879,2024-06-12,1,64
11157,2879,2024-06-12,2,29
11158,2879,2024-06-12,3,18
11159,2880,2024-01-17,3,17
11160,2880,2024-01-17,8,27
11161,2881,2024-09-25,2,20
11162,2882,2024-06-05,2,25
11163,2882,2024-04-20,7,18
11164,2882,2024-04-12,6,59
11165,2883,2024-05-22,9,13
11166,2883,2024-05-22,2,42
11167,2883,2024-05-22,1,18
11168,2884,2024-09-15,2,25
11169,2884,2024-09-15,6,58
11170,2884,2024-05-09,10,49
11171,2885,2024-10-23,1,75
11172,2885,2024-10-23,2,70
11173,2885,2024-10-23,6,40
11174,2886,2024-01-05,1,41
11175,2886,2024-01-05,5,58
11176,2887,2024-12-16,1,36
11177,2887,2024-12-16,3,48
11178,2887,2024-12-16,4,28
11179,2887,2024-12-16,7,55
11180,2888,2024-06-29,3,25
11181,2889,2024-10-13,2,21
11182,2889,2024-10-13,7,30
11183,2889,2024-09-01,2,54
11184,2890,2024-07-13,2,41
11185,2890,2024-07-13,4,10
11186,2890,2024-03-12,2,13
11187,2890,2024-03-12,3,49
11188,2890,2024-03-12,6,18
11189,2890,2024-03-12,8,23
11190,2890,2024-12-22,1,26
11191,2890,2024-12-22,8,59
11192,2890,2024-09-09,1,10
11193,2891,2024-09-02,1,59
11194,2891,2024-09-02,5,70
11195,2891,2024-09-02,6,44
11196,2892,2024-10-24,1,46
11197,2892,2024-10-24,3,34
11198,2892,2024-10-24,4,23
11199,2892,2024-10-24,8,65
11200,2893,2024-10-28,10,48
11201,2893,2024-10-28,6,40
11202,2893,2024-11-12,1,53
11203,2893,2024-11-12,2,66
11204,2894,2024-07-25,10,23
11205,2894,2024-07-25,3,50
11206,2895,2024-05-17,3,42
11207,2895,2024-05-17,4,40
11208,2895,2024-05-17,5,29
11209,2896,2024-12-19,6,59
11210,2896,2024-08-26,1,22
11211,2896,2024-08-26,4,51
11212,2897,2024-06-23,1,30
11213,2897,2024-06-23,10,59
11214,2897,2024-06-23,3,35
11215,2897,2024-06-23,4,42
11216,2898,2024-03-11,1,30
11217,2899,2024-08-25,7,75
11218,2900,2024-12-11,1,54
11219,2900,2024-12-11,2,28
11220,2900,2024-12-06,3,36
11221,2901,2024-07-03,1,36
11222,2901,2024-07-03,3,33
11223,2901,2024-07-03,4,46
11224,2901,2024-07-03,5,71
11225,2902,2024-06-13,2,30
11226,2903,2024-07-12,9,61
11227,2903,2024-07-12,4,70
11228,2903,2024-07-12,8,39
11229,2903,2024-09-06,1,23
11230,2903,2024-09-06,3,75
11231,2904,2024-12-11,1,40
11232,2904,2024-12-11,4,47
11233,2904,2024-12-11,5,39
11234,2905,2024-06-17,4,55
11235,2905,2024-05-12,9,65
11236,2905,2024-05-12,2,69
11237,2905,2024-05-12,5,53
11238,2906,2024-10-25,1,46
11239,2906,2024-10-25,2,29
11240,2906,2024-10-25,3,27
11241,2906,2024-10-25,5,73
11242,2906,2024-10-25,7,15
11243,2907,2024-01-28,2,30
11244,2907,2024-01-28,3,14
11245,2907,2024-01-28,6,16
11246,2907,2024-01-28,8,51
11247,2907,2024-01-28,9,39
11248,2907,2024-10-01,4,65
11249,2907,2024-10-01,6,44
11250,2907,2024-10-01,7,38
11251,2907,2024-12-28,2,32
11252,2907,2024-12-28,6,14
11253,2907,2024-12-28,8,23
11254,2907,2024-12-18,1,44
11255,2907,2024-12-18,3,42
11256,2907,2024-12-18,5,19
11257,2907,2024-12-18,6,18
11258,2908,2024-09-25,1,29
11259,2908,2024-09-25,2,73
11260,2908,2024-09-25,5,17
11261,2909,2024-01-14,1,62
11262,2909,2024-01-14,10,29
11263,2909,2024-01-14,3,73
11264,2910,2024-08-30,2,68
11265,2910,2024-08-30,8,11
11266,2911,2024-07-16,1,18
11267,2911,2024-07-16,2,65
11268,2911,2024-07-16,3,28
11269,2911,2024-07-16,4,39
11270,2911,2024-07-16,6,29
11271,2912,2024-08-08,1,56
11272,2912,2024-08-08,5,52
11273,2912,2024-12-28,9,25
11274,2912,2024-12-28,3,24
11275,2912,2024-12-28,5,30
11276,2912,2024-03-20,1,55
11277,2913,2024-08-07,2,42
11278,2913,2024-08-07,5,12
11279,2913,2024-08-07,7,71
11280,2913,2024-12-10,1,68
11281,2913,2024-12-10,2,30
11282,2913,2024-12-10,8,67
11283,2913,2024-07-19,3,56
11284,2913,2024-06-04,2,34
11285,2913,2024-06-04,5,48
11286,2913,2024-06-04,6,42
11287,2913,2024-06-04,7,26
11288,2914,2024-12-27,4,11
11289,2914,2024-12-27,5,22
11290,2915,2024-12-21,1,25
11291,2915,2024-12-21,9,65
11292,2915,2024-12-21,3,41
11293,2916,2024-02-04,2,34
11294,2916,2024-02-04,5,45
11295,2916,2024-02-04,6,52
11296,2916,2024-02-04,7,73
11297,2916,2024-02-05,1,46
11298,2917,2024-12-21,7,74
11299,2917,2024-10-28,4,69
11300,2917,2024-10-28,6,10
11301,2917,2024-10-28,8,42
11302,2917,2024-04-28,4,69
11303,2917,2024-04-28,6,38
11304,2917,2024-04-28,7,26
11305,2917,2024-04-28,8,39
11306,2918,2024-09-17,2,52
11307,2918,2024-09-17,4,16
11308,2919,2024-09-22,1,56
11309,2919,2024-09-22,2,41
11310,2919,2024-09-22,3,40
11311,2919,2024-09-22,7,41
11312,2920,2024-01-06,2,72
11313,2920,2024-01-06,5,36
11314,2921,2024-01-07,2,51
11315,2921,2024-01-07,4,30
11316,2922,2024-12-25,2,74
11317,2922,2024-12-25,4,18
11318,2922,2024-12-25,5,46
11319,2922,2024-12-25,7,11
11320,2922,2024-12-25,9,51
11321,2923,2024-01-18,2,33
11322,2923,2024-01-18,3,69
11323,2924,2024-01-26,1,60
11324,2924,2024-01-26,3,47
11325,2925,2024-12-04,1,27
11326,2925,2024-12-04,2,15
11327,2925,2024-12-04,3,44
11328,2925,2024-12-04,7,23
11329,2925,2024-11-17,1,68
11330,2925,2024-11-17,2,72
11331,2925,2024-11-17,3,40
11332,2925,2024-11-17,5,75
11333,2926,2024-06-15,9,67
11334,2927,2024-06-21,1,11
11335,2928,2024-05-22,10,11
11336,2928,2024-05-22,3,44
11337,2929,2024-09-15,1,52
11338,2929,2024-09-15,3,68
11339,2929,2024-09-15,4,67
11340,2929,2024-09-15,6,37
11341,2929,2024-09-15,8,22
11342,2930,2024-05-16,4,32
11343,2931,2024-03-01,9,33
11344,2931,2024-03-01,10,50
11345,2931,2024-03-01,6,57
11346,2931,2024-03-01,1,72
11347,2932,2024-07-13,1,24
11348,2932,2024-07-13,2,38
11349,2932,2024-07-13,10,74
11350,2933,2024-03-29,3,13
11351,2933,2024-03-29,4,70
11352,2933,2024-03-29,5,11
11353,2933,2024-03-29,6,49
11354,2934,2024-10-14,5,51
11355,2935,2024-10-11,1,74
11356,2935,2024-10-11,2,42
11357,2935,2024-10-11,4,54
11358,2935,2024-10-11,9,36
11359,2936,2024-09-29,4,54
11360,2936,2024-09-29,5,35
11361,2936,2024-03-19,1,46
11362,2936,2024-03-19,2,33
11363,2936,2024-03-19,3,37
11364,2937,2024-12-30,5,18
11365,2938,2024-03-07,3,39
11366,2938,2024-10-27,2,13
11367,2938,2024-10-27,8,70
11368,2939,2024-09-23,3,51
11369,2939,2024-09-23,7,41
11370,2940,2024-12-04,1,20
11371,2940,2024-12-04,5,66
11372,2941,2024-10-10,2,27
11373,2941,2024-10-10,3,67
11374,2941,2024-10-10,5,40
11375,2941,2024-10-10,7,71
11376,2941,2024-10-10,8,30
11377,2942,2024-04-14,1,64
11378,2942,2024-04-14,8,24
11379,2943,2024-04-05,1,34
11380,2943,2024-04-05,10,53
11381,2943,2024-04-05,4,23
11382,2943,2024-08-10,1,51
11383,2943,2024-08-10,2,11
11384,2943,2024-08-10,4,34
11385,2944,2024-10-26,2,49
11386,2944,2024-10-26,3,32
11387,2944,2024-10-26,5,19
11388,2944,2024-11-18,9,35
11389,2945,2024-12-17,1,43
11390,2945,2024-12-17,3,47
11391,2945,2024-12-17,7,12
11392,2945,2024-02-07,2,72
11393,2946,2024-07-19,1,20
11394,2946,2024-07-19,2,24
11395,2946,2024-07-19,3,11
11396,2946,2024-07-19,4,69
11397,2946,2024-07-19,8,49
11398,2947,2024-09-14,9,40
11399,2947,2024-09-14,2,11
11400,2947,2024-09-14,3,32
11401,2947,2024-09-14,6,10
11402,2948,2024-12-20,3,61
11403,2949,2024-07-12,1,27
11404,2949,2024-07-12,5,12
11405,2950,2024-05-18,1,11
11406,2950,2024-05-18,3,43
11407,2950,2024-05-18,8,30
11408,2951,2024-05-25,9,35
11409,2951,2024-05-25,10,61
11410,2951,2024-05-25,4,71
11411,2951,2024-05-25,2,27
11412,2952,2024-12-18,2,16
11413,2952,2024-12-18,4,12
11414,2953,2024-06-09,2,28
11415,2953,2024-06-09,3,18
11416,2953,2024-06-09,4,38
11417,2953,2024-06-09,6,30
11418,2953,2024-06-09,7,59
11419,2954,2024-07-19,1,24
11420,2954,2024-07-19,2,27
11421,2954,2024-07-19,5,13
11422,2954,2024-07-18,2,24
11423,2954,2024-07-18,3,70
11424,2954,2024-07-18,5,64
11425,2954,2024-07-18,8,27
11426,2955,2024-10-05,4,32
11427,2955,2024-11-26,1,32
11428,2955,2024-11-26,3,42
11429,2955,2024-11-26,4,12
11430,2955,2024-10-08,1,55
11431,2955,2024-10-08,2,17
11432,2955,2024-10-08,3,22
11433,2955,2024-10-08,5,69
11434,2955,2024-05-05,2,19
11435,2955,2024-05-05,3,63
11436,2956,2024-11-04,1,63
11437,2956,2024-11-04,2,10
11438,2956,2024-11-04,3,24
11439,2956,2024-12-15,1,12
11440,2956,2024-12-15,2,25
11441,2956,2024-04-23,1,52
11442,2956,2024-04-23,2,47
11443,2956,2024-04-23,3,46
11444,2956,2024-04-23,9,14
11445,2957,2024-04-10,1,18
11446,2957,2024-04-10,3,36
11447,2957,2024-04-10,4,13
11448,2957,2024-04-10,8,49
11449,2958,2024-07-23,4,12
11450,2959,2024-11-11,3,46
11451,2959,2024-11-11,4,63
11452,2959,2024-11-11,5,30
11453,2959,2024-11-11,6,17
11454,2960,2024-10-25,1,60
11455,2960,2024-10-25,2,39
11456,2960,2024-10-25,3,47
11457,2960,2024-10-25,7,35
11458,2960,2024-10-17,1,41
11459,2960,2024-10-17,2,74
11460,2960,2024-10-17,3,22
11461,2960,2024-10-17,7,53
11462,2960,2024-10-17,8,46
11463,2961,2024-12-27,1,55
11464,2961,2024-12-27,2,51
11465,2961,2024-12-27,5,67
11466,2962,2024-04-18,2,56
11467,2962,2024-04-18,4,13
11468,2962,2024-04-18,6,65
11469,2963,2024-12-19,1,13
11470,2963,2024-12-19,2,70
11471,2963,2024-12-19,5,45
11472,2963,2024-03-10,2,10
11473,2963,2024-03-10,4,33
11474,2964,2024-05-07,9,28
11475,2964,2024-05-07,1,40
11476,2965,2024-12-18,1,27
11477,2965,2024-12-18,2,74
11478,2965,2024-12-18,5,70
11479,2965,2024-12-18,8,17
11480,2966,2024-07-31,10,13
11481,2966,2024-07-31,6,17
11482,2967,2024-06-27,1,13
11483,2967,2024-06-27,3,46
11484,2967,2024-06-27,6,23
11485,2968,2024-12-06,7,59
11486,2969,2024-12-07,2,27
11487,2969,2024-12-07,3,41
11488,2969,2024-12-07,5,60
11489,2969,2024-12-07,8,34
11490,2970,2024-12-19,9,66
11491,2970,2024-12-19,1,52
11492,2970,2024-12-19,3,70
11493,2970,2024-12-19,6,30
11494,2971,2024-04-27,4,12
11495,2971,2024-04-27,5,44
11496,2972,2024-10-15,1,47
11497,2972,2024-10-15,3,33
11498,2972,2024-06-13,1,65
11499,2972,2024-06-13,4,21
11500,2973,2024-02-09,10,48
11501,2973,2024-02-09,4,50
11502,2973,2024-02-09,8,52
11503,2974,2024-07-26,6,35
11504,2975,2024-10-01,1,14
11505,2975,2024-10-01,2,32
11506,2975,2024-10-01,8,35
11507,2976,2024-01-14,6,58
11508,2976,2024-01-14,7,46
11509,2976,2024-01-19,1,26
11510,2976,2024-02-26,1,19
11511,2976,2024-02-26,9,38
11512,2976,2024-02-26,3,64
11513,2976,2024-02-26,4,43
11514,2977,2024-10-29,1,72
11515,2977,2024-10-29,2,28
11516,2977,2024-10-29,3,38
11517,2977,2024-10-29,6,19
11518,2978,2024-07-26,1,11
11519,2978,2024-07-26,2,57
11520,2979,2024-04-26,1,38
11521,2979,2024-04-26,2,20
11522,2979,2024-04-26,3,73
11523,2979,2024-04-26,6,22
11524,2979,2024-06-19,3,70
11525,2979,2024-06-19,4,33
11526,2979,2024-06-19,7,41
11527,2979,2024-06-19,8,28
11528,2979,2024-06-09,1,52
11529,2979,2024-06-09,2,66
11530,2979,2024-06-09,3,61
11531,2980,2024-06-25,9,16
11532,2980,2024-06-25,7,69
11533,2980,2024-04-29,3,41
11534,2981,2024-01-29,8,56
11535,2982,2024-01-03,1,28
11536,2982,2024-01-03,4,57
11537,2982,2024-01-03,5,38
11538,2982,2024-01-03,6,55
11539,2982,2024-01-11,2,33
11540,2982,2024-01-11,3,27
11541,2982,2024-01-11,5,42
11542,2983,2024-09-25,4,35
11543,2983,2024-09-25,6,42
11544,2984,2024-12-20,3,30
11545,2984,2024-12-20,6,62
11546,2985,2024-04-15,2,48
11547,2985,2024-04-15,8,36
11548,2986,2024-08-05,2,12
11549,2987,2024-12-16,10,59
11550,2987,2024-12-16,2,11
11551,2987,2024-12-16,8,18
11552,2987,2024-06-06,1,73
11553,2987,2024-06-06,2,50
11554,2987,2024-06-06,3,65
11555,2987,2024-06-06,6,61
11556,2988,2024-10-16,1,68
11557,2988,2024-10-16,2,25
11558,2988,2024-10-16,5,12
11559,2988,2024-10-16,6,69
11560,2988,2024-10-16,10,23
11561,2989,2024-07-16,2,32
11562,2989,2024-07-16,3,64
11563,2989,2024-07-16,4,48
11564,2989,2024-07-16,7,70
11565,2990,2024-09-16,1,62
11566,2990,2024-12-16,1,67
11567,2990,2024-12-16,7,60
11568,2991,2024-09-10,9,68
11569,2991,2024-09-10,10,54
11570,2991,2024-09-10,4,20
11571,2991,2024-09-09,2,44
11572,2991,2024-09-09,6,69
11573,2992,2024-07-26,1,59
11574,2992,2024-07-26,3,62
11575,2992,2024-07-26,7,41
11576,2993,2024-06-23,9,10
11577,2993,2024-06-23,1,43
11578,2993,2024-06-23,4,55
11579,2994,2024-07-29,9,42
11580,2994,2024-07-29,3,17
11581,2994,2024-07-29,6,42
11582,2995,2024-12-16,2,31
11583,2995,2024-12-16,3,54
11584,2995,2024-12-16,5,20
11585,2995,2024-12-16,7,25
11586,2995,2024-12-16,9,21
11587,2995,2024-03-16,10,32
11588,2995,2024-03-16,3,28
11589,2995,2024-03-16,5,68
11590,2996,2024-06-15,1,44
11591,2996,2024-06-15,5,65
11592,2997,2024-06-22,3,53
11593,2997,2024-06-22,4,16
11594,2997,2024-06-22,8,29
11595,2997,2024-10-14,9,59
11596,2997,2024-10-14,4,35
11597,2997,2024-10-14,5,23
11598,2997,2024-12-11,2,14
11599,2997,2024-12-11,6,34
11600,2997,2024-12-11,8,67
11601,2997,2024-10-11,1,18
11602,2997,2024-10-11,10,19
11603,2997,2024-10-11,2,13
11604,2998,2024-04-30,3,32
11605,2998,2024-04-30,4,40
11606,2998,2024-04-30,8,68
11607,2999,2024-12-11,9,52
11608,2999,2024-12-11,1,53
11609,2999,2024-12-11,3,46
11610,3000,2024-12-28,9,10
11611,3000,2024-12-28,2,24
11612,3000,2024-12-28,4,19
11613,3000,2024-12-28,6,17
