booking_id,customer_id,booking_date,visit_date,ticket_type,tickets_count,total_amount,booking_channel
2001,1001,2024-09-02,2024-09-03,Adult,6,750.71,Walk-in
2002,1002,2024-10-03,2024-10-03,Child,6,408.79,Walk-in
2003,1002,2024-02-11,2024-02-12,Child,2,142.92,Walk-in
2004,1002,2024-10-16,2024-10-18,Family,1,353.21,Online
2005,1002,2024-07-17,2024-07-17,Adult,2,234.32,Online
2006,1003,2024-08-07,2024-08-07,Family,1,335.15,Walk-in
2007,1003,2024-05-08,2024-05-09,Adult,5,587.8,Walk-in
2008,1004,2024-09-07,2024-09-10,Adult,3,368.48,Walk-in
2009,1005,2024-09-22,2024-09-24,Adult,2,229.55,Walk-in
2010,1006,2024-06-24,2024-06-24,Child,4,268.24,Walk-in
2011,1007,2024-10-01,2024-10-01,Adult,3,367.13,Walk-in
2012,1008,2024-12-19,2024-12-21,Family,1,343.67,Walk-in
2013,1008,2024-11-12,2024-11-15,Adult,4,471.05,Online
2014,1009,2024-04-19,2024-04-20,Adult,3,356.75,Walk-in
2015,1010,2024-05-26,2024-05-29,Child,4,278.66,Walk-in
2016,1010,2024-10-14,2024-10-14,Family,1,360.09,Walk-in
2017,1011,2024-12-05,2024-12-08,Adult,4,493.99,Walk-in
2018,1012,2024-04-19,2024-04-20,Adult,1,118.7,Walk-in
2019,1012,2024-06-01,2024-06-04,Adult,3,371.87,Walk-in
2020,1012,2024-04-07,2024-04-10,Child,4,278.12,Walk-in
2021,1012,2024-03-22,2024-03-22,Adult,1,114.8,Walk-in
2022,1013,2024-07-10,2024-07-11,Adult,4,494.57,Walk-in
2023,1013,2024-01-10,2024-01-11,Adult,3,366.63,Walk-in
2024,1014,2024-03-05,2024-03-07,Adult,3,371.06,Walk-in
2025,1015,2024-06-16,2024-06-16,Adult,3,357.01,Walk-in
2026,1016,2024-05-08,2024-05-10,Child,4,288.03,Walk-in
2027,1017,2024-08-11,2024-08-12,Group,1,293.03,Online
2028,1018,2024-08-08,2024-08-09,Family,1,341.22,Walk-in
2029,1019,2024-12-11,2024-12-11,Adult,2,242.97,Walk-in
2030,1020,2024-07-20,2024-07-22,Adult,4,493.32,Online
2031,1021,2024-04-05,2024-04-07,Family,1,334.57,Walk-in
2032,1022,2024-09-11,2024-09-13,Family,1,349.39,Walk-in
2033,1023,2024-04-11,2024-04-14,Group,1,282.93,Walk-in
2034,1024,2024-11-21,2024-11-22,Group,1,282.73,Walk-in
2035,1025,2024-10-24,2024-10-25,Child,5,342.39,Online
2036,1026,2024-06-27,2024-06-27,Adult,2,231.46,Walk-in
2037,1026,2024-09-25,2024-09-28,Adult,4,493.24,Online
2038,1027,2024-07-13,2024-07-14,Child,3,201.76,Walk-in
2039,1028,2024-04-23,2024-04-26,Adult,5,577.71,Online
2040,1029,2024-03-28,2024-03-30,Child,3,202.48,Walk-in
2041,1030,2024-06-01,2024-06-04,Child,4,270.98,Walk-in
2042,1031,2024-10-21,2024-10-23,Adult,5,572.36,Walk-in
2043,1032,2024-10-23,2024-10-24,Child,1,67.48,Walk-in
2044,1033,2024-03-23,2024-03-24,Adult,3,377.0,Walk-in
2045,1034,2024-06-25,2024-06-25,Child,5,334.68,Walk-in
2046,1034,2024-10-23,2024-10-24,Child,1,72.2,Walk-in
2047,1034,2024-03-28,2024-03-30,Adult,1,121.74,Walk-in
2048,1035,2024-01-27,2024-01-28,Child,1,68.03,Walk-in
2049,1035,2024-03-28,2024-03-29,Child,3,207.64,Walk-in
2050,1035,2024-06-17,2024-06-19,Child,6,429.02,Walk-in
2051,1035,2024-02-07,2024-02-07,Adult,5,599.49,Walk-in
2052,1036,2024-02-12,2024-02-13,Adult,2,240.87,Walk-in
2053,1036,2024-10-10,2024-10-12,Child,5,346.09,Online
2054,1037,2024-10-09,2024-10-11,Adult,3,356.13,Walk-in
2055,1038,2024-07-15,2024-07-18,Adult,1,114.5,Online
2056,1039,2024-10-28,2024-10-29,Adult,5,614.14,Walk-in
2057,1040,2024-09-07,2024-09-09,Adult,1,121.77,Walk-in
2058,1041,2024-12-27,2024-12-29,Adult,1,117.72,Walk-in
2059,1042,2024-04-11,2024-04-12,Child,6,415.32,Walk-in
2060,1043,2024-12-20,2024-12-21,Group,1,279.44,Walk-in
2061,1044,2024-11-22,2024-11-23,Adult,1,124.61,Online
2062,1044,2024-09-28,2024-09-28,Group,1,292.04,Walk-in
2063,1044,2024-06-19,2024-06-20,Adult,3,349.75,Walk-in
2064,1045,2024-06-12,2024-06-12,Adult,6,685.61,Walk-in
2065,1046,2024-12-10,2024-12-11,Adult,2,230.89,Walk-in
2066,1047,2024-12-26,2024-12-26,Family,1,365.12,Walk-in
2067,1048,2024-03-24,2024-03-25,Child,5,356.82,Walk-in
2068,1049,2024-01-19,2024-01-22,Adult,6,695.04,Walk-in
2069,1050,2024-09-01,2024-09-01,Child,4,277.55,Online
2070,1051,2024-08-02,2024-08-02,Group,1,290.54,Walk-in
2071,1051,2024-10-07,2024-10-09,Adult,3,376.67,Walk-in
2072,1051,2024-09-26,2024-09-26,Group,1,267.24,Walk-in
2073,1051,2024-12-18,2024-12-21,Family,1,357.54,Online
2074,1052,2024-05-03,2024-05-05,Child,4,281.25,Walk-in
2075,1052,2024-12-24,2024-12-25,Adult,6,708.97,Walk-in
2076,1053,2024-06-15,2024-06-17,Family,1,337.67,Walk-in
2077,1053,2024-12-22,2024-12-25,Adult,4,460.15,Walk-in
2078,1053,2024-03-12,2024-03-15,Child,5,362.66,Walk-in
2079,1054,2024-01-17,2024-01-18,Child,5,354.64,Walk-in
2080,1054,2024-12-19,2024-12-20,Group,1,288.18,Online
2081,1054,2024-06-27,2024-06-30,Family,1,367.17,Walk-in
2082,1055,2024-07-19,2024-07-19,Adult,5,609.88,Walk-in
2083,1056,2024-04-23,2024-04-25,Child,3,214.87,Walk-in
2084,1056,2024-07-13,2024-07-16,Adult,3,368.99,Walk-in
2085,1056,2024-12-08,2024-12-11,Adult,6,748.46,Walk-in
2086,1057,2024-01-26,2024-01-26,Child,1,71.36,Walk-in
2087,1058,2024-10-10,2024-10-11,Child,1,73.16,Walk-in
2088,1059,2024-01-10,2024-01-10,Adult,6,689.14,Walk-in
2089,1060,2024-12-14,2024-12-16,Family,1,332.87,Walk-in
2090,1061,2024-06-12,2024-06-13,Adult,5,605.38,Walk-in
2091,1062,2024-09-02,2024-09-05,Group,1,280.0,Walk-in
2092,1063,2024-04-16,2024-04-19,Family,1,359.44,Walk-in
2093,1063,2024-08-12,2024-08-15,Group,1,276.64,Online
2094,1064,2024-10-03,2024-10-06,Adult,1,115.0,Online
2095,1065,2024-10-04,2024-10-07,Adult,3,350.69,Online
2096,1066,2024-01-10,2024-01-13,Adult,4,460.56,Walk-in
2097,1067,2024-08-22,2024-08-22,Group,1,278.44,Walk-in
2098,1068,2024-07-23,2024-07-26,Family,1,351.25,Online
2099,1068,2024-04-04,2024-04-07,Adult,4,470.08,Walk-in
2100,1069,2024-05-11,2024-05-14,Adult,2,251.25,Walk-in
2101,1070,2024-07-08,2024-07-08,Adult,6,742.09,Online
2102,1070,2024-10-02,2024-10-04,Adult,3,373.16,Walk-in
2103,1070,2024-07-23,2024-07-26,Family,1,365.68,Walk-in
2104,1070,2024-03-05,2024-03-05,Child,3,216.18,Walk-in
2105,1071,2024-10-23,2024-10-25,Child,1,69.43,Walk-in
2106,1071,2024-07-23,2024-07-26,Adult,1,117.15,Online
2107,1072,2024-06-13,2024-06-14,Group,1,290.51,Walk-in
2108,1073,2024-03-19,2024-03-20,Family,1,348.11,Online
2109,1074,2024-06-09,2024-06-12,Adult,6,697.36,Walk-in
2110,1074,2024-08-08,2024-08-09,Adult,2,245.92,Walk-in
2111,1075,2024-06-17,2024-06-17,Adult,6,703.14,Walk-in
2112,1075,2024-05-26,2024-05-27,Adult,2,248.65,Walk-in
2113,1076,2024-04-16,2024-04-19,Child,1,67.71,Walk-in
2114,1076,2024-09-28,2024-09-28,Adult,2,248.59,Walk-in
2115,1077,2024-10-16,2024-10-16,Child,2,141.78,Walk-in
2116,1077,2024-09-08,2024-09-10,Child,4,267.2,Walk-in
2117,1078,2024-06-07,2024-06-09,Adult,5,620.18,Walk-in
2118,1079,2024-12-16,2024-12-19,Child,6,405.61,Walk-in
2119,1080,2024-05-25,2024-05-25,Child,1,69.42,Walk-in
2120,1081,2024-10-25,2024-10-26,Family,1,333.9,Walk-in
2121,1081,2024-05-21,2024-05-23,Adult,5,606.32,Walk-in
2122,1082,2024-12-16,2024-12-19,Adult,6,726.45,Walk-in
2123,1083,2024-09-20,2024-09-21,Child,1,71.34,Online
2124,1084,2024-07-20,2024-07-20,Adult,3,375.63,Online
2125,1085,2024-08-08,2024-08-10,Group,1,275.08,Walk-in
2126,1086,2024-04-10,2024-04-11,Family,1,350.62,Walk-in
2127,1087,2024-04-14,2024-04-15,Family,1,363.67,Walk-in
2128,1087,2024-10-10,2024-10-11,Family,1,345.15,Walk-in
2129,1088,2024-05-26,2024-05-29,Child,2,134.64,Walk-in
2130,1089,2024-05-08,2024-05-09,Child,6,433.88,Walk-in
2131,1089,2024-09-16,2024-09-18,Adult,4,490.42,Online
2132,1089,2024-07-11,2024-07-12,Adult,1,117.03,Online
2133,1090,2024-11-13,2024-11-13,Adult,3,375.4,Walk-in
2134,1091,2024-12-19,2024-12-21,Child,4,271.58,Walk-in
2135,1092,2024-06-16,2024-06-16,Child,4,274.77,Walk-in
2136,1092,2024-03-25,2024-03-25,Adult,1,117.33,Walk-in
2137,1093,2024-04-26,2024-04-26,Group,1,285.23,Walk-in
2138,1093,2024-12-19,2024-12-19,Adult,3,377.17,Walk-in
2139,1094,2024-05-08,2024-05-09,Adult,5,604.24,Walk-in
2140,1095,2024-08-27,2024-08-28,Adult,5,605.05,Online
2141,1095,2024-04-27,2024-04-30,Adult,5,571.05,Walk-in
2142,1096,2024-08-20,2024-08-22,Family,1,336.86,Walk-in
2143,1097,2024-06-08,2024-06-11,Child,2,145.85,Walk-in
2144,1098,2024-01-22,2024-01-24,Child,5,362.24,Walk-in
2145,1099,2024-04-28,2024-04-28,Child,4,278.39,Walk-in
2146,1100,2024-06-20,2024-06-23,Adult,3,349.38,Walk-in
2147,1101,2024-07-17,2024-07-19,Adult,4,480.36,Walk-in
2148,1102,2024-07-07,2024-07-09,Adult,1,121.21,Walk-in
2149,1103,2024-06-26,2024-06-29,Adult,3,354.72,Walk-in
2150,1104,2024-10-08,2024-10-11,Child,4,292.9,Walk-in
2151,1105,2024-08-21,2024-08-21,Child,1,69.22,Walk-in
2152,1105,2024-06-16,2024-06-19,Family,1,364.32,Walk-in
2153,1105,2024-04-08,2024-04-10,Adult,3,359.23,Walk-in
2154,1106,2024-12-21,2024-12-22,Family,1,366.77,Walk-in
2155,1107,2024-10-03,2024-10-04,Adult,6,723.8,Walk-in
2156,1108,2024-07-09,2024-07-12,Adult,2,248.6,Walk-in
2157,1108,2024-12-08,2024-12-11,Adult,5,574.01,Online
2158,1109,2024-09-19,2024-09-20,Adult,4,501.22,Online
2159,1110,2024-04-26,2024-04-27,Child,1,66.97,Walk-in
2160,1111,2024-11-06,2024-11-06,Family,1,351.87,Walk-in
2161,1112,2024-04-18,2024-04-19,Adult,1,117.91,Walk-in
2162,1113,2024-04-27,2024-04-27,Child,1,69.26,Walk-in
2163,1113,2024-07-28,2024-07-29,Adult,5,620.06,Walk-in
2164,1113,2024-04-08,2024-04-11,Adult,1,122.56,Walk-in
2165,1114,2024-09-02,2024-09-02,Group,1,269.81,Walk-in
2166,1114,2024-07-16,2024-07-19,Child,6,415.96,Walk-in
2167,1115,2024-12-17,2024-12-19,Family,1,352.71,Online
2168,1116,2024-06-09,2024-06-12,Adult,4,462.06,Walk-in
2169,1116,2024-02-12,2024-02-14,Adult,4,474.36,Walk-in
2170,1116,2024-01-16,2024-01-17,Family,1,340.04,Walk-in
2171,1117,2024-10-15,2024-10-16,Child,3,207.82,Walk-in
2172,1117,2024-12-15,2024-12-17,Child,4,285.96,Walk-in
2173,1118,2024-04-05,2024-04-08,Group,1,272.87,Walk-in
2174,1119,2024-09-04,2024-09-06,Adult,3,358.74,Walk-in
2175,1119,2024-09-14,2024-09-14,Child,3,216.74,Walk-in
2176,1119,2024-01-28,2024-01-31,Adult,3,348.97,Walk-in
2177,1120,2024-03-04,2024-03-05,Family,1,352.16,Walk-in
2178,1121,2024-07-21,2024-07-23,Adult,4,472.03,Walk-in
2179,1121,2024-06-11,2024-06-13,Adult,5,605.14,Walk-in
2180,1122,2024-10-14,2024-10-14,Family,1,351.68,Online
2181,1122,2024-07-05,2024-07-08,Adult,6,715.67,Online
2182,1122,2024-04-05,2024-04-06,Adult,4,469.24,Walk-in
2183,1123,2024-01-01,2024-01-02,Adult,5,581.62,Walk-in
2184,1124,2024-12-14,2024-12-16,Group,1,271.9,Online
2185,1125,2024-03-02,2024-03-04,Family,1,360.05,Walk-in
2186,1126,2024-12-06,2024-12-09,Adult,6,717.09,Online
2187,1127,2024-09-12,2024-09-15,Group,1,273.23,Walk-in
2188,1127,2024-12-27,2024-12-29,Child,3,210.56,Walk-in
2189,1128,2024-11-19,2024-11-21,Family,1,359.74,Walk-in
2190,1128,2024-11-14,2024-11-17,Adult,5,588.03,Online
2191,1129,2024-12-02,2024-12-04,Family,1,341.52,Online
2192,1130,2024-08-28,2024-08-29,Family,1,341.21,Online
2193,1131,2024-12-23,2024-12-25,Child,4,277.74,Walk-in
2194,1132,2024-02-06,2024-02-09,Group,1,284.56,Walk-in
2195,1133,2024-12-02,2024-12-05,Child,4,270.31,Walk-in
2196,1134,2024-01-12,2024-01-12,Adult,4,498.2,Walk-in
2197,1135,2024-12-19,2024-12-20,Child,2,137.01,Walk-in
2198,1135,2024-03-06,2024-03-08,Child,1,67.2,Walk-in
2199,1135,2024-10-05,2024-10-08,Child,1,73.04,Online
2200,1136,2024-10-05,2024-10-05,Adult,2,228.78,Walk-in
2201,1137,2024-11-22,2024-11-24,Family,1,335.56,Walk-in
2202,1138,2024-05-04,2024-05-04,Group,1,268.31,Walk-in
2203,1138,2024-01-07,2024-01-08,Family,1,361.35,Walk-in
2204,1139,2024-04-10,2024-04-10,Family,1,342.46,Walk-in
2205,1140,2024-09-09,2024-09-10,Child,6,420.63,Walk-in
2206,1140,2024-04-10,2024-04-10,Adult,3,365.94,Walk-in
2207,1140,2024-11-12,2024-11-14,Adult,6,742.65,Walk-in
2208,1140,2024-12-26,2024-12-28,Family,1,339.87,Walk-in
2209,1141,2024-10-02,2024-10-02,Adult,1,115.77,Online
2210,1141,2024-03-24,2024-03-24,Adult,3,366.76,Walk-in
2211,1141,2024-10-14,2024-10-17,Adult,6,732.12,Walk-in
2212,1141,2024-10-10,2024-10-11,Family,1,355.47,Walk-in
2213,1142,2024-06-12,2024-06-12,Adult,3,356.02,Walk-in
2214,1143,2024-07-13,2024-07-15,Child,3,215.15,Walk-in
2215,1144,2024-09-25,2024-09-26,Adult,2,250.9,Walk-in
2216,1145,2024-07-11,2024-07-12,Adult,2,233.76,Walk-in
2217,1146,2024-12-07,2024-12-08,Child,1,70.92,Walk-in
2218,1147,2024-11-12,2024-11-14,Adult,4,493.04,Online
2219,1148,2024-04-05,2024-04-07,Family,1,362.52,Walk-in
2220,1149,2024-04-13,2024-04-14,Child,6,432.61,Walk-in
2221,1150,2024-10-18,2024-10-20,Child,4,267.25,Walk-in
2222,1151,2024-06-21,2024-06-21,Child,4,292.01,Walk-in
2223,1151,2024-09-08,2024-09-10,Family,1,340.3,Walk-in
2224,1151,2024-12-28,2024-12-28,Family,1,355.9,Walk-in
2225,1152,2024-06-01,2024-06-02,Adult,4,467.47,Walk-in
2226,1153,2024-01-03,2024-01-05,Child,5,365.4,Walk-in
2227,1154,2024-12-24,2024-12-26,Family,1,355.72,Walk-in
2228,1155,2024-08-18,2024-08-20,Family,1,362.43,Online
2229,1155,2024-06-24,2024-06-26,Adult,6,698.42,Walk-in
2230,1155,2024-02-21,2024-02-22,Group,1,266.58,Walk-in
2231,1155,2024-10-09,2024-10-10,Family,1,356.01,Walk-in
2232,1156,2024-12-07,2024-12-08,Adult,3,353.14,Walk-in
2233,1157,2024-07-03,2024-07-03,Group,1,290.45,Online
2234,1158,2024-01-08,2024-01-08,Family,1,360.3,Walk-in
2235,1158,2024-12-04,2024-12-07,Adult,5,615.96,Online
2236,1159,2024-07-04,2024-07-07,Family,1,342.24,Walk-in
2237,1160,2024-10-12,2024-10-13,Adult,2,241.09,Walk-in
2238,1160,2024-01-20,2024-01-20,Group,1,270.54,Walk-in
2239,1161,2024-07-23,2024-07-24,Child,6,413.76,Walk-in
2240,1162,2024-06-25,2024-06-28,Adult,5,616.55,Walk-in
2241,1163,2024-03-20,2024-03-23,Family,1,358.67,Walk-in
2242,1164,2024-12-08,2024-12-11,Child,4,276.84,Walk-in
2243,1165,2024-04-02,2024-04-02,Child,1,70.5,Walk-in
2244,1166,2024-09-12,2024-09-14,Child,1,73.29,Online
2245,1166,2024-02-27,2024-02-27,Child,5,359.31,Walk-in
2246,1167,2024-07-18,2024-07-20,Adult,1,123.43,Walk-in
2247,1168,2024-04-18,2024-04-21,Adult,1,114.66,Walk-in
2248,1169,2024-12-05,2024-12-07,Family,1,367.47,Walk-in
2249,1170,2024-11-03,2024-11-05,Adult,3,368.59,Walk-in
2250,1171,2024-01-10,2024-01-12,Adult,1,124.43,Walk-in
2251,1172,2024-09-28,2024-09-28,Adult,1,125.7,Online
2252,1173,2024-05-04,2024-05-05,Child,5,360.51,Walk-in
2253,1174,2024-04-27,2024-04-27,Family,1,351.71,Walk-in
2254,1175,2024-10-10,2024-10-12,Adult,4,492.11,Walk-in
2255,1176,2024-12-14,2024-12-14,Family,1,341.92,Walk-in
2256,1177,2024-02-19,2024-02-19,Adult,4,458.04,Walk-in
2257,1178,2024-06-04,2024-06-06,Adult,5,623.7,Walk-in
2258,1179,2024-06-06,2024-06-06,Child,1,69.79,Walk-in
2259,1179,2024-03-24,2024-03-25,Group,1,266.15,Walk-in
2260,1179,2024-04-26,2024-04-27,Child,2,133.83,Walk-in
2261,1180,2024-09-07,2024-09-09,Adult,4,502.74,Walk-in
2262,1181,2024-08-09,2024-08-10,Child,1,71.45,Walk-in
2263,1182,2024-09-01,2024-09-01,Child,2,143.45,Walk-in
2264,1183,2024-08-27,2024-08-27,Group,1,272.97,Walk-in
2265,1183,2024-04-08,2024-04-08,Family,1,356.44,Walk-in
2266,1183,2024-04-04,2024-04-04,Family,1,357.6,Walk-in
2267,1184,2024-01-04,2024-01-06,Adult,2,231.53,Walk-in
2268,1184,2024-03-12,2024-03-14,Group,1,276.6,Walk-in
2269,1184,2024-04-22,2024-04-23,Family,1,337.61,Walk-in
2270,1185,2024-04-22,2024-04-23,Child,3,208.69,Walk-in
2271,1186,2024-07-06,2024-07-06,Family,1,361.68,Online
2272,1187,2024-07-07,2024-07-10,Adult,3,347.07,Walk-in
2273,1187,2024-06-01,2024-06-04,Family,1,351.04,Walk-in
2274,1188,2024-06-21,2024-06-22,Child,6,435.28,Walk-in
2275,1189,2024-12-09,2024-12-10,Child,4,291.33,Walk-in
2276,1190,2024-04-16,2024-04-19,Adult,5,600.58,Walk-in
2277,1191,2024-02-24,2024-02-26,Child,6,403.15,Walk-in
2278,1192,2024-07-10,2024-07-13,Adult,5,627.43,Walk-in
2279,1192,2024-12-09,2024-12-10,Family,1,355.9,Walk-in
2280,1192,2024-09-26,2024-09-27,Child,5,332.62,Online
2281,1193,2024-05-23,2024-05-26,Child,1,69.87,Walk-in
2282,1193,2024-10-24,2024-10-27,Adult,3,363.1,Walk-in
2283,1193,2024-09-20,2024-09-22,Adult,4,485.98,Online
2284,1194,2024-05-28,2024-05-30,Adult,2,240.78,Walk-in
2285,1195,2024-07-18,2024-07-18,Family,1,336.11,Online
2286,1196,2024-04-28,2024-04-28,Adult,4,481.68,Walk-in
2287,1197,2024-02-18,2024-02-21,Family,1,340.23,Walk-in
2288,1197,2024-06-02,2024-06-04,Adult,5,594.55,Online
2289,1198,2024-09-15,2024-09-16,Adult,2,242.68,Walk-in
2290,1198,2024-04-20,2024-04-21,Adult,6,703.95,Walk-in
2291,1198,2024-10-24,2024-10-24,Group,1,279.71,Online
2292,1199,2024-11-11,2024-11-11,Adult,5,583.76,Walk-in
2293,1199,2024-01-23,2024-01-25,Group,1,287.09,Walk-in
2294,1199,2024-03-24,2024-03-24,Group,1,282.01,Walk-in
2295,1200,2024-04-27,2024-04-28,Adult,1,122.79,Walk-in
2296,1200,2024-04-05,2024-04-07,Child,6,417.88,Walk-in
2297,1201,2024-01-24,2024-01-25,Adult,3,372.05,Walk-in
2298,1202,2024-09-27,2024-09-28,Child,1,67.7,Walk-in
2299,1203,2024-04-27,2024-04-30,Adult,2,233.08,Walk-in
2300,1204,2024-02-08,2024-02-09,Adult,5,612.82,Walk-in
2301,1204,2024-07-19,2024-07-21,Family,1,338.01,Online
2302,1204,2024-07-19,2024-07-20,Group,1,277.9,Walk-in
2303,1205,2024-11-09,2024-11-11,Adult,2,250.23,Online
2304,1206,2024-11-07,2024-11-10,Adult,5,597.89,Walk-in
2305,1207,2024-08-26,2024-08-27,Group,1,272.43,Walk-in
2306,1208,2024-12-04,2024-12-07,Adult,6,725.81,Online
2307,1209,2024-03-17,2024-03-18,Child,2,144.19,Walk-in
2308,1210,2024-01-28,2024-01-28,Adult,5,575.01,Walk-in
2309,1211,2024-02-09,2024-02-11,Child,2,133.62,Walk-in
2310,1212,2024-11-05,2024-11-06,Family,1,335.63,Walk-in
2311,1213,2024-07-14,2024-07-14,Family,1,343.76,Walk-in
2312,1214,2024-04-28,2024-04-30,Adult,1,123.36,Walk-in
2313,1215,2024-10-28,2024-10-28,Adult,2,246.18,Online
2314,1215,2024-08-03,2024-08-04,Child,1,69.57,Online
2315,1216,2024-09-02,2024-09-02,Family,1,367.09,Walk-in
2316,1217,2024-09-26,2024-09-28,Family,1,341.63,Walk-in
2317,1218,2024-11-20,2024-11-23,Adult,5,624.62,Walk-in
2318,1218,2024-04-25,2024-04-27,Child,1,68.7,Walk-in
2319,1219,2024-07-15,2024-07-15,Adult,1,114.03,Walk-in
2320,1220,2024-04-12,2024-04-14,Adult,6,721.14,Walk-in
2321,1220,2024-06-19,2024-06-19,Adult,2,247.14,Walk-in
2322,1221,2024-12-12,2024-12-12,Adult,2,246.84,Walk-in
2323,1222,2024-01-23,2024-01-23,Child,1,69.35,Walk-in
2324,1223,2024-09-20,2024-09-23,Child,1,71.91,Online
2325,1224,2024-12-28,2024-12-29,Adult,1,117.21,Walk-in
2326,1225,2024-03-13,2024-03-15,Family,1,336.85,Walk-in
2327,1226,2024-07-01,2024-07-03,Child,3,219.71,Walk-in
2328,1227,2024-07-16,2024-07-19,Family,1,341.22,Walk-in
2329,1227,2024-10-07,2024-10-07,Adult,2,231.72,Walk-in
2330,1227,2024-10-20,2024-10-22,Family,1,350.76,Walk-in
2331,1227,2024-09-10,2024-09-13,Adult,1,116.91,Walk-in
2332,1228,2024-10-12,2024-10-15,Adult,3,376.59,Walk-in
2333,1229,2024-07-02,2024-07-05,Adult,6,712.07,Walk-in
2334,1229,2024-10-25,2024-10-27,Family,1,333.98,Walk-in
2335,1229,2024-04-22,2024-04-24,Adult,6,697.46,Walk-in
2336,1230,2024-12-24,2024-12-24,Family,1,348.94,Walk-in
2337,1231,2024-11-28,2024-11-30,Child,5,350.18,Online
2338,1231,2024-10-24,2024-10-24,Adult,5,611.84,Walk-in
2339,1232,2024-11-09,2024-11-11,Family,1,337.2,Walk-in
2340,1233,2024-10-22,2024-10-24,Adult,6,730.01,Online
2341,1234,2024-05-07,2024-05-08,Adult,3,349.0,Walk-in
2342,1235,2024-08-23,2024-08-23,Adult,2,247.36,Online
2343,1236,2024-02-23,2024-02-26,Child,6,435.9,Walk-in
2344,1236,2024-01-07,2024-01-08,Child,6,427.51,Walk-in
2345,1237,2024-03-21,2024-03-23,Group,1,267.1,Walk-in
2346,1238,2024-01-03,2024-01-03,Group,1,283.13,Walk-in
2347,1239,2024-10-11,2024-10-14,Adult,5,621.5,Online
2348,1240,2024-10-17,2024-10-17,Adult,2,233.01,Walk-in
2349,1241,2024-11-19,2024-11-19,Adult,4,461.38,Walk-in
2350,1241,2024-08-01,2024-08-02,Family,1,344.18,Walk-in
2351,1241,2024-07-24,2024-07-26,Family,1,353.36,Online
2352,1242,2024-12-01,2024-12-02,Adult,5,617.52,Walk-in
2353,1242,2024-01-10,2024-01-10,Family,1,362.98,Walk-in
2354,1242,2024-08-04,2024-08-06,Adult,4,481.43,Walk-in
2355,1242,2024-01-05,2024-01-08,Adult,6,695.35,Walk-in
2356,1243,2024-09-05,2024-09-05,Adult,3,354.07,Walk-in
2357,1243,2024-02-02,2024-02-04,Adult,5,594.43,Walk-in
2358,1243,2024-11-21,2024-11-21,Family,1,344.31,Walk-in
2359,1244,2024-06-14,2024-06-14,Child,1,67.32,Walk-in
2360,1245,2024-10-01,2024-10-01,Group,1,290.5,Walk-in
2361,1246,2024-12-12,2024-12-15,Adult,5,575.3,Online
2362,1246,2024-01-05,2024-01-08,Adult,6,699.33,Online
2363,1246,2024-10-09,2024-10-11,Adult,4,480.44,Walk-in
2364,1247,2024-08-16,2024-08-19,Child,5,355.05,Walk-in
2365,1248,2024-04-17,2024-04-19,Adult,1,115.39,Walk-in
2366,1248,2024-08-26,2024-08-29,Family,1,344.49,Walk-in
2367,1248,2024-12-18,2024-12-19,Child,2,136.27,Walk-in
2368,1248,2024-10-02,2024-10-02,Family,1,348.3,Walk-in
2369,1249,2024-09-02,2024-09-04,Group,1,282.26,Walk-in
2370,1249,2024-05-19,2024-05-20,Group,1,286.01,Walk-in
2371,1249,2024-04-26,2024-04-27,Child,5,357.22,Walk-in
2372,1249,2024-09-25,2024-09-28,Family,1,355.49,Online
2373,1250,2024-09-25,2024-09-28,Adult,5,587.73,Walk-in
2374,1250,2024-06-13,2024-06-14,Adult,5,576.18,Walk-in
2375,1251,2024-07-10,2024-07-11,Group,1,290.94,Walk-in
2376,1252,2024-11-26,2024-11-27,Adult,2,246.63,Walk-in
2377,1253,2024-08-02,2024-08-05,Child,1,73.43,Walk-in
2378,1253,2024-06-04,2024-06-07,Family,1,366.53,Walk-in
2379,1254,2024-07-24,2024-07-25,Adult,6,700.42,Walk-in
2380,1255,2024-05-22,2024-05-24,Family,1,363.95,Walk-in
2381,1256,2024-09-18,2024-09-18,Family,1,366.83,Online
2382,1257,2024-12-14,2024-12-14,Group,1,291.26,Walk-in
2383,1257,2024-07-01,2024-07-02,Child,3,210.93,Walk-in
2384,1257,2024-09-03,2024-09-06,Child,3,208.05,Walk-in
2385,1258,2024-11-01,2024-11-04,Family,1,335.94,Online
2386,1259,2024-12-25,2024-12-26,Family,1,343.48,Walk-in
2387,1260,2024-12-04,2024-12-06,Family,1,359.7,Walk-in
2388,1261,2024-03-19,2024-03-21,Family,1,342.02,Walk-in
2389,1262,2024-12-27,2024-12-28,Child,2,133.01,Walk-in
2390,1262,2024-07-20,2024-07-23,Group,1,276.9,Online
2391,1262,2024-03-25,2024-03-28,Child,1,67.07,Walk-in
2392,1262,2024-09-27,2024-09-27,Adult,1,118.5,Walk-in
2393,1263,2024-09-03,2024-09-05,Child,1,72.5,Walk-in
2394,1264,2024-07-25,2024-07-26,Family,1,350.76,Online
2395,1265,2024-12-21,2024-12-24,Child,1,71.61,Walk-in
2396,1265,2024-04-01,2024-04-04,Child,5,342.35,Walk-in
2397,1265,2024-10-15,2024-10-16,Family,1,359.2,Walk-in
2398,1266,2024-03-05,2024-03-07,Adult,1,122.95,Walk-in
2399,1266,2024-09-16,2024-09-19,Group,1,293.5,Walk-in
2400,1267,2024-12-03,2024-12-05,Adult,5,610.48,Walk-in
2401,1268,2024-12-07,2024-12-08,Child,1,73.06,Online
2402,1268,2024-05-23,2024-05-24,Adult,4,461.22,Walk-in
2403,1269,2024-02-01,2024-02-02,Family,1,363.97,Walk-in
2404,1270,2024-02-20,2024-02-21,Adult,1,116.63,Walk-in
2405,1271,2024-11-22,2024-11-24,Adult,4,482.21,Online
2406,1271,2024-06-07,2024-06-08,Child,6,421.9,Walk-in
2407,1272,2024-08-24,2024-08-25,Family,1,343.81,Walk-in
2408,1272,2024-06-17,2024-06-17,Group,1,268.65,Walk-in
2409,1273,2024-12-08,2024-12-11,Adult,3,371.95,Walk-in
2410,1273,2024-07-05,2024-07-08,Family,1,349.99,Walk-in
2411,1274,2024-12-03,2024-12-03,Family,1,354.87,Online
2412,1274,2024-12-19,2024-12-20,Adult,2,234.27,Online
2413,1274,2024-06-19,2024-06-21,Family,1,349.7,Walk-in
2414,1275,2024-09-08,2024-09-11,Family,1,340.61,Online
2415,1276,2024-04-04,2024-04-05,Child,3,208.08,Walk-in
2416,1277,2024-08-15,2024-08-15,Child,6,423.72,Walk-in
2417,1277,2024-06-22,2024-06-22,Child,6,401.57,Walk-in
2418,1278,2024-07-13,2024-07-14,Family,1,333.04,Online
2419,1279,2024-06-05,2024-06-05,Family,1,338.48,Walk-in
2420,1279,2024-06-22,2024-06-23,Adult,4,488.58,Walk-in
2421,1280,2024-01-11,2024-01-14,Group,1,285.23,Walk-in
2422,1280,2024-03-03,2024-03-04,Adult,5,578.32,Walk-in
2423,1281,2024-12-25,2024-12-25,Child,5,359.54,Walk-in
2424,1281,2024-06-20,2024-06-22,Family,1,362.88,Online
2425,1281,2024-03-02,2024-03-04,Family,1,365.8,Walk-in
2426,1282,2024-04-27,2024-04-30,Group,1,282.75,Walk-in
2427,1283,2024-07-10,2024-07-11,Adult,5,590.26,Online
2428,1284,2024-07-21,2024-07-21,Child,3,206.78,Walk-in
2429,1285,2024-07-26,2024-07-26,Family,1,347.95,Walk-in
2430,1286,2024-04-18,2024-04-21,Child,4,271.49,Walk-in
2431,1287,2024-09-01,2024-09-04,Adult,1,125.56,Walk-in
2432,1288,2024-09-15,2024-09-18,Child,4,276.77,Walk-in
2433,1289,2024-09-14,2024-09-17,Family,1,337.89,Online
2434,1290,2024-05-19,2024-05-20,Child,6,400.6,Walk-in
2435,1291,2024-05-17,2024-05-17,Adult,2,244.38,Walk-in
2436,1292,2024-06-23,2024-06-25,Family,1,355.72,Walk-in
2437,1293,2024-10-13,2024-10-16,Family,1,344.12,Walk-in
2438,1293,2024-01-22,2024-01-22,Adult,5,580.55,Walk-in
2439,1294,2024-12-09,2024-12-11,Adult,5,593.59,Walk-in
2440,1295,2024-04-12,2024-04-14,Adult,2,243.21,Walk-in
2441,1296,2024-07-19,2024-07-21,Family,1,361.56,Walk-in
2442,1297,2024-12-18,2024-12-18,Adult,2,234.26,Walk-in
2443,1297,2024-12-06,2024-12-08,Family,1,365.13,Walk-in
2444,1298,2024-12-13,2024-12-14,Group,1,270.81,Online
2445,1299,2024-04-23,2024-04-24,Adult,5,616.9,Walk-in
2446,1300,2024-04-17,2024-04-17,Child,4,276.34,Walk-in
2447,1301,2024-09-17,2024-09-19,Group,1,292.59,Walk-in
2448,1302,2024-01-11,2024-01-14,Family,1,342.56,Walk-in
2449,1303,2024-01-10,2024-01-10,Family,1,363.79,Walk-in
2450,1304,2024-02-27,2024-02-27,Group,1,282.77,Walk-in
2451,1305,2024-04-27,2024-04-29,Child,3,216.16,Walk-in
2452,1305,2024-06-13,2024-06-15,Adult,3,358.33,Walk-in
2453,1306,2024-05-04,2024-05-05,Family,1,345.31,Walk-in
2454,1306,2024-11-16,2024-11-16,Adult,4,477.47,Walk-in
2455,1306,2024-01-20,2024-01-22,Group,1,270.19,Walk-in
2456,1306,2024-11-10,2024-11-10,Adult,3,348.38,Walk-in
2457,1307,2024-07-04,2024-07-07,Child,5,358.14,Walk-in
2458,1308,2024-07-09,2024-07-11,Adult,5,601.61,Online
2459,1309,2024-06-06,2024-06-07,Group,1,281.61,Walk-in
2460,1309,2024-10-14,2024-10-14,Group,1,290.19,Walk-in
2461,1310,2024-06-25,2024-06-28,Child,3,205.77,Walk-in
2462,1311,2024-07-11,2024-07-13,Group,1,291.01,Walk-in
2463,1312,2024-09-24,2024-09-27,Group,1,288.3,Walk-in
2464,1313,2024-10-20,2024-10-22,Adult,2,235.31,Walk-in
2465,1314,2024-03-03,2024-03-06,Group,1,266.71,Walk-in
2466,1314,2024-01-02,2024-01-02,Adult,3,355.41,Walk-in
2467,1314,2024-09-08,2024-09-08,Group,1,269.67,Online
2468,1314,2024-12-27,2024-12-27,Family,1,362.9,Walk-in
2469,1315,2024-01-11,2024-01-14,Adult,2,243.2,Walk-in
2470,1315,2024-10-22,2024-10-22,Adult,3,372.64,Walk-in
2471,1316,2024-06-19,2024-06-22,Adult,6,755.31,Walk-in
2472,1317,2024-07-21,2024-07-24,Family,1,342.74,Walk-in
2473,1318,2024-10-05,2024-10-07,Family,1,366.97,Walk-in
2474,1319,2024-12-10,2024-12-11,Group,1,267.95,Walk-in
2475,1320,2024-11-23,2024-11-23,Family,1,339.16,Walk-in
2476,1321,2024-04-05,2024-04-05,Child,5,335.74,Walk-in
2477,1322,2024-01-03,2024-01-04,Child,4,270.48,Walk-in
2478,1322,2024-07-01,2024-07-02,Family,1,346.64,Walk-in
2479,1323,2024-09-06,2024-09-07,Family,1,349.3,Walk-in
2480,1324,2024-10-12,2024-10-14,Child,4,270.33,Walk-in
2481,1325,2024-01-05,2024-01-05,Child,6,430.16,Walk-in
2482,1325,2024-09-08,2024-09-08,Adult,5,622.14,Walk-in
2483,1325,2024-12-21,2024-12-24,Adult,4,489.0,Walk-in
2484,1325,2024-10-24,2024-10-25,Group,1,284.35,Online
2485,1326,2024-12-01,2024-12-03,Adult,2,241.84,Walk-in
2486,1326,2024-09-24,2024-09-27,Family,1,365.94,Online
2487,1327,2024-11-22,2024-11-22,Child,2,140.74,Walk-in
2488,1328,2024-12-11,2024-12-13,Family,1,341.06,Walk-in
2489,1329,2024-12-07,2024-12-09,Child,3,205.1,Walk-in
2490,1330,2024-10-15,2024-10-18,Adult,4,469.91,Online
2491,1331,2024-08-09,2024-08-11,Child,4,283.11,Online
2492,1332,2024-04-15,2024-04-18,Adult,5,580.46,Walk-in
2493,1332,2024-01-08,2024-01-11,Family,1,364.37,Walk-in
2494,1333,2024-04-23,2024-04-25,Adult,5,626.75,Walk-in
2495,1334,2024-03-01,2024-03-01,Adult,3,356.3,Walk-in
2496,1335,2024-12-18,2024-12-19,Adult,1,117.18,Walk-in
2497,1336,2024-09-22,2024-09-25,Child,5,362.73,Walk-in
2498,1337,2024-09-23,2024-09-25,Family,1,345.01,Walk-in
2499,1337,2024-07-02,2024-07-02,Adult,3,377.21,Walk-in
2500,1338,2024-06-03,2024-06-05,Adult,1,118.16,Walk-in
2501,1338,2024-12-28,2024-12-28,Adult,2,243.43,Walk-in
2502,1339,2024-12-19,2024-12-21,Family,1,335.74,Walk-in
2503,1340,2024-04-28,2024-04-29,Adult,2,249.88,Walk-in
2504,1341,2024-12-03,2024-12-04,Family,1,350.0,Walk-in
2505,1342,2024-03-13,2024-03-13,Child,6,405.38,Walk-in
2506,1343,2024-03-22,2024-03-25,Child,6,404.86,Walk-in
2507,1344,2024-10-22,2024-10-22,Adult,4,475.33,Walk-in
2508,1345,2024-04-04,2024-04-04,Child,6,413.4,Walk-in
2509,1346,2024-07-15,2024-07-16,Adult,5,614.81,Walk-in
2510,1347,2024-05-07,2024-05-10,Adult,2,240.87,Walk-in
2511,1348,2024-07-22,2024-07-24,Family,1,336.13,Online
2512,1349,2024-05-04,2024-05-04,Adult,5,610.98,Walk-in
2513,1350,2024-03-11,2024-03-11,Child,3,220.12,Walk-in
2514,1351,2024-05-05,2024-05-05,Family,1,353.2,Walk-in
2515,1352,2024-06-12,2024-06-15,Family,1,334.81,Walk-in
2516,1352,2024-09-26,2024-09-27,Family,1,352.41,Walk-in
2517,1353,2024-10-19,2024-10-22,Family,1,359.67,Walk-in
2518,1354,2024-07-05,2024-07-07,Adult,3,361.79,Walk-in
2519,1355,2024-06-25,2024-06-26,Adult,1,117.11,Walk-in
2520,1356,2024-10-05,2024-10-05,Adult,4,500.65,Walk-in
2521,1357,2024-06-06,2024-06-09,Adult,4,469.34,Walk-in
2522,1358,2024-09-15,2024-09-15,Child,5,333.28,Walk-in
2523,1359,2024-03-10,2024-03-10,Adult,3,376.3,Walk-in
2524,1359,2024-12-21,2024-12-21,Adult,6,746.38,Walk-in
2525,1359,2024-01-01,2024-01-03,Group,1,277.36,Walk-in
2526,1360,2024-12-21,2024-12-24,Adult,3,364.42,Walk-in
2527,1361,2024-08-25,2024-08-27,Adult,4,496.49,Online
2528,1362,2024-04-27,2024-04-27,Adult,3,358.62,Walk-in
2529,1363,2024-01-02,2024-01-02,Family,1,350.5,Walk-in
2530,1364,2024-01-24,2024-01-27,Child,1,69.65,Walk-in
2531,1365,2024-12-16,2024-12-17,Child,1,70.31,Walk-in
2532,1365,2024-11-22,2024-11-24,Child,2,141.3,Online
2533,1365,2024-02-11,2024-02-11,Child,2,140.12,Walk-in
2534,1366,2024-02-02,2024-02-05,Family,1,344.12,Online
2535,1367,2024-11-10,2024-11-12,Group,1,292.71,Walk-in
2536,1367,2024-04-13,2024-04-14,Adult,2,228.59,Walk-in
2537,1367,2024-04-18,2024-04-20,Child,6,417.04,Walk-in
2538,1367,2024-01-04,2024-01-04,Adult,6,741.86,Walk-in
2539,1368,2024-09-06,2024-09-09,Group,1,289.47,Online
2540,1368,2024-07-05,2024-07-05,Adult,1,120.3,Online
2541,1368,2024-10-16,2024-10-16,Adult,3,356.51,Walk-in
2542,1369,2024-05-11,2024-05-11,Family,1,360.33,Walk-in
2543,1370,2024-08-22,2024-08-25,Adult,3,343.34,Online
2544,1371,2024-04-08,2024-04-08,Family,1,352.2,Walk-in
2545,1372,2024-10-23,2024-10-25,Child,3,204.74,Online
2546,1373,2024-02-26,2024-02-27,Adult,5,606.53,Walk-in
2547,1374,2024-08-21,2024-08-24,Group,1,277.06,Walk-in
2548,1375,2024-12-21,2024-12-22,Child,2,139.49,Walk-in
2549,1376,2024-03-14,2024-03-17,Child,6,411.29,Walk-in
2550,1377,2024-06-04,2024-06-05,Adult,3,376.29,Walk-in
2551,1377,2024-08-08,2024-08-09,Family,1,359.18,Walk-in
2552,1378,2024-04-23,2024-04-25,Child,1,73.47,Walk-in
2553,1379,2024-01-23,2024-01-25,Adult,4,496.71,Online
2554,1379,2024-03-07,2024-03-10,Adult,4,495.35,Walk-in
2555,1380,2024-04-03,2024-04-06,Adult,2,243.86,Walk-in
2556,1381,2024-09-22,2024-09-24,Adult,5,626.62,Online
2557,1382,2024-04-22,2024-04-25,Group,1,291.13,Walk-in
2558,1383,2024-07-01,2024-07-03,Group,1,280.23,Online
2559,1384,2024-12-18,2024-12-21,Family,1,343.14,Walk-in
2560,1384,2024-10-15,2024-10-17,Child,6,437.94,Walk-in
2561,1384,2024-07-17,2024-07-19,Child,1,70.27,Walk-in
2562,1385,2024-01-18,2024-01-18,Child,3,209.44,Walk-in
2563,1385,2024-11-27,2024-11-28,Adult,1,117.59,Walk-in
2564,1386,2024-10-22,2024-10-22,Group,1,280.31,Walk-in
2565,1386,2024-11-09,2024-11-10,Child,4,281.67,Walk-in
2566,1387,2024-07-25,2024-07-28,Child,6,438.07,Walk-in
2567,1388,2024-09-09,2024-09-09,Child,2,142.99,Walk-in
2568,1389,2024-11-26,2024-11-29,Adult,4,458.11,Online
2569,1389,2024-09-06,2024-09-09,Adult,6,723.83,Walk-in
2570,1390,2024-10-12,2024-10-12,Family,1,348.61,Online
2571,1390,2024-11-22,2024-11-25,Adult,6,687.25,Walk-in
2572,1391,2024-06-21,2024-06-23,Family,1,345.67,Walk-in
2573,1391,2024-10-20,2024-10-23,Adult,4,480.56,Walk-in
2574,1391,2024-07-05,2024-07-07,Adult,2,231.84,Online
2575,1391,2024-08-08,2024-08-11,Adult,5,577.5,Walk-in
2576,1392,2024-08-26,2024-08-27,Adult,4,481.57,Walk-in
2577,1393,2024-09-14,2024-09-15,Group,1,277.07,Walk-in
2578,1394,2024-12-17,2024-12-20,Child,1,69.47,Walk-in
2579,1394,2024-02-10,2024-02-10,Adult,1,121.04,Walk-in
2580,1395,2024-10-12,2024-10-13,Group,1,290.45,Walk-in
2581,1396,2024-02-07,2024-02-10,Family,1,363.81,Walk-in
2582,1396,2024-12-02,2024-12-04,Adult,5,575.66,Walk-in
2583,1396,2024-11-01,2024-11-02,Adult,3,369.02,Walk-in
2584,1397,2024-04-20,2024-04-20,Child,6,400.33,Walk-in
2585,1397,2024-05-01,2024-05-04,Child,1,69.79,Walk-in
2586,1398,2024-12-24,2024-12-24,Family,1,336.94,Walk-in
2587,1399,2024-07-25,2024-07-25,Child,6,399.12,Walk-in
2588,1399,2024-11-05,2024-11-05,Adult,4,469.0,Walk-in
2589,1400,2024-12-26,2024-12-27,Family,1,354.29,Online
2590,1400,2024-09-09,2024-09-12,Child,5,354.11,Online
2591,1401,2024-10-19,2024-10-22,Family,1,351.73,Walk-in
2592,1402,2024-07-19,2024-07-21,Family,1,362.84,Walk-in
2593,1402,2024-08-11,2024-08-11,Adult,5,578.09,Walk-in
2594,1402,2024-04-28,2024-05-01,Group,1,272.9,Walk-in
2595,1403,2024-12-02,2024-12-04,Adult,4,459.77,Walk-in
2596,1404,2024-02-27,2024-03-01,Adult,3,350.95,Online
2597,1404,2024-09-04,2024-09-06,Adult,5,573.35,Walk-in
2598,1405,2024-01-20,2024-01-22,Family,1,342.95,Online
2599,1406,2024-04-02,2024-04-04,Group,1,293.96,Walk-in
2600,1406,2024-04-24,2024-04-27,Child,4,267.4,Walk-in
2601,1406,2024-04-01,2024-04-03,Adult,3,359.64,Walk-in
2602,1407,2024-07-01,2024-07-04,Family,1,343.3,Walk-in
2603,1408,2024-04-26,2024-04-26,Child,2,145.0,Walk-in
2604,1409,2024-11-13,2024-11-14,Family,1,338.95,Walk-in
2605,1409,2024-10-02,2024-10-02,Adult,3,363.73,Walk-in
2606,1409,2024-12-01,2024-12-04,Adult,2,230.84,Walk-in
2607,1410,2024-04-25,2024-04-28,Child,4,285.43,Walk-in
2608,1411,2024-06-25,2024-06-27,Child,4,266.78,Walk-in
2609,1412,2024-05-04,2024-05-04,Adult,5,618.92,Walk-in
2610,1412,2024-11-21,2024-11-24,Group,1,266.17,Online
2611,1412,2024-07-04,2024-07-07,Child,4,279.47,Walk-in
2612,1412,2024-08-07,2024-08-07,Adult,5,622.95,Walk-in
2613,1413,2024-12-01,2024-12-03,Child,6,416.16,Walk-in
2614,1413,2024-03-26,2024-03-29,Adult,6,691.99,Walk-in
2615,1413,2024-04-09,2024-04-10,Family,1,363.46,Walk-in
2616,1413,2024-07-23,2024-07-26,Family,1,351.13,Walk-in
2617,1414,2024-06-27,2024-06-28,Adult,3,376.13,Walk-in
2618,1415,2024-03-22,2024-03-23,Child,3,207.1,Walk-in
2619,1416,2024-12-02,2024-12-02,Family,1,347.52,Walk-in
2620,1417,2024-06-21,2024-06-24,Adult,2,248.88,Walk-in
2621,1418,2024-02-05,2024-02-06,Adult,6,754.9,Walk-in
2622,1419,2024-07-25,2024-07-28,Family,1,354.23,Online
2623,1420,2024-02-15,2024-02-18,Family,1,341.0,Walk-in
2624,1420,2024-09-24,2024-09-25,Child,1,67.84,Online
2625,1421,2024-07-22,2024-07-23,Family,1,363.92,Walk-in
2626,1421,2024-01-18,2024-01-18,Family,1,334.85,Walk-in
2627,1422,2024-12-27,2024-12-27,Adult,6,729.74,Walk-in
2628,1422,2024-09-26,2024-09-27,Adult,5,600.18,Walk-in
2629,1423,2024-09-08,2024-09-10,Family,1,363.34,Walk-in
2630,1424,2024-12-28,2024-12-28,Child,6,435.65,Walk-in
2631,1425,2024-07-17,2024-07-17,Family,1,344.59,Walk-in
2632,1426,2024-04-22,2024-04-24,Adult,4,458.57,Walk-in
2633,1427,2024-11-12,2024-11-12,Child,5,340.11,Walk-in
2634,1428,2024-08-01,2024-08-03,Adult,5,577.4,Walk-in
2635,1428,2024-12-17,2024-12-19,Family,1,358.24,Online
2636,1428,2024-08-14,2024-08-15,Family,1,359.25,Walk-in
2637,1429,2024-05-11,2024-05-14,Child,2,144.73,Walk-in
2638,1430,2024-11-22,2024-11-23,Adult,2,228.87,Walk-in
2639,1431,2024-10-20,2024-10-23,Family,1,338.63,Walk-in
2640,1432,2024-04-18,2024-04-19,Child,2,140.3,Walk-in
2641,1432,2024-11-05,2024-11-05,Group,1,284.47,Walk-in
2642,1433,2024-06-27,2024-06-28,Group,1,281.86,Online
2643,1434,2024-07-17,2024-07-17,Family,1,352.0,Walk-in
2644,1435,2024-03-02,2024-03-02,Adult,2,232.22,Walk-in
2645,1436,2024-02-17,2024-02-20,Child,4,269.21,Walk-in
2646,1436,2024-07-21,2024-07-24,Family,1,336.76,Walk-in
2647,1437,2024-11-07,2024-11-09,Adult,1,117.47,Online
2648,1438,2024-04-18,2024-04-20,Group,1,284.2,Walk-in
2649,1438,2024-02-17,2024-02-17,Family,1,342.17,Walk-in
2650,1439,2024-10-18,2024-10-19,Adult,3,356.71,Online
2651,1439,2024-05-22,2024-05-22,Adult,2,245.6,Online
2652,1440,2024-07-25,2024-07-28,Group,1,266.1,Online
2653,1441,2024-04-11,2024-04-14,Child,1,68.82,Walk-in
2654,1442,2024-01-14,2024-01-17,Child,1,67.02,Walk-in
2655,1442,2024-06-12,2024-06-14,Family,1,357.31,Walk-in
2656,1442,2024-12-08,2024-12-10,Adult,4,482.0,Walk-in
2657,1442,2024-09-19,2024-09-21,Family,1,348.93,Walk-in
2658,1443,2024-01-25,2024-01-26,Child,5,339.58,Walk-in
2659,1444,2024-06-24,2024-06-27,Adult,5,597.55,Walk-in
2660,1445,2024-04-14,2024-04-14,Child,6,426.74,Walk-in
2661,1445,2024-09-12,2024-09-12,Adult,5,595.73,Walk-in
2662,1446,2024-11-19,2024-11-22,Family,1,333.32,Walk-in
2663,1446,2024-03-03,2024-03-04,Child,6,431.09,Walk-in
2664,1446,2024-11-21,2024-11-22,Adult,3,377.2,Walk-in
2665,1447,2024-01-19,2024-01-21,Group,1,292.34,Walk-in
2666,1447,2024-06-17,2024-06-19,Group,1,269.3,Walk-in
2667,1447,2024-05-03,2024-05-04,Child,4,282.86,Walk-in
2668,1447,2024-02-22,2024-02-23,Adult,5,612.77,Walk-in
2669,1448,2024-03-09,2024-03-10,Adult,5,626.58,Walk-in
2670,1448,2024-08-15,2024-08-15,Family,1,363.36,Online
2671,1449,2024-04-24,2024-04-26,Adult,2,230.53,Walk-in
2672,1450,2024-09-12,2024-09-15,Family,1,334.09,Walk-in
2673,1451,2024-07-01,2024-07-02,Adult,3,359.89,Walk-in
2674,1451,2024-08-24,2024-08-24,Adult,4,466.54,Walk-in
2675,1452,2024-06-09,2024-06-09,Child,2,144.58,Walk-in
2676,1453,2024-12-06,2024-12-07,Group,1,283.11,Online
2677,1454,2024-12-09,2024-12-09,Adult,4,480.97,Online
2678,1454,2024-11-06,2024-11-07,Family,1,357.6,Walk-in
2679,1454,2024-03-14,2024-03-14,Adult,5,625.45,Walk-in
2680,1455,2024-06-16,2024-06-16,Adult,3,375.95,Walk-in
2681,1456,2024-10-02,2024-10-02,Adult,3,377.09,Walk-in
2682,1457,2024-11-26,2024-11-26,Group,1,284.39,Walk-in
2683,1458,2024-06-24,2024-06-24,Family,1,340.46,Walk-in
2684,1459,2024-11-02,2024-11-03,Adult,1,119.55,Online
2685,1460,2024-08-22,2024-08-22,Adult,4,468.31,Walk-in
2686,1461,2024-12-03,2024-12-05,Child,3,214.18,Walk-in
2687,1462,2024-09-26,2024-09-29,Child,5,352.56,Online
2688,1463,2024-06-05,2024-06-07,Adult,4,492.77,Walk-in
2689,1463,2024-10-20,2024-10-21,Group,1,271.66,Walk-in
2690,1464,2024-07-07,2024-07-07,Adult,3,343.63,Walk-in
2691,1465,2024-08-20,2024-08-23,Adult,2,229.65,Online
2692,1465,2024-04-26,2024-04-28,Child,5,359.24,Walk-in
2693,1465,2024-06-05,2024-06-08,Child,4,290.14,Online
2694,1465,2024-07-24,2024-07-27,Child,5,351.68,Online
2695,1466,2024-12-10,2024-12-11,Child,2,137.45,Walk-in
2696,1467,2024-12-26,2024-12-28,Child,2,140.56,Walk-in
2697,1468,2024-01-27,2024-01-30,Group,1,285.73,Walk-in
2698,1468,2024-07-11,2024-07-13,Adult,4,463.65,Walk-in
2699,1469,2024-10-01,2024-10-01,Child,3,218.45,Walk-in
2700,1470,2024-01-21,2024-01-23,Family,1,355.81,Walk-in
2701,1470,2024-12-04,2024-12-04,Group,1,278.96,Walk-in
2702,1470,2024-06-20,2024-06-20,Adult,3,367.35,Walk-in
2703,1470,2024-06-22,2024-06-23,Adult,1,118.87,Walk-in
2704,1471,2024-12-11,2024-12-13,Family,1,335.41,Walk-in
2705,1472,2024-01-03,2024-01-04,Adult,3,370.26,Walk-in
2706,1472,2024-06-02,2024-06-02,Adult,4,492.46,Walk-in
2707,1472,2024-01-11,2024-01-11,Adult,6,751.0,Walk-in
2708,1472,2024-06-26,2024-06-28,Child,5,344.39,Walk-in
2709,1473,2024-01-27,2024-01-30,Adult,4,489.8,Walk-in
2710,1474,2024-07-18,2024-07-18,Group,1,285.83,Walk-in
2711,1474,2024-06-01,2024-06-02,Family,1,361.52,Walk-in
2712,1474,2024-12-10,2024-12-11,Group,1,287.64,Walk-in
2713,1475,2024-10-19,2024-10-19,Adult,3,346.54,Walk-in
2714,1476,2024-04-02,2024-04-04,Adult,5,587.99,Walk-in
2715,1476,2024-02-08,2024-02-10,Family,1,354.08,Walk-in
2716,1476,2024-07-12,2024-07-13,Group,1,285.21,Walk-in
2717,1476,2024-01-13,2024-01-13,Adult,4,502.26,Walk-in
2718,1477,2024-08-21,2024-08-21,Adult,4,501.26,Online
2719,1478,2024-07-03,2024-07-06,Family,1,349.21,Walk-in
2720,1479,2024-10-08,2024-10-11,Child,6,427.57,Walk-in
2721,1479,2024-12-22,2024-12-23,Child,3,205.94,Walk-in
2722,1479,2024-12-28,2024-12-29,Adult,4,479.56,Walk-in
2723,1479,2024-11-06,2024-11-08,Adult,2,231.86,Walk-in
2724,1480,2024-01-16,2024-01-17,Group,1,274.77,Walk-in
2725,1481,2024-06-10,2024-06-10,Child,3,203.36,Walk-in
2726,1482,2024-04-19,2024-04-20,Adult,2,235.39,Walk-in
2727,1483,2024-02-24,2024-02-24,Child,6,436.59,Walk-in
2728,1484,2024-09-12,2024-09-13,Adult,5,603.35,Walk-in
2729,1485,2024-04-01,2024-04-02,Family,1,336.58,Walk-in
2730,1486,2024-07-26,2024-07-27,Child,1,68.47,Walk-in
2731,1486,2024-12-15,2024-12-17,Family,1,367.36,Walk-in
2732,1486,2024-12-15,2024-12-17,Family,1,362.62,Walk-in
2733,1487,2024-08-19,2024-08-22,Adult,4,458.23,Online
2734,1488,2024-04-22,2024-04-23,Family,1,363.47,Walk-in
2735,1489,2024-06-17,2024-06-18,Adult,4,503.2,Walk-in
2736,1489,2024-10-05,2024-10-05,Group,1,269.21,Online
2737,1489,2024-11-08,2024-11-08,Adult,4,489.62,Walk-in
2738,1489,2024-09-20,2024-09-21,Adult,5,617.14,Walk-in
2739,1490,2024-12-24,2024-12-24,Family,1,352.29,Walk-in
2740,1490,2024-10-17,2024-10-20,Adult,3,353.96,Walk-in
2741,1490,2024-10-11,2024-10-14,Family,1,348.97,Walk-in
2742,1491,2024-02-18,2024-02-18,Family,1,358.76,Walk-in
2743,1492,2024-12-16,2024-12-17,Adult,4,485.22,Walk-in
2744,1493,2024-12-16,2024-12-17,Family,1,342.16,Online
2745,1494,2024-05-02,2024-05-02,Group,1,269.87,Walk-in
2746,1495,2024-07-01,2024-07-01,Adult,2,242.76,Walk-in
2747,1496,2024-09-27,2024-09-28,Adult,2,229.42,Walk-in
2748,1497,2024-04-09,2024-04-10,Family,1,364.86,Walk-in
2749,1498,2024-10-03,2024-10-06,Group,1,292.78,Walk-in
2750,1499,2024-10-23,2024-10-23,Family,1,358.25,Online
2751,1499,2024-03-21,2024-03-22,Group,1,273.76,Walk-in
2752,1499,2024-03-28,2024-03-29,Adult,4,479.91,Walk-in
2753,1499,2024-03-04,2024-03-05,Adult,2,228.99,Walk-in
2754,1500,2024-03-03,2024-03-06,Adult,1,118.89,Walk-in
2755,1500,2024-01-27,2024-01-27,Adult,5,583.85,Walk-in
2756,1500,2024-07-12,2024-07-15,Group,1,268.69,Walk-in
2757,1500,2024-03-03,2024-03-03,Family,1,367.17,Walk-in
2758,1501,2024-09-27,2024-09-27,Child,4,290.23,Walk-in
2759,1502,2024-12-19,2024-12-20,Adult,1,117.16,Online
2760,1503,2024-10-27,2024-10-29,Adult,4,474.81,Walk-in
2761,1504,2024-02-28,2024-02-29,Group,1,277.75,Walk-in
2762,1504,2024-01-13,2024-01-15,Group,1,277.7,Online
2763,1505,2024-06-25,2024-06-25,Adult,6,712.37,Walk-in
2764,1506,2024-08-26,2024-08-29,Adult,1,117.64,Walk-in
2765,1507,2024-10-09,2024-10-11,Family,1,347.93,Walk-in
2766,1507,2024-12-22,2024-12-24,Child,2,143.04,Walk-in
2767,1507,2024-06-10,2024-06-13,Adult,2,231.11,Walk-in
2768,1508,2024-03-27,2024-03-27,Adult,2,234.14,Walk-in
2769,1508,2024-09-27,2024-09-29,Group,1,281.53,Walk-in
2770,1509,2024-09-04,2024-09-04,Child,4,292.58,Walk-in
2771,1509,2024-09-04,2024-09-07,Adult,2,245.38,Online
2772,1509,2024-10-22,2024-10-25,Adult,2,241.43,Online
2773,1510,2024-12-24,2024-12-26,Group,1,293.28,Walk-in
2774,1510,2024-06-02,2024-06-04,Child,2,136.44,Walk-in
2775,1511,2024-12-02,2024-12-03,Adult,6,744.08,Online
2776,1512,2024-07-13,2024-07-13,Adult,6,703.23,Online
2777,1513,2024-10-13,2024-10-15,Child,4,277.24,Walk-in
2778,1513,2024-10-09,2024-10-11,Group,1,276.09,Walk-in
2779,1513,2024-06-16,2024-06-18,Adult,6,726.81,Walk-in
2780,1514,2024-12-03,2024-12-06,Adult,3,346.55,Walk-in
2781,1514,2024-05-01,2024-05-01,Child,5,364.6,Walk-in
2782,1515,2024-02-11,2024-02-12,Family,1,353.36,Walk-in
2783,1516,2024-12-19,2024-12-22,Adult,4,464.72,Online
2784,1517,2024-04-15,2024-04-17,Adult,3,369.97,Walk-in
2785,1518,2024-03-06,2024-03-09,Adult,3,343.9,Walk-in
2786,1518,2024-04-18,2024-04-19,Adult,2,250.58,Walk-in
2787,1519,2024-05-11,2024-05-13,Adult,1,119.43,Walk-in
2788,1519,2024-09-15,2024-09-16,Adult,6,749.06,Walk-in
2789,1519,2024-09-24,2024-09-24,Child,5,361.27,Online
2790,1519,2024-03-04,2024-03-04,Adult,5,596.8,Walk-in
2791,1520,2024-08-11,2024-08-12,Adult,6,704.11,Online
2792,1521,2024-07-17,2024-07-20,Adult,6,730.84,Walk-in
2793,1522,2024-01-16,2024-01-17,Child,2,145.18,Walk-in
2794,1523,2024-09-23,2024-09-26,Family,1,363.14,Online
2795,1523,2024-04-15,2024-04-18,Child,5,347.55,Walk-in
2796,1523,2024-06-07,2024-06-10,Adult,3,374.8,Walk-in
2797,1523,2024-01-25,2024-01-27,Family,1,360.98,Walk-in
2798,1524,2024-02-12,2024-02-14,Child,6,440.33,Walk-in
2799,1524,2024-12-16,2024-12-17,Family,1,334.8,Walk-in
2800,1525,2024-07-28,2024-07-29,Adult,1,121.25,Walk-in
2801,1525,2024-08-26,2024-08-26,Family,1,340.12,Walk-in
2802,1526,2024-11-23,2024-11-23,Child,2,145.72,Walk-in
2803,1527,2024-04-20,2024-04-22,Adult,2,240.43,Walk-in
2804,1528,2024-12-01,2024-12-02,Child,6,434.95,Online
2805,1529,2024-06-24,2024-06-26,Group,1,275.86,Walk-in
2806,1530,2024-09-07,2024-09-08,Adult,2,243.36,Online
2807,1530,2024-07-23,2024-07-24,Family,1,353.62,Walk-in
2808,1531,2024-05-28,2024-05-31,Family,1,361.49,Walk-in
2809,1531,2024-04-12,2024-04-13,Adult,4,476.49,Walk-in
2810,1532,2024-12-16,2024-12-19,Adult,1,120.61,Walk-in
2811,1532,2024-07-13,2024-07-16,Family,1,336.73,Walk-in
2812,1532,2024-03-28,2024-03-29,Adult,1,114.17,Walk-in
2813,1532,2024-06-12,2024-06-13,Family,1,352.04,Walk-in
2814,1533,2024-12-23,2024-12-23,Group,1,279.8,Online
2815,1533,2024-09-23,2024-09-25,Child,3,215.87,Walk-in
2816,1533,2024-05-25,2024-05-27,Adult,2,251.51,Online
2817,1533,2024-12-05,2024-12-06,Group,1,291.75,Walk-in
2818,1534,2024-09-25,2024-09-27,Adult,2,236.31,Online
2819,1535,2024-12-19,2024-12-20,Family,1,355.78,Walk-in
2820,1535,2024-12-06,2024-12-08,Child,4,271.13,Online
2821,1536,2024-12-11,2024-12-12,Adult,1,124.8,Walk-in
2822,1536,2024-12-26,2024-12-29,Family,1,341.06,Online
2823,1536,2024-03-02,2024-03-04,Adult,4,469.24,Walk-in
2824,1537,2024-01-22,2024-01-24,Adult,5,626.99,Walk-in
2825,1537,2024-09-11,2024-09-12,Adult,6,689.17,Online
2826,1538,2024-04-22,2024-04-22,Child,3,213.44,Walk-in
2827,1539,2024-11-16,2024-11-18,Adult,3,368.3,Online
2828,1540,2024-01-11,2024-01-13,Child,2,146.11,Walk-in
2829,1541,2024-06-14,2024-06-16,Adult,5,615.99,Walk-in
2830,1541,2024-05-09,2024-05-09,Child,6,402.84,Walk-in
2831,1541,2024-08-07,2024-08-09,Child,4,276.02,Walk-in
2832,1541,2024-07-01,2024-07-02,Adult,2,238.43,Walk-in
2833,1542,2024-01-20,2024-01-23,Adult,6,731.64,Walk-in
2834,1543,2024-02-07,2024-02-08,Family,1,347.55,Walk-in
2835,1544,2024-06-18,2024-06-21,Child,5,365.92,Walk-in
2836,1545,2024-02-14,2024-02-17,Family,1,340.6,Walk-in
2837,1546,2024-12-06,2024-12-07,Child,4,284.9,Walk-in
2838,1547,2024-12-23,2024-12-26,Child,4,275.87,Online
2839,1548,2024-12-21,2024-12-23,Adult,5,575.5,Online
2840,1549,2024-05-07,2024-05-07,Group,1,284.82,Walk-in
2841,1550,2024-09-06,2024-09-07,Adult,1,115.9,Walk-in
2842,1550,2024-06-01,2024-06-03,Child,4,273.62,Walk-in
2843,1551,2024-09-26,2024-09-28,Child,6,401.1,Walk-in
2844,1552,2024-12-15,2024-12-18,Adult,5,609.92,Walk-in
2845,1552,2024-06-19,2024-06-22,Child,3,218.08,Walk-in
2846,1553,2024-11-13,2024-11-15,Child,1,68.3,Walk-in
2847,1554,2024-01-08,2024-01-10,Adult,2,239.29,Walk-in
2848,1555,2024-10-09,2024-10-12,Child,4,278.36,Walk-in
2849,1555,2024-09-21,2024-09-23,Adult,6,711.37,Walk-in
2850,1555,2024-01-12,2024-01-15,Family,1,338.77,Walk-in
2851,1556,2024-03-06,2024-03-09,Child,2,138.97,Walk-in
2852,1557,2024-02-11,2024-02-13,Group,1,283.38,Walk-in
2853,1558,2024-08-11,2024-08-14,Adult,3,356.9,Walk-in
2854,1559,2024-05-11,2024-05-13,Family,1,365.47,Walk-in
2855,1559,2024-04-23,2024-04-25,Family,1,360.21,Walk-in
2856,1560,2024-03-19,2024-03-20,Family,1,340.99,Walk-in
2857,1561,2024-12-09,2024-12-12,Adult,5,622.86,Online
2858,1561,2024-04-17,2024-04-18,Adult,1,121.12,Walk-in
2859,1562,2024-03-24,2024-03-27,Family,1,340.15,Walk-in
2860,1563,2024-11-21,2024-11-23,Adult,2,230.49,Walk-in
2861,1564,2024-12-19,2024-12-22,Adult,6,696.48,Online
2862,1565,2024-10-16,2024-10-18,Adult,5,590.86,Walk-in
2863,1566,2024-10-14,2024-10-16,Adult,5,577.91,Online
2864,1567,2024-01-01,2024-01-01,Adult,5,595.97,Walk-in
2865,1568,2024-12-05,2024-12-06,Child,1,67.49,Online
2866,1569,2024-06-05,2024-06-05,Adult,4,472.0,Walk-in
2867,1569,2024-06-23,2024-06-26,Adult,5,590.24,Walk-in
2868,1569,2024-07-01,2024-07-04,Group,1,268.21,Walk-in
2869,1570,2024-04-03,2024-04-05,Family,1,351.84,Walk-in
2870,1571,2024-10-13,2024-10-16,Adult,1,116.67,Walk-in
2871,1572,2024-06-07,2024-06-09,Family,1,339.17,Walk-in
2872,1572,2024-12-24,2024-12-25,Adult,2,232.68,Walk-in
2873,1573,2024-04-14,2024-04-15,Family,1,333.16,Walk-in
2874,1574,2024-07-19,2024-07-22,Child,6,427.34,Walk-in
2875,1575,2024-10-18,2024-10-18,Adult,6,706.59,Walk-in
2876,1575,2024-03-28,2024-03-30,Adult,5,627.56,Walk-in
2877,1576,2024-11-03,2024-11-06,Child,3,200.85,Walk-in
2878,1576,2024-12-10,2024-12-11,Family,1,334.55,Walk-in
2879,1576,2024-11-27,2024-11-29,Group,1,270.57,Online
2880,1577,2024-09-09,2024-09-12,Adult,2,238.76,Walk-in
2881,1578,2024-12-25,2024-12-26,Adult,2,240.49,Walk-in
2882,1578,2024-11-01,2024-11-02,Adult,3,356.45,Online
2883,1578,2024-04-01,2024-04-02,Adult,2,234.09,Walk-in
2884,1579,2024-02-23,2024-02-23,Family,1,347.47,Walk-in
2885,1580,2024-12-01,2024-12-04,Family,1,337.47,Walk-in
2886,1581,2024-09-25,2024-09-27,Adult,6,688.08,Walk-in
2887,1582,2024-06-02,2024-06-02,Group,1,270.85,Walk-in
2888,1582,2024-08-25,2024-08-27,Family,1,338.47,Walk-in
2889,1582,2024-04-26,2024-04-27,Adult,5,587.76,Walk-in
2890,1582,2024-12-19,2024-12-19,Adult,6,695.74,Walk-in
2891,1583,2024-11-10,2024-11-10,Family,1,334.55,Online
2892,1584,2024-10-27,2024-10-29,Family,1,351.63,Online
2893,1585,2024-12-27,2024-12-30,Child,6,419.8,Online
2894,1586,2024-06-20,2024-06-21,Group,1,267.4,Walk-in
2895,1587,2024-07-18,2024-07-21,Adult,6,717.78,Walk-in
2896,1588,2024-07-03,2024-07-04,Adult,5,572.41,Online
2897,1589,2024-10-11,2024-10-14,Adult,5,586.9,Walk-in
2898,1590,2024-07-24,2024-07-25,Group,1,279.59,Walk-in
2899,1591,2024-07-25,2024-07-25,Family,1,335.99,Walk-in
2900,1592,2024-12-04,2024-12-07,Group,1,267.17,Walk-in
2901,1593,2024-12-18,2024-12-21,Family,1,358.5,Walk-in
2902,1594,2024-12-03,2024-12-06,Family,1,362.7,Walk-in
2903,1595,2024-10-26,2024-10-27,Child,3,201.67,Online
2904,1595,2024-09-23,2024-09-25,Adult,3,368.47,Online
2905,1595,2024-02-04,2024-02-05,Adult,4,501.38,Walk-in
2906,1596,2024-04-18,2024-04-21,Adult,1,118.33,Walk-in
2907,1597,2024-03-13,2024-03-14,Adult,3,366.66,Walk-in
2908,1598,2024-12-13,2024-12-14,Group,1,286.72,Walk-in
2909,1599,2024-07-07,2024-07-08,Group,1,274.24,Walk-in
2910,1600,2024-12-01,2024-12-03,Child,5,349.97,Walk-in
2911,1601,2024-12-01,2024-12-03,Child,2,133.14,Walk-in
2912,1602,2024-09-25,2024-09-27,Adult,3,348.82,Walk-in
2913,1603,2024-07-20,2024-07-21,Adult,6,731.37,Walk-in
2914,1604,2024-12-24,2024-12-26,Child,3,203.38,Online
2915,1605,2024-07-26,2024-07-27,Adult,3,362.42,Walk-in
2916,1606,2024-02-13,2024-02-15,Child,2,144.33,Walk-in
2917,1607,2024-09-19,2024-09-20,Adult,3,346.21,Walk-in
2918,1608,2024-12-25,2024-12-28,Adult,2,242.19,Walk-in
2919,1609,2024-09-19,2024-09-22,Adult,2,239.12,Online
2920,1610,2024-03-14,2024-03-15,Family,1,357.8,Walk-in
2921,1611,2024-12-02,2024-12-05,Adult,3,365.88,Walk-in
2922,1612,2024-01-22,2024-01-24,Adult,2,245.37,Walk-in
2923,1612,2024-07-28,2024-07-28,Adult,5,602.07,Online
2924,1613,2024-10-06,2024-10-06,Family,1,335.43,Online
2925,1614,2024-02-27,2024-02-28,Family,1,345.52,Walk-in
2926,1615,2024-09-04,2024-09-06,Child,4,281.22,Walk-in
2927,1615,2024-12-10,2024-12-10,Adult,5,576.58,Walk-in
2928,1615,2024-08-02,2024-08-05,Adult,3,369.0,Online
2929,1616,2024-09-02,2024-09-05,Adult,5,624.93,Walk-in
2930,1616,2024-09-16,2024-09-17,Family,1,350.73,Online
2931,1616,2024-12-21,2024-12-24,Adult,4,491.95,Online
2932,1617,2024-03-14,2024-03-15,Adult,6,696.98,Walk-in
2933,1618,2024-10-14,2024-10-15,Adult,2,232.39,Walk-in
2934,1619,2024-02-10,2024-02-11,Child,5,340.09,Online
2935,1619,2024-05-16,2024-05-16,Adult,5,596.79,Walk-in
2936,1620,2024-06-20,2024-06-22,Child,5,335.88,Walk-in
2937,1620,2024-10-04,2024-10-04,Adult,4,476.27,Walk-in
2938,1621,2024-09-06,2024-09-06,Adult,3,375.7,Online
2939,1622,2024-07-07,2024-07-10,Adult,1,114.05,Walk-in
2940,1623,2024-05-06,2024-05-08,Adult,5,623.95,Walk-in
2941,1624,2024-01-12,2024-01-13,Group,1,289.59,Walk-in
2942,1625,2024-09-19,2024-09-19,Adult,4,481.63,Walk-in
2943,1626,2024-11-25,2024-11-28,Group,1,290.02,Walk-in
2944,1627,2024-08-07,2024-08-10,Family,1,363.4,Walk-in
2945,1628,2024-11-14,2024-11-14,Child,6,403.79,Walk-in
2946,1628,2024-07-26,2024-07-29,Adult,4,461.03,Walk-in
2947,1629,2024-05-25,2024-05-25,Adult,1,116.28,Walk-in
2948,1630,2024-11-07,2024-11-08,Family,1,337.83,Walk-in
2949,1631,2024-11-24,2024-11-25,Adult,2,239.07,Walk-in
2950,1631,2024-12-17,2024-12-20,Adult,6,751.75,Walk-in
2951,1632,2024-12-16,2024-12-19,Adult,6,687.13,Online
2952,1632,2024-10-27,2024-10-28,Adult,5,601.36,Online
2953,1632,2024-11-08,2024-11-08,Child,4,282.99,Online
2954,1633,2024-03-17,2024-03-17,Adult,5,595.14,Walk-in
2955,1634,2024-09-18,2024-09-20,Adult,4,464.55,Walk-in
2956,1635,2024-12-27,2024-12-28,Family,1,345.69,Walk-in
2957,1636,2024-11-18,2024-11-21,Family,1,353.91,Walk-in
2958,1637,2024-11-05,2024-11-07,Child,3,212.45,Walk-in
2959,1638,2024-12-06,2024-12-08,Adult,5,586.37,Walk-in
2960,1639,2024-09-25,2024-09-28,Family,1,363.53,Walk-in
2961,1640,2024-09-15,2024-09-17,Child,2,143.71,Walk-in
2962,1641,2024-08-10,2024-08-10,Family,1,352.59,Walk-in
2963,1642,2024-01-01,2024-01-04,Adult,6,719.86,Walk-in
2964,1643,2024-09-28,2024-09-30,Child,1,73.18,Walk-in
2965,1644,2024-09-17,2024-09-19,Adult,4,467.64,Online
2966,1645,2024-07-21,2024-07-23,Adult,6,725.87,Online
2967,1646,2024-02-13,2024-02-15,Family,1,351.18,Walk-in
2968,1646,2024-05-26,2024-05-27,Family,1,350.52,Walk-in
2969,1646,2024-01-06,2024-01-06,Family,1,367.03,Walk-in
2970,1647,2024-03-15,2024-03-15,Adult,3,361.9,Walk-in
2971,1648,2024-01-18,2024-01-19,Adult,3,354.91,Walk-in
2972,1649,2024-04-18,2024-04-19,Family,1,360.66,Walk-in
2973,1649,2024-05-27,2024-05-28,Child,6,418.9,Walk-in
2974,1650,2024-10-04,2024-10-06,Child,2,133.2,Online
2975,1651,2024-07-12,2024-07-12,Adult,2,229.1,Walk-in
2976,1652,2024-06-22,2024-06-25,Adult,5,591.35,Walk-in
2977,1653,2024-12-12,2024-12-15,Adult,5,585.66,Walk-in
2978,1654,2024-11-18,2024-11-20,Child,5,334.31,Online
2979,1654,2024-12-01,2024-12-01,Child,2,138.8,Walk-in
2980,1655,2024-01-04,2024-01-05,Child,6,404.16,Walk-in
2981,1656,2024-12-10,2024-12-12,Adult,5,626.29,Walk-in
2982,1657,2024-04-11,2024-04-14,Child,4,288.92,Walk-in
2983,1658,2024-05-02,2024-05-05,Adult,2,230.8,Walk-in
2984,1659,2024-09-14,2024-09-17,Adult,4,492.87,Walk-in
2985,1660,2024-12-04,2024-12-04,Adult,2,250.36,Walk-in
2986,1661,2024-05-26,2024-05-26,Adult,3,359.29,Walk-in
2987,1662,2024-07-22,2024-07-24,Adult,2,242.42,Walk-in
2988,1662,2024-02-27,2024-02-28,Child,3,199.63,Walk-in
2989,1662,2024-12-10,2024-12-12,Family,1,340.14,Walk-in
2990,1662,2024-11-20,2024-11-20,Adult,2,237.47,Walk-in
2991,1663,2024-12-28,2024-12-28,Group,1,287.82,Walk-in
2992,1664,2024-10-05,2024-10-08,Child,4,287.63,Walk-in
2993,1665,2024-07-08,2024-07-10,Child,6,427.35,Walk-in
2994,1666,2024-04-19,2024-04-21,Adult,3,347.04,Walk-in
2995,1667,2024-02-04,2024-02-06,Child,5,335.44,Walk-in
2996,1668,2024-06-02,2024-06-02,Adult,5,575.56,Walk-in
2997,1669,2024-05-16,2024-05-17,Family,1,354.85,Walk-in
2998,1670,2024-03-15,2024-03-17,Adult,4,461.72,Walk-in
2999,1671,2024-10-19,2024-10-22,Adult,3,372.51,Walk-in
3000,1672,2024-01-08,2024-01-11,Child,1,68.06,Walk-in
3001,1672,2024-04-03,2024-04-03,Family,1,340.89,Walk-in
3002,1672,2024-12-06,2024-12-09,Group,1,280.36,Walk-in
3003,1673,2024-12-26,2024-12-26,Adult,2,239.52,Walk-in
3004,1674,2024-01-27,2024-01-30,Adult,6,688.51,Walk-in
3005,1675,2024-07-10,2024-07-13,Adult,6,699.31,Walk-in
3006,1676,2024-04-26,2024-04-26,Adult,5,621.81,Walk-in
3007,1676,2024-09-07,2024-09-09,Adult,4,479.84,Online
3008,1676,2024-07-13,2024-07-14,Child,4,282.49,Walk-in
3009,1676,2024-05-07,2024-05-10,Adult,5,604.54,Walk-in
3010,1677,2024-09-14,2024-09-16,Group,1,275.56,Walk-in
3011,1678,2024-08-26,2024-08-26,Family,1,336.43,Walk-in
3012,1679,2024-08-16,2024-08-17,Child,5,364.21,Online
3013,1679,2024-09-11,2024-09-12,Adult,1,120.48,Walk-in
3014,1679,2024-07-10,2024-07-11,Family,1,346.15,Online
3015,1679,2024-07-17,2024-07-19,Child,6,424.83,Walk-in
3016,1680,2024-06-06,2024-06-08,Family,1,363.64,Walk-in
3017,1680,2024-10-12,2024-10-13,Group,1,286.77,Online
3018,1681,2024-01-05,2024-01-05,Child,5,348.7,Walk-in
3019,1681,2024-09-22,2024-09-22,Family,1,342.97,Walk-in
3020,1682,2024-09-28,2024-10-01,Family,1,348.67,Online
3021,1683,2024-10-17,2024-10-19,Group,1,273.36,Walk-in
3022,1684,2024-02-09,2024-02-10,Child,2,140.32,Walk-in
3023,1685,2024-07-03,2024-07-04,Family,1,354.84,Walk-in
3024,1685,2024-07-25,2024-07-28,Family,1,336.49,Walk-in
3025,1685,2024-04-16,2024-04-16,Adult,3,362.75,Walk-in
3026,1686,2024-01-26,2024-01-27,Family,1,348.09,Walk-in
3027,1687,2024-06-05,2024-06-08,Group,1,282.39,Walk-in
3028,1688,2024-10-03,2024-10-05,Family,1,351.35,Walk-in
3029,1689,2024-10-24,2024-10-24,Family,1,355.91,Walk-in
3030,1689,2024-09-01,2024-09-01,Adult,2,246.89,Walk-in
3031,1690,2024-04-28,2024-04-29,Family,1,366.97,Walk-in
3032,1691,2024-09-11,2024-09-13,Adult,6,714.71,Walk-in
3033,1692,2024-10-11,2024-10-11,Family,1,357.6,Walk-in
3034,1693,2024-05-05,2024-05-07,Adult,4,465.92,Walk-in
3035,1694,2024-06-23,2024-06-26,Adult,4,462.71,Walk-in
3036,1695,2024-04-12,2024-04-15,Child,2,137.95,Walk-in
3037,1696,2024-02-01,2024-02-03,Child,4,268.53,Walk-in
3038,1697,2024-05-22,2024-05-23,Adult,3,372.99,Walk-in
3039,1698,2024-04-16,2024-04-17,Adult,1,115.22,Walk-in
3040,1699,2024-06-22,2024-06-22,Family,1,361.84,Walk-in
3041,1700,2024-07-06,2024-07-09,Adult,2,241.07,Walk-in
3042,1701,2024-10-13,2024-10-16,Adult,2,235.08,Walk-in
3043,1702,2024-06-09,2024-06-11,Adult,6,733.17,Walk-in
3044,1703,2024-12-20,2024-12-23,Group,1,275.05,Online
3045,1704,2024-06-28,2024-06-30,Child,3,200.4,Walk-in
3046,1705,2024-03-07,2024-03-07,Adult,2,228.2,Walk-in
3047,1706,2024-06-14,2024-06-15,Group,1,280.26,Walk-in
3048,1706,2024-09-22,2024-09-24,Child,5,358.92,Walk-in
3049,1706,2024-05-07,2024-05-07,Child,5,360.41,Walk-in
3050,1706,2024-06-23,2024-06-23,Child,2,140.08,Walk-in
3051,1707,2024-04-20,2024-04-23,Family,1,362.99,Walk-in
3052,1708,2024-06-28,2024-06-29,Family,1,359.34,Walk-in
3053,1708,2024-12-05,2024-12-08,Adult,3,373.98,Walk-in
3054,1709,2024-12-26,2024-12-26,Family,1,359.01,Online
3055,1710,2024-11-25,2024-11-25,Adult,2,242.18,Online
3056,1711,2024-12-17,2024-12-20,Adult,4,477.27,Online
3057,1711,2024-12-08,2024-12-09,Adult,3,369.4,Walk-in
3058,1712,2024-11-04,2024-11-05,Family,1,353.68,Walk-in
3059,1713,2024-03-12,2024-03-13,Child,6,435.68,Online
3060,1714,2024-04-05,2024-04-08,Adult,3,370.35,Online
3061,1715,2024-12-03,2024-12-04,Family,1,340.64,Walk-in
3062,1716,2024-01-21,2024-01-23,Child,2,133.1,Walk-in
3063,1716,2024-02-02,2024-02-05,Family,1,361.86,Walk-in
3064,1716,2024-08-06,2024-08-08,Adult,2,248.16,Walk-in
3065,1717,2024-01-16,2024-01-18,Adult,6,750.5,Walk-in
3066,1717,2024-04-15,2024-04-15,Child,6,422.44,Walk-in
3067,1718,2024-06-09,2024-06-12,Adult,2,236.96,Online
3068,1718,2024-11-26,2024-11-27,Adult,1,117.18,Online
3069,1718,2024-09-07,2024-09-08,Child,1,70.23,Walk-in
3070,1718,2024-01-10,2024-01-13,Child,1,71.31,Walk-in
3071,1719,2024-07-05,2024-07-08,Child,6,406.13,Online
3072,1720,2024-03-02,2024-03-02,Child,2,138.47,Walk-in
3073,1720,2024-10-03,2024-10-05,Adult,5,605.0,Walk-in
3074,1721,2024-07-20,2024-07-22,Adult,1,119.94,Walk-in
3075,1721,2024-12-19,2024-12-19,Adult,4,466.38,Walk-in
3076,1721,2024-04-25,2024-04-25,Family,1,338.51,Walk-in
3077,1722,2024-04-27,2024-04-30,Child,6,420.39,Walk-in
3078,1723,2024-09-16,2024-09-17,Adult,1,123.65,Walk-in
3079,1724,2024-12-23,2024-12-25,Family,1,360.23,Online
3080,1724,2024-03-06,2024-03-06,Child,1,69.68,Walk-in
3081,1725,2024-06-05,2024-06-06,Family,1,342.76,Walk-in
3082,1726,2024-12-06,2024-12-08,Adult,6,712.61,Walk-in
3083,1726,2024-04-19,2024-04-21,Family,1,337.47,Walk-in
3084,1727,2024-12-24,2024-12-24,Child,3,215.08,Walk-in
3085,1728,2024-11-06,2024-11-09,Child,2,142.44,Walk-in
3086,1728,2024-09-11,2024-09-11,Adult,2,239.29,Walk-in
3087,1729,2024-07-27,2024-07-29,Family,1,333.34,Online
3088,1730,2024-03-12,2024-03-14,Child,3,201.85,Walk-in
3089,1731,2024-02-19,2024-02-19,Adult,5,604.89,Walk-in
3090,1732,2024-04-14,2024-04-17,Group,1,285.69,Walk-in
3091,1732,2024-11-14,2024-11-16,Child,4,288.15,Online
3092,1733,2024-07-14,2024-07-15,Adult,4,503.96,Online
3093,1734,2024-07-09,2024-07-11,Child,1,70.08,Walk-in
3094,1735,2024-11-18,2024-11-18,Group,1,269.07,Walk-in
3095,1736,2024-05-28,2024-05-29,Adult,3,343.57,Walk-in
3096,1736,2024-10-25,2024-10-26,Adult,6,729.02,Online
3097,1736,2024-10-08,2024-10-10,Child,5,347.8,Walk-in
3098,1737,2024-12-17,2024-12-18,Adult,5,627.93,Walk-in
3099,1738,2024-04-06,2024-04-07,Family,1,332.84,Walk-in
3100,1738,2024-03-24,2024-03-27,Family,1,358.49,Walk-in
3101,1739,2024-06-11,2024-06-11,Family,1,359.15,Walk-in
3102,1740,2024-01-18,2024-01-21,Adult,3,368.78,Online
3103,1741,2024-07-19,2024-07-19,Child,1,70.11,Walk-in
3104,1742,2024-10-03,2024-10-03,Adult,4,494.32,Walk-in
3105,1743,2024-12-28,2024-12-28,Adult,6,729.2,Online
3106,1743,2024-03-16,2024-03-17,Group,1,286.78,Walk-in
3107,1744,2024-07-25,2024-07-28,Family,1,354.12,Walk-in
3108,1745,2024-07-24,2024-07-26,Adult,1,125.31,Online
3109,1746,2024-07-16,2024-07-18,Adult,1,114.61,Online
3110,1746,2024-11-19,2024-11-21,Family,1,341.22,Walk-in
3111,1746,2024-02-27,2024-02-28,Group,1,268.31,Walk-in
3112,1747,2024-12-11,2024-12-11,Family,1,351.94,Walk-in
3113,1748,2024-04-17,2024-04-18,Family,1,366.2,Walk-in
3114,1749,2024-12-07,2024-12-09,Family,1,355.77,Walk-in
3115,1749,2024-04-25,2024-04-26,Adult,4,457.44,Walk-in
3116,1749,2024-12-20,2024-12-22,Adult,6,703.68,Walk-in
3117,1750,2024-07-23,2024-07-23,Adult,5,578.28,Online
3118,1751,2024-10-26,2024-10-27,Family,1,351.37,Walk-in
3119,1752,2024-07-05,2024-07-06,Child,5,364.79,Walk-in
3120,1752,2024-01-13,2024-01-14,Adult,3,360.03,Walk-in
3121,1752,2024-04-11,2024-04-12,Child,3,212.88,Walk-in
3122,1753,2024-05-08,2024-05-10,Group,1,266.49,Walk-in
3123,1754,2024-03-04,2024-03-05,Child,3,201.75,Walk-in
3124,1755,2024-06-03,2024-06-04,Family,1,366.61,Walk-in
3125,1756,2024-01-22,2024-01-25,Adult,1,114.73,Walk-in
3126,1756,2024-04-09,2024-04-12,Child,1,67.1,Walk-in
3127,1757,2024-07-15,2024-07-15,Adult,6,747.29,Online
3128,1758,2024-04-05,2024-04-08,Adult,1,115.5,Walk-in
3129,1759,2024-04-18,2024-04-20,Adult,6,714.92,Walk-in
3130,1759,2024-04-27,2024-04-29,Adult,6,687.31,Walk-in
3131,1759,2024-09-05,2024-09-08,Child,2,144.93,Walk-in
3132,1760,2024-11-01,2024-11-01,Child,3,204.47,Walk-in
3133,1760,2024-10-26,2024-10-27,Group,1,274.66,Online
3134,1761,2024-04-12,2024-04-15,Adult,4,481.67,Walk-in
3135,1762,2024-05-04,2024-05-05,Family,1,355.89,Walk-in
3136,1763,2024-07-01,2024-07-04,Family,1,357.13,Walk-in
3137,1764,2024-06-23,2024-06-26,Group,1,289.97,Walk-in
3138,1764,2024-02-20,2024-02-23,Family,1,346.81,Walk-in
3139,1765,2024-07-28,2024-07-30,Family,1,342.77,Walk-in
3140,1766,2024-02-06,2024-02-06,Child,3,199.82,Walk-in
3141,1767,2024-12-26,2024-12-28,Child,4,293.82,Online
3142,1767,2024-03-11,2024-03-13,Family,1,343.27,Walk-in
3143,1768,2024-06-24,2024-06-27,Child,1,67.56,Walk-in
3144,1768,2024-09-27,2024-09-29,Child,3,202.94,Walk-in
3145,1768,2024-10-01,2024-10-04,Family,1,342.17,Walk-in
3146,1769,2024-11-25,2024-11-25,Adult,6,728.1,Online
3147,1770,2024-07-03,2024-07-04,Child,1,72.5,Walk-in
3148,1770,2024-05-11,2024-05-13,Child,5,360.72,Walk-in
3149,1771,2024-07-09,2024-07-12,Child,4,277.34,Online
3150,1772,2024-01-28,2024-01-28,Family,1,367.25,Walk-in
3151,1772,2024-03-12,2024-03-14,Adult,6,704.09,Walk-in
3152,1773,2024-04-28,2024-04-28,Adult,4,458.45,Walk-in
3153,1774,2024-12-14,2024-12-14,Family,1,340.89,Walk-in
3154,1775,2024-10-21,2024-10-24,Adult,1,116.43,Walk-in
3155,1775,2024-10-04,2024-10-07,Child,5,354.3,Online
3156,1776,2024-01-03,2024-01-05,Adult,1,116.52,Walk-in
3157,1777,2024-07-04,2024-07-05,Adult,6,719.74,Walk-in
3158,1778,2024-11-25,2024-11-28,Adult,6,691.56,Walk-in
3159,1778,2024-06-05,2024-06-07,Family,1,354.09,Walk-in
3160,1779,2024-01-17,2024-01-19,Adult,6,704.51,Online
3161,1779,2024-07-17,2024-07-19,Family,1,364.74,Walk-in
3162,1780,2024-02-15,2024-02-17,Adult,5,579.94,Walk-in
3163,1781,2024-07-06,2024-07-09,Child,1,69.8,Online
3164,1782,2024-08-02,2024-08-03,Child,4,268.96,Walk-in
3165,1783,2024-10-04,2024-10-07,Group,1,270.33,Online
3166,1784,2024-09-25,2024-09-28,Adult,4,493.19,Walk-in
3167,1785,2024-07-27,2024-07-28,Adult,4,482.86,Walk-in
3168,1786,2024-12-06,2024-12-08,Child,6,429.36,Walk-in
3169,1786,2024-10-15,2024-10-15,Adult,6,702.5,Online
3170,1786,2024-04-25,2024-04-26,Adult,4,502.27,Walk-in
3171,1787,2024-11-13,2024-11-13,Family,1,345.96,Walk-in
3172,1788,2024-06-12,2024-06-15,Adult,6,718.0,Walk-in
3173,1789,2024-07-22,2024-07-24,Adult,5,611.41,Walk-in
3174,1790,2024-11-12,2024-11-13,Adult,1,122.83,Online
3175,1790,2024-12-27,2024-12-28,Adult,1,119.76,Walk-in
3176,1790,2024-04-02,2024-04-04,Family,1,337.98,Walk-in
3177,1791,2024-10-23,2024-10-23,Child,2,141.09,Walk-in
3178,1792,2024-12-17,2024-12-17,Adult,1,117.62,Walk-in
3179,1793,2024-06-26,2024-06-26,Family,1,343.57,Walk-in
3180,1794,2024-03-12,2024-03-12,Adult,6,710.26,Walk-in
3181,1795,2024-08-13,2024-08-15,Child,2,136.24,Online
3182,1796,2024-09-11,2024-09-12,Adult,1,115.12,Walk-in
3183,1796,2024-11-25,2024-11-27,Group,1,277.78,Online
3184,1796,2024-03-17,2024-03-20,Family,1,336.78,Walk-in
3185,1797,2024-08-11,2024-08-11,Adult,1,124.87,Online
3186,1797,2024-05-04,2024-05-05,Adult,3,369.54,Walk-in
3187,1797,2024-02-12,2024-02-14,Adult,6,687.28,Walk-in
3188,1798,2024-08-06,2024-08-07,Family,1,333.16,Walk-in
3189,1799,2024-05-25,2024-05-27,Family,1,347.3,Walk-in
3190,1800,2024-03-12,2024-03-12,Child,1,69.72,Walk-in
3191,1800,2024-07-04,2024-07-06,Adult,3,369.17,Walk-in
3192,1800,2024-12-25,2024-12-26,Child,6,401.57,Walk-in
3193,1801,2024-05-08,2024-05-08,Family,1,363.6,Walk-in
3194,1801,2024-02-10,2024-02-12,Family,1,356.01,Walk-in
3195,1802,2024-03-06,2024-03-08,Adult,4,488.89,Walk-in
3196,1803,2024-03-15,2024-03-16,Child,3,220.44,Walk-in
3197,1804,2024-06-05,2024-06-05,Child,4,285.13,Walk-in
3198,1805,2024-12-28,2024-12-29,Group,1,271.83,Walk-in
3199,1806,2024-12-16,2024-12-19,Family,1,345.03,Walk-in
3200,1806,2024-12-14,2024-12-17,Child,4,291.09,Walk-in
3201,1807,2024-11-17,2024-11-20,Child,2,135.47,Walk-in
3202,1807,2024-10-25,2024-10-26,Adult,3,370.38,Walk-in
3203,1807,2024-12-20,2024-12-21,Child,5,347.13,Walk-in
3204,1808,2024-12-20,2024-12-23,Child,3,215.81,Walk-in
3205,1808,2024-09-24,2024-09-26,Child,1,71.66,Walk-in
3206,1808,2024-12-16,2024-12-18,Adult,2,238.47,Walk-in
3207,1809,2024-10-01,2024-10-02,Family,1,350.94,Walk-in
3208,1810,2024-04-07,2024-04-10,Family,1,337.06,Walk-in
3209,1811,2024-04-23,2024-04-24,Adult,6,694.6,Walk-in
3210,1811,2024-10-27,2024-10-30,Family,1,355.29,Walk-in
3211,1811,2024-09-16,2024-09-16,Child,1,71.96,Walk-in
3212,1811,2024-12-12,2024-12-12,Adult,5,594.25,Walk-in
3213,1812,2024-01-06,2024-01-06,Family,1,365.94,Walk-in
3214,1812,2024-08-26,2024-08-27,Adult,2,245.93,Online
3215,1813,2024-12-26,2024-12-26,Adult,3,348.64,Walk-in
3216,1814,2024-07-03,2024-07-03,Child,1,72.58,Walk-in
3217,1814,2024-12-25,2024-12-25,Group,1,288.57,Walk-in
3218,1814,2024-12-15,2024-12-15,Family,1,356.48,Online
3219,1815,2024-05-07,2024-05-08,Adult,4,464.81,Walk-in
3220,1815,2024-06-08,2024-06-08,Family,1,347.92,Walk-in
3221,1816,2024-10-14,2024-10-15,Group,1,266.15,Walk-in
3222,1817,2024-08-24,2024-08-27,Family,1,343.88,Walk-in
3223,1818,2024-12-20,2024-12-22,Adult,5,583.14,Walk-in
3224,1819,2024-03-23,2024-03-24,Group,1,279.81,Walk-in
3225,1820,2024-02-19,2024-02-19,Family,1,340.28,Walk-in
3226,1821,2024-05-25,2024-05-28,Adult,4,490.49,Walk-in
3227,1821,2024-09-27,2024-09-28,Child,2,140.74,Walk-in
3228,1822,2024-12-19,2024-12-22,Adult,6,729.12,Walk-in
3229,1823,2024-07-01,2024-07-04,Adult,1,119.02,Walk-in
3230,1824,2024-06-14,2024-06-14,Adult,5,570.61,Walk-in
3231,1825,2024-02-27,2024-02-28,Child,2,135.61,Walk-in
3232,1826,2024-06-27,2024-06-29,Family,1,340.84,Walk-in
3233,1826,2024-04-19,2024-04-19,Child,2,145.58,Walk-in
3234,1826,2024-04-07,2024-04-08,Adult,2,233.87,Walk-in
3235,1827,2024-03-12,2024-03-14,Adult,1,115.36,Walk-in
3236,1828,2024-04-11,2024-04-13,Adult,6,733.17,Walk-in
3237,1829,2024-12-19,2024-12-21,Family,1,339.79,Walk-in
3238,1829,2024-10-07,2024-10-08,Adult,2,237.46,Walk-in
3239,1830,2024-06-01,2024-06-01,Adult,6,737.31,Online
3240,1831,2024-04-05,2024-04-07,Family,1,335.67,Walk-in
3241,1832,2024-01-25,2024-01-27,Family,1,346.25,Walk-in
3242,1833,2024-09-20,2024-09-21,Group,1,269.3,Walk-in
3243,1834,2024-07-07,2024-07-07,Child,3,211.85,Walk-in
3244,1835,2024-02-01,2024-02-04,Adult,3,365.07,Walk-in
3245,1836,2024-12-11,2024-12-11,Child,2,138.54,Walk-in
3246,1837,2024-04-16,2024-04-18,Adult,4,462.15,Walk-in
3247,1837,2024-12-16,2024-12-18,Adult,5,607.77,Walk-in
3248,1837,2024-06-05,2024-06-05,Family,1,347.4,Walk-in
3249,1838,2024-10-01,2024-10-01,Child,2,142.24,Online
3250,1839,2024-12-11,2024-12-12,Adult,2,231.99,Walk-in
3251,1840,2024-06-08,2024-06-10,Adult,3,345.39,Walk-in
3252,1841,2024-10-04,2024-10-04,Adult,6,744.57,Walk-in
3253,1842,2024-07-19,2024-07-22,Child,3,209.29,Online
3254,1843,2024-06-24,2024-06-26,Family,1,337.87,Walk-in
3255,1844,2024-07-23,2024-07-25,Child,6,412.5,Online
3256,1844,2024-11-19,2024-11-20,Family,1,366.42,Walk-in
3257,1844,2024-07-16,2024-07-16,Child,6,415.05,Walk-in
3258,1844,2024-12-08,2024-12-09,Child,5,347.55,Walk-in
3259,1845,2024-12-02,2024-12-03,Adult,6,723.09,Walk-in
3260,1846,2024-07-02,2024-07-04,Child,3,214.94,Walk-in
3261,1847,2024-11-18,2024-11-19,Group,1,274.98,Walk-in
3262,1848,2024-11-05,2024-11-08,Family,1,333.13,Walk-in
3263,1848,2024-06-05,2024-06-06,Adult,2,248.69,Walk-in
3264,1848,2024-05-12,2024-05-12,Family,1,346.21,Walk-in
3265,1848,2024-04-28,2024-04-30,Adult,1,120.4,Walk-in
3266,1849,2024-11-21,2024-11-24,Adult,3,358.1,Walk-in
3267,1850,2024-04-25,2024-04-27,Family,1,355.11,Walk-in
3268,1851,2024-12-26,2024-12-27,Adult,3,345.14,Walk-in
3269,1852,2024-04-01,2024-04-01,Child,6,416.54,Walk-in
3270,1852,2024-10-02,2024-10-03,Child,1,68.34,Online
3271,1853,2024-06-27,2024-06-27,Group,1,276.12,Walk-in
3272,1854,2024-02-27,2024-02-29,Child,1,71.52,Walk-in
3273,1854,2024-01-25,2024-01-25,Child,2,138.19,Walk-in
3274,1854,2024-09-05,2024-09-06,Adult,4,460.5,Online
3275,1855,2024-04-28,2024-04-28,Family,1,347.2,Walk-in
3276,1856,2024-07-15,2024-07-18,Family,1,343.71,Walk-in
3277,1857,2024-03-22,2024-03-25,Family,1,334.42,Online
3278,1858,2024-12-13,2024-12-15,Adult,5,612.79,Walk-in
3279,1859,2024-01-11,2024-01-12,Child,2,136.8,Walk-in
3280,1860,2024-11-22,2024-11-23,Family,1,356.07,Walk-in
3281,1861,2024-12-07,2024-12-10,Adult,6,751.45,Walk-in
3282,1861,2024-05-03,2024-05-06,Adult,2,245.17,Walk-in
3283,1862,2024-04-27,2024-04-29,Adult,6,698.16,Walk-in
3284,1863,2024-07-13,2024-07-15,Child,4,291.04,Online
3285,1864,2024-06-23,2024-06-24,Family,1,353.65,Walk-in
3286,1865,2024-12-27,2024-12-29,Family,1,360.81,Walk-in
3287,1866,2024-12-04,2024-12-07,Adult,1,124.03,Walk-in
3288,1867,2024-09-07,2024-09-08,Adult,2,228.99,Walk-in
3289,1868,2024-08-15,2024-08-17,Adult,3,344.8,Walk-in
3290,1869,2024-04-12,2024-04-15,Family,1,360.36,Walk-in
3291,1869,2024-06-09,2024-06-12,Child,1,67.66,Walk-in
3292,1870,2024-10-12,2024-10-13,Adult,2,238.03,Walk-in
3293,1870,2024-05-15,2024-05-16,Adult,4,491.23,Walk-in
3294,1870,2024-09-01,2024-09-03,Adult,3,364.53,Walk-in
3295,1871,2024-10-09,2024-10-10,Adult,6,704.05,Walk-in
3296,1872,2024-08-01,2024-08-01,Child,2,139.68,Walk-in
3297,1873,2024-09-02,2024-09-04,Child,6,425.67,Online
3298,1874,2024-05-15,2024-05-17,Adult,4,458.46,Walk-in
3299,1875,2024-02-25,2024-02-28,Family,1,366.21,Walk-in
3300,1876,2024-06-14,2024-06-17,Adult,4,492.24,Walk-in
3301,1877,2024-12-26,2024-12-26,Adult,3,373.76,Walk-in
3302,1877,2024-06-17,2024-06-17,Group,1,270.18,Walk-in
3303,1878,2024-10-19,2024-10-19,Adult,5,588.48,Walk-in
3304,1879,2024-07-27,2024-07-30,Adult,2,236.72,Online
3305,1880,2024-06-11,2024-06-11,Adult,2,238.66,Walk-in
3306,1881,2024-08-08,2024-08-09,Adult,4,486.94,Walk-in
3307,1882,2024-01-13,2024-01-16,Family,1,363.57,Walk-in
3308,1883,2024-12-06,2024-12-07,Child,4,291.51,Walk-in
3309,1884,2024-10-20,2024-10-20,Family,1,348.32,Walk-in
3310,1885,2024-07-07,2024-07-09,Family,1,360.79,Walk-in
3311,1885,2024-07-07,2024-07-10,Adult,6,742.55,Walk-in
3312,1886,2024-10-28,2024-10-31,Group,1,266.67,Online
3313,1887,2024-11-21,2024-11-23,Family,1,362.03,Walk-in
3314,1888,2024-08-05,2024-08-05,Family,1,334.55,Walk-in
3315,1889,2024-08-25,2024-08-25,Child,4,285.12,Walk-in
3316,1890,2024-06-07,2024-06-08,Family,1,359.19,Walk-in
3317,1891,2024-03-22,2024-03-22,Child,5,352.85,Walk-in
3318,1891,2024-07-20,2024-07-20,Family,1,352.33,Walk-in
3319,1892,2024-03-04,2024-03-05,Child,3,219.78,Walk-in
3320,1892,2024-10-08,2024-10-11,Adult,6,749.84,Walk-in
3321,1893,2024-06-27,2024-06-29,Child,2,138.67,Walk-in
3322,1893,2024-01-23,2024-01-24,Group,1,268.44,Walk-in
3323,1894,2024-12-10,2024-12-10,Adult,3,369.9,Walk-in
3324,1895,2024-06-01,2024-06-04,Child,1,70.82,Walk-in
3325,1896,2024-07-01,2024-07-03,Adult,5,601.83,Online
3326,1897,2024-04-18,2024-04-20,Family,1,341.09,Walk-in
3327,1898,2024-03-28,2024-03-28,Child,5,336.41,Walk-in
3328,1898,2024-12-01,2024-12-04,Child,6,410.39,Walk-in
3329,1898,2024-03-21,2024-03-21,Adult,6,745.27,Walk-in
3330,1899,2024-08-24,2024-08-25,Group,1,284.31,Walk-in
3331,1900,2024-01-15,2024-01-15,Adult,1,125.24,Online
3332,1901,2024-06-10,2024-06-10,Child,1,67.93,Walk-in
3333,1902,2024-07-17,2024-07-17,Child,4,270.21,Walk-in
3334,1903,2024-12-18,2024-12-19,Family,1,359.46,Online
3335,1904,2024-11-11,2024-11-11,Family,1,333.17,Walk-in
3336,1905,2024-07-19,2024-07-21,Group,1,271.15,Walk-in
3337,1906,2024-09-03,2024-09-03,Child,1,69.46,Walk-in
3338,1906,2024-03-20,2024-03-23,Family,1,338.5,Walk-in
3339,1906,2024-06-01,2024-06-01,Child,1,68.18,Walk-in
3340,1907,2024-01-25,2024-01-26,Group,1,277.8,Walk-in
3341,1907,2024-12-09,2024-12-11,Adult,5,592.89,Walk-in
3342,1908,2024-09-11,2024-09-14,Family,1,335.34,Walk-in
3343,1909,2024-10-26,2024-10-27,Adult,6,747.14,Walk-in
3344,1910,2024-08-19,2024-08-19,Group,1,270.37,Walk-in
3345,1911,2024-06-01,2024-06-02,Child,3,211.47,Walk-in
3346,1912,2024-11-23,2024-11-23,Adult,4,487.15,Walk-in
3347,1913,2024-03-25,2024-03-27,Adult,3,346.79,Walk-in
3348,1914,2024-09-02,2024-09-04,Adult,6,739.02,Walk-in
3349,1915,2024-10-23,2024-10-26,Family,1,359.76,Walk-in
3350,1916,2024-01-08,2024-01-11,Family,1,342.02,Walk-in
3351,1917,2024-07-05,2024-07-05,Adult,6,725.04,Online
3352,1918,2024-04-12,2024-04-14,Group,1,277.2,Walk-in
3353,1918,2024-04-05,2024-04-06,Child,4,277.29,Walk-in
3354,1918,2024-10-17,2024-10-20,Adult,1,115.55,Walk-in
3355,1919,2024-08-16,2024-08-17,Adult,1,125.42,Walk-in
3356,1919,2024-07-06,2024-07-07,Group,1,281.78,Walk-in
3357,1920,2024-06-13,2024-06-13,Group,1,292.56,Walk-in
3358,1921,2024-06-07,2024-06-09,Adult,5,624.52,Walk-in
3359,1921,2024-09-05,2024-09-06,Adult,5,614.09,Online
3360,1922,2024-06-17,2024-06-20,Family,1,348.28,Walk-in
3361,1923,2024-12-14,2024-12-14,Adult,2,234.12,Walk-in
3362,1923,2024-07-28,2024-07-30,Family,1,360.96,Walk-in
3363,1923,2024-04-17,2024-04-18,Group,1,282.79,Walk-in
3364,1924,2024-03-01,2024-03-01,Adult,1,117.48,Walk-in
3365,1924,2024-12-23,2024-12-26,Group,1,270.11,Walk-in
3366,1925,2024-10-03,2024-10-05,Family,1,355.65,Online
3367,1926,2024-12-24,2024-12-24,Adult,1,114.2,Walk-in
3368,1927,2024-08-11,2024-08-12,Group,1,289.62,Walk-in
3369,1928,2024-01-20,2024-01-23,Child,6,415.12,Walk-in
3370,1929,2024-10-23,2024-10-24,Adult,1,117.95,Online
3371,1930,2024-09-02,2024-09-03,Adult,2,228.74,Online
3372,1931,2024-12-14,2024-12-14,Child,3,211.23,Walk-in
3373,1932,2024-03-19,2024-03-19,Child,3,207.95,Walk-in
3374,1932,2024-01-16,2024-01-18,Adult,1,119.38,Walk-in
3375,1933,2024-02-17,2024-02-20,Child,4,270.28,Walk-in
3376,1933,2024-12-21,2024-12-23,Family,1,332.74,Walk-in
3377,1933,2024-12-16,2024-12-18,Adult,2,235.63,Online
3378,1933,2024-09-16,2024-09-18,Family,1,335.89,Walk-in
3379,1934,2024-07-07,2024-07-08,Adult,3,344.24,Walk-in
3380,1935,2024-10-25,2024-10-26,Group,1,270.11,Walk-in
3381,1936,2024-09-27,2024-09-27,Child,5,349.45,Walk-in
3382,1937,2024-01-10,2024-01-11,Family,1,362.31,Walk-in
3383,1938,2024-11-10,2024-11-10,Family,1,349.77,Walk-in
3384,1938,2024-10-18,2024-10-21,Family,1,359.61,Walk-in
3385,1938,2024-02-01,2024-02-04,Child,1,71.94,Walk-in
3386,1939,2024-10-21,2024-10-21,Group,1,285.27,Online
3387,1940,2024-12-03,2024-12-06,Family,1,366.14,Walk-in
3388,1941,2024-07-12,2024-07-12,Adult,4,465.24,Walk-in
3389,1942,2024-09-03,2024-09-05,Child,3,206.77,Online
3390,1943,2024-10-26,2024-10-26,Adult,4,468.51,Walk-in
3391,1944,2024-09-22,2024-09-24,Adult,6,692.42,Walk-in
3392,1944,2024-09-27,2024-09-30,Adult,3,342.41,Walk-in
3393,1945,2024-11-01,2024-11-03,Adult,3,346.22,Walk-in
3394,1946,2024-01-25,2024-01-26,Child,6,421.93,Walk-in
3395,1947,2024-11-01,2024-11-02,Child,4,287.53,Online
3396,1948,2024-10-02,2024-10-03,Child,5,351.91,Walk-in
3397,1948,2024-04-23,2024-04-23,Family,1,351.2,Walk-in
3398,1948,2024-06-06,2024-06-08,Adult,4,469.56,Walk-in
3399,1949,2024-09-28,2024-09-29,Family,1,344.49,Walk-in
3400,1949,2024-04-07,2024-04-10,Adult,1,120.04,Walk-in
3401,1949,2024-01-25,2024-01-28,Child,5,357.69,Walk-in
3402,1950,2024-07-02,2024-07-03,Adult,6,735.53,Walk-in
3403,1951,2024-09-18,2024-09-20,Family,1,335.26,Walk-in
3404,1952,2024-12-05,2024-12-08,Adult,1,118.02,Walk-in
3405,1953,2024-06-02,2024-06-04,Adult,4,467.57,Walk-in
3406,1954,2024-03-21,2024-03-24,Adult,4,494.34,Walk-in
3407,1954,2024-03-01,2024-03-03,Adult,4,488.55,Walk-in
3408,1954,2024-12-12,2024-12-14,Adult,6,734.27,Online
3409,1955,2024-12-22,2024-12-23,Group,1,291.07,Walk-in
3410,1956,2024-10-10,2024-10-13,Family,1,361.3,Walk-in
3411,1957,2024-10-19,2024-10-21,Child,4,288.51,Online
3412,1958,2024-03-14,2024-03-15,Adult,6,738.64,Walk-in
3413,1959,2024-01-08,2024-01-08,Adult,4,459.54,Walk-in
3414,1960,2024-01-12,2024-01-15,Family,1,364.25,Walk-in
3415,1960,2024-12-17,2024-12-20,Adult,1,118.72,Walk-in
3416,1961,2024-06-14,2024-06-14,Adult,2,245.54,Walk-in
3417,1962,2024-02-21,2024-02-24,Adult,1,121.49,Walk-in
3418,1963,2024-01-07,2024-01-07,Child,2,133.82,Walk-in
3419,1964,2024-09-05,2024-09-07,Adult,5,585.74,Walk-in
3420,1965,2024-04-15,2024-04-17,Child,6,424.09,Walk-in
3421,1966,2024-03-21,2024-03-22,Group,1,267.17,Walk-in
3422,1967,2024-07-02,2024-07-03,Family,1,348.72,Online
3423,1967,2024-12-10,2024-12-12,Adult,3,377.33,Walk-in
3424,1968,2024-03-11,2024-03-13,Family,1,366.19,Walk-in
3425,1969,2024-05-11,2024-05-12,Child,1,70.4,Walk-in
3426,1970,2024-03-18,2024-03-21,Adult,3,361.06,Walk-in
3427,1971,2024-11-10,2024-11-12,Adult,4,463.53,Walk-in
3428,1972,2024-11-12,2024-11-13,Adult,5,599.7,Walk-in
3429,1972,2024-06-01,2024-06-02,Group,1,277.43,Walk-in
3430,1972,2024-11-10,2024-11-13,Adult,1,117.56,Online
3431,1973,2024-03-14,2024-03-17,Adult,2,236.48,Online
3432,1973,2024-06-12,2024-06-12,Adult,2,244.34,Walk-in
3433,1974,2024-04-24,2024-04-24,Child,1,68.71,Walk-in
3434,1975,2024-07-19,2024-07-19,Adult,2,234.14,Walk-in
3435,1976,2024-04-11,2024-04-13,Child,3,200.69,Walk-in
3436,1977,2024-04-24,2024-04-26,Adult,6,742.44,Walk-in
3437,1978,2024-12-15,2024-12-15,Adult,4,461.91,Online
3438,1979,2024-02-21,2024-02-24,Child,6,438.34,Walk-in
3439,1980,2024-06-07,2024-06-10,Adult,1,120.64,Walk-in
3440,1981,2024-05-20,2024-05-23,Adult,6,724.29,Walk-in
3441,1982,2024-12-12,2024-12-15,Adult,2,251.29,Online
3442,1982,2024-10-28,2024-10-31,Family,1,335.6,Walk-in
3443,1983,2024-12-26,2024-12-26,Child,2,133.36,Walk-in
3444,1984,2024-07-07,2024-07-08,Family,1,337.53,Walk-in
3445,1985,2024-10-07,2024-10-08,Adult,4,469.88,Walk-in
3446,1985,2024-12-05,2024-12-07,Adult,2,247.57,Online
3447,1986,2024-12-15,2024-12-18,Child,5,355.35,Walk-in
3448,1987,2024-07-08,2024-07-09,Adult,5,622.05,Walk-in
3449,1988,2024-01-08,2024-01-09,Adult,1,117.02,Online
3450,1989,2024-02-20,2024-02-21,Adult,2,240.39,Walk-in
3451,1990,2024-04-10,2024-04-13,Family,1,353.66,Walk-in
3452,1990,2024-12-01,2024-12-04,Adult,3,373.03,Walk-in
3453,1991,2024-04-11,2024-04-12,Family,1,334.52,Walk-in
3454,1991,2024-05-19,2024-05-19,Adult,2,230.98,Walk-in
3455,1992,2024-11-26,2024-11-28,Group,1,271.98,Walk-in
3456,1993,2024-10-14,2024-10-15,Group,1,279.8,Walk-in
3457,1994,2024-04-03,2024-04-06,Family,1,350.22,Online
3458,1995,2024-12-13,2024-12-15,Family,1,333.49,Online
3459,1996,2024-01-18,2024-01-20,Adult,4,494.28,Walk-in
3460,1997,2024-05-20,2024-05-22,Adult,3,345.05,Walk-in
3461,1997,2024-09-26,2024-09-28,Family,1,337.13,Walk-in
3462,1997,2024-01-21,2024-01-24,Child,3,210.13,Walk-in
3463,1998,2024-06-12,2024-06-12,Family,1,347.54,Walk-in
3464,1999,2024-11-08,2024-11-11,Adult,5,609.74,Walk-in
3465,1999,2024-11-26,2024-11-29,Family,1,360.34,Online
3466,1999,2024-10-10,2024-10-13,Adult,5,599.14,Walk-in
3467,1999,2024-02-07,2024-02-10,Family,1,361.85,Walk-in
3468,2000,2024-11-20,2024-11-20,Adult,6,720.44,Walk-in
3469,2001,2024-10-11,2024-10-13,Adult,3,363.5,Online
3470,2002,2024-04-27,2024-04-30,Family,1,347.78,Walk-in
3471,2003,2024-03-08,2024-03-10,Family,1,336.05,Walk-in
3472,2003,2024-10-19,2024-10-19,Family,1,364.36,Walk-in
3473,2003,2024-05-11,2024-05-12,Adult,1,122.4,Walk-in
3474,2004,2024-07-24,2024-07-25,Adult,2,247.6,Online
3475,2004,2024-10-10,2024-10-13,Adult,6,695.64,Walk-in
3476,2005,2024-07-17,2024-07-20,Adult,5,616.46,Walk-in
3477,2005,2024-12-05,2024-12-06,Child,6,421.93,Walk-in
3478,2006,2024-05-18,2024-05-20,Adult,5,572.97,Walk-in
3479,2007,2024-12-07,2024-12-09,Child,3,207.92,Walk-in
3480,2008,2024-12-20,2024-12-22,Adult,6,707.37,Walk-in
3481,2008,2024-07-09,2024-07-12,Adult,6,722.99,Online
3482,2009,2024-12-28,2024-12-31,Adult,4,494.59,Walk-in
3483,2010,2024-07-19,2024-07-20,Child,4,277.22,Walk-in
3484,2011,2024-06-12,2024-06-14,Family,1,356.45,Walk-in
3485,2012,2024-04-16,2024-04-19,Adult,3,373.98,Walk-in
3486,2012,2024-12-06,2024-12-08,Child,3,199.62,Walk-in
3487,2012,2024-07-11,2024-07-14,Family,1,362.45,Walk-in
3488,2012,2024-01-03,2024-01-06,Adult,3,353.7,Walk-in
3489,2013,2024-12-28,2024-12-30,Adult,5,605.32,Walk-in
3490,2013,2024-05-05,2024-05-06,Adult,4,499.78,Online
3491,2013,2024-01-25,2024-01-26,Family,1,361.22,Walk-in
3492,2014,2024-10-15,2024-10-15,Group,1,277.43,Walk-in
3493,2015,2024-09-26,2024-09-28,Adult,2,240.3,Walk-in
3494,2015,2024-04-26,2024-04-28,Family,1,351.42,Walk-in
3495,2016,2024-04-20,2024-04-22,Family,1,339.94,Walk-in
3496,2016,2024-01-25,2024-01-28,Child,5,349.15,Walk-in
3497,2016,2024-11-27,2024-11-30,Adult,3,354.12,Walk-in
3498,2017,2024-04-07,2024-04-09,Adult,3,360.96,Walk-in
3499,2018,2024-12-15,2024-12-16,Adult,4,492.09,Walk-in
3500,2019,2024-12-01,2024-12-03,Child,6,439.04,Walk-in
3501,2019,2024-09-11,2024-09-11,Adult,4,456.05,Walk-in
3502,2019,2024-04-05,2024-04-05,Family,1,366.43,Walk-in
3503,2020,2024-07-25,2024-07-26,Adult,3,363.98,Online
3504,2021,2024-07-28,2024-07-30,Adult,2,230.31,Online
3505,2022,2024-09-16,2024-09-18,Child,4,276.15,Walk-in
3506,2023,2024-12-22,2024-12-24,Adult,4,491.42,Online
3507,2023,2024-09-24,2024-09-25,Adult,5,601.32,Online
3508,2023,2024-11-11,2024-11-14,Family,1,360.71,Walk-in
3509,2024,2024-08-06,2024-08-07,Child,2,135.36,Online
3510,2024,2024-01-21,2024-01-23,Family,1,345.69,Walk-in
3511,2024,2024-04-15,2024-04-18,Family,1,342.74,Walk-in
3512,2024,2024-02-15,2024-02-16,Family,1,345.94,Walk-in
3513,2025,2024-08-22,2024-08-22,Adult,5,625.4,Online
3514,2025,2024-02-18,2024-02-19,Adult,2,249.27,Walk-in
3515,2025,2024-11-19,2024-11-21,Child,5,353.28,Walk-in
3516,2026,2024-06-05,2024-06-06,Adult,6,694.4,Walk-in
3517,2027,2024-03-20,2024-03-20,Group,1,290.75,Walk-in
3518,2027,2024-09-19,2024-09-19,Adult,4,471.19,Walk-in
3519,2028,2024-11-18,2024-11-21,Adult,5,586.83,Walk-in
3520,2028,2024-07-11,2024-07-13,Adult,4,476.19,Walk-in
3521,2029,2024-04-17,2024-04-17,Group,1,290.6,Walk-in
3522,2030,2024-09-02,2024-09-05,Family,1,348.7,Walk-in
3523,2030,2024-08-11,2024-08-14,Child,5,352.84,Walk-in
3524,2031,2024-12-25,2024-12-28,Adult,5,582.61,Walk-in
3525,2032,2024-07-14,2024-07-15,Child,2,146.43,Walk-in
3526,2033,2024-06-05,2024-06-06,Child,6,403.57,Walk-in
3527,2034,2024-09-22,2024-09-22,Child,3,215.0,Walk-in
3528,2035,2024-11-04,2024-11-05,Group,1,284.12,Walk-in
3529,2036,2024-09-28,2024-09-28,Child,2,144.42,Walk-in
3530,2037,2024-11-01,2024-11-04,Adult,5,572.2,Walk-in
3531,2038,2024-07-05,2024-07-06,Child,2,141.25,Walk-in
3532,2038,2024-08-08,2024-08-09,Adult,6,720.82,Online
3533,2039,2024-07-10,2024-07-13,Group,1,272.79,Walk-in
3534,2040,2024-06-11,2024-06-14,Child,4,290.14,Walk-in
3535,2041,2024-12-07,2024-12-09,Adult,4,456.64,Walk-in
3536,2042,2024-04-04,2024-04-05,Family,1,355.54,Walk-in
3537,2042,2024-02-11,2024-02-13,Child,6,434.45,Walk-in
3538,2043,2024-09-02,2024-09-04,Adult,1,120.3,Walk-in
3539,2044,2024-09-24,2024-09-25,Child,6,433.53,Walk-in
3540,2045,2024-05-17,2024-05-18,Adult,1,117.74,Walk-in
3541,2045,2024-07-02,2024-07-02,Family,1,365.27,Online
3542,2045,2024-11-28,2024-11-28,Adult,5,629.43,Walk-in
3543,2046,2024-09-13,2024-09-13,Family,1,352.9,Walk-in
3544,2047,2024-12-20,2024-12-23,Child,2,136.25,Online
3545,2048,2024-11-21,2024-11-23,Adult,5,587.52,Walk-in
3546,2049,2024-07-26,2024-07-28,Adult,2,247.67,Walk-in
3547,2049,2024-12-10,2024-12-10,Adult,2,250.5,Walk-in
3548,2049,2024-07-25,2024-07-28,Child,2,145.16,Walk-in
3549,2050,2024-12-12,2024-12-15,Family,1,338.11,Online
3550,2051,2024-09-22,2024-09-25,Adult,5,593.61,Walk-in
3551,2051,2024-10-23,2024-10-23,Adult,1,117.98,Walk-in
3552,2051,2024-10-10,2024-10-11,Group,1,272.35,Walk-in
3553,2052,2024-02-28,2024-03-01,Adult,3,364.57,Walk-in
3554,2053,2024-04-14,2024-04-17,Adult,4,499.7,Walk-in
3555,2053,2024-11-28,2024-12-01,Family,1,346.11,Online
3556,2053,2024-06-21,2024-06-23,Child,6,402.46,Walk-in
3557,2054,2024-04-20,2024-04-20,Child,4,266.08,Walk-in
3558,2054,2024-03-06,2024-03-06,Child,1,69.33,Walk-in
3559,2055,2024-09-10,2024-09-10,Adult,3,372.16,Walk-in
3560,2055,2024-06-02,2024-06-04,Family,1,339.62,Walk-in
3561,2055,2024-07-01,2024-07-02,Child,6,435.1,Walk-in
3562,2055,2024-05-21,2024-05-22,Group,1,287.58,Walk-in
3563,2056,2024-03-28,2024-03-30,Group,1,286.97,Walk-in
3564,2057,2024-09-13,2024-09-14,Adult,2,237.97,Walk-in
3565,2057,2024-03-24,2024-03-27,Group,1,277.59,Online
3566,2058,2024-01-11,2024-01-14,Group,1,273.78,Walk-in
3567,2059,2024-12-05,2024-12-06,Adult,6,754.48,Walk-in
3568,2060,2024-08-02,2024-08-02,Family,1,339.81,Walk-in
3569,2061,2024-06-08,2024-06-11,Child,5,358.41,Walk-in
3570,2061,2024-12-20,2024-12-20,Adult,6,705.92,Online
3571,2061,2024-03-10,2024-03-10,Child,2,136.43,Walk-in
3572,2062,2024-02-10,2024-02-13,Group,1,278.16,Walk-in
3573,2062,2024-12-13,2024-12-13,Adult,4,467.82,Online
3574,2062,2024-06-03,2024-06-05,Family,1,355.0,Walk-in
3575,2062,2024-09-12,2024-09-13,Child,4,285.19,Walk-in
3576,2063,2024-12-26,2024-12-26,Adult,1,114.32,Online
3577,2063,2024-12-27,2024-12-29,Adult,2,245.83,Walk-in
3578,2064,2024-02-24,2024-02-25,Family,1,359.86,Walk-in
3579,2065,2024-05-22,2024-05-24,Family,1,346.48,Walk-in
3580,2066,2024-07-18,2024-07-19,Child,3,209.35,Walk-in
3581,2066,2024-04-09,2024-04-11,Adult,6,737.2,Walk-in
3582,2067,2024-09-10,2024-09-11,Adult,1,115.37,Walk-in
3583,2068,2024-08-17,2024-08-20,Child,3,203.99,Walk-in
3584,2069,2024-09-10,2024-09-10,Child,3,204.62,Walk-in
3585,2070,2024-07-04,2024-07-05,Adult,5,618.26,Walk-in
3586,2071,2024-01-24,2024-01-27,Group,1,268.4,Walk-in
3587,2072,2024-02-03,2024-02-03,Adult,4,479.11,Walk-in
3588,2073,2024-09-26,2024-09-26,Child,5,335.22,Walk-in
3589,2074,2024-01-22,2024-01-25,Child,3,208.39,Walk-in
3590,2075,2024-10-27,2024-10-27,Child,5,355.31,Walk-in
3591,2075,2024-12-27,2024-12-28,Adult,6,689.19,Online
3592,2075,2024-04-24,2024-04-25,Adult,1,114.63,Walk-in
3593,2075,2024-04-17,2024-04-20,Family,1,366.69,Walk-in
3594,2076,2024-06-23,2024-06-23,Family,1,364.54,Walk-in
3595,2077,2024-05-04,2024-05-04,Adult,2,228.66,Walk-in
3596,2078,2024-01-11,2024-01-11,Adult,6,726.4,Walk-in
3597,2079,2024-02-28,2024-03-02,Child,2,135.88,Walk-in
3598,2080,2024-03-05,2024-03-06,Adult,1,125.89,Walk-in
3599,2080,2024-12-05,2024-12-06,Family,1,334.15,Walk-in
3600,2080,2024-09-04,2024-09-04,Family,1,336.49,Walk-in
3601,2081,2024-07-07,2024-07-08,Child,2,136.19,Walk-in
3602,2081,2024-04-13,2024-04-13,Family,1,338.04,Walk-in
3603,2082,2024-04-27,2024-04-30,Family,1,344.16,Walk-in
3604,2083,2024-04-13,2024-04-15,Family,1,342.93,Walk-in
3605,2084,2024-11-06,2024-11-08,Child,4,278.02,Walk-in
3606,2084,2024-10-24,2024-10-26,Adult,4,486.56,Walk-in
3607,2084,2024-12-27,2024-12-28,Adult,5,603.01,Walk-in
3608,2085,2024-04-16,2024-04-17,Adult,1,118.02,Walk-in
3609,2085,2024-06-13,2024-06-15,Family,1,352.2,Walk-in
3610,2085,2024-07-13,2024-07-14,Adult,2,248.94,Walk-in
3611,2086,2024-09-14,2024-09-17,Adult,3,359.02,Online
3612,2087,2024-04-13,2024-04-15,Adult,4,493.32,Walk-in
3613,2088,2024-12-13,2024-12-16,Family,1,355.84,Walk-in
3614,2089,2024-08-23,2024-08-26,Adult,6,747.41,Walk-in
3615,2089,2024-12-24,2024-12-25,Adult,2,249.06,Walk-in
3616,2089,2024-12-16,2024-12-17,Adult,3,359.09,Walk-in
3617,2089,2024-07-21,2024-07-24,Group,1,286.86,Walk-in
3618,2090,2024-04-09,2024-04-10,Group,1,274.03,Walk-in
3619,2091,2024-07-14,2024-07-15,Family,1,333.41,Online
3620,2091,2024-06-18,2024-06-19,Adult,4,484.33,Walk-in
3621,2091,2024-09-25,2024-09-25,Child,3,217.57,Walk-in
3622,2092,2024-07-04,2024-07-07,Family,1,350.53,Walk-in
3623,2093,2024-07-01,2024-07-02,Adult,2,239.38,Walk-in
3624,2094,2024-07-06,2024-07-06,Group,1,273.67,Walk-in
3625,2095,2024-11-18,2024-11-18,Child,2,138.41,Walk-in
3626,2096,2024-04-05,2024-04-05,Group,1,277.15,Walk-in
3627,2097,2024-10-26,2024-10-29,Adult,3,365.13,Online
3628,2098,2024-10-27,2024-10-28,Adult,6,705.35,Online
3629,2099,2024-04-27,2024-04-28,Child,4,269.88,Walk-in
3630,2099,2024-12-19,2024-12-21,Adult,4,495.39,Walk-in
3631,2100,2024-11-03,2024-11-03,Adult,4,489.72,Walk-in
3632,2101,2024-05-15,2024-05-15,Child,4,293.71,Walk-in
3633,2102,2024-09-18,2024-09-19,Adult,2,242.4,Walk-in
3634,2102,2024-12-04,2024-12-05,Adult,5,571.65,Walk-in
3635,2102,2024-10-19,2024-10-21,Family,1,333.69,Online
3636,2102,2024-04-08,2024-04-10,Group,1,272.03,Walk-in
3637,2103,2024-06-16,2024-06-17,Group,1,273.66,Walk-in
3638,2103,2024-05-27,2024-05-29,Adult,1,125.46,Walk-in
3639,2103,2024-07-07,2024-07-07,Adult,3,374.71,Walk-in
3640,2104,2024-06-10,2024-06-10,Family,1,334.16,Walk-in
3641,2104,2024-12-06,2024-12-06,Adult,5,619.85,Walk-in
3642,2104,2024-06-04,2024-06-07,Group,1,293.98,Walk-in
3643,2105,2024-02-20,2024-02-20,Adult,2,230.93,Walk-in
3644,2105,2024-04-17,2024-04-19,Adult,3,373.97,Online
3645,2105,2024-04-07,2024-04-07,Child,6,419.08,Online
3646,2105,2024-02-27,2024-02-27,Adult,5,592.93,Walk-in
3647,2106,2024-10-04,2024-10-04,Family,1,336.56,Online
3648,2107,2024-10-04,2024-10-06,Group,1,288.87,Online
3649,2108,2024-05-15,2024-05-15,Adult,5,603.34,Walk-in
3650,2108,2024-05-04,2024-05-05,Family,1,348.58,Walk-in
3651,2109,2024-05-16,2024-05-16,Family,1,353.77,Online
3652,2110,2024-07-17,2024-07-19,Child,3,217.56,Walk-in
3653,2111,2024-02-18,2024-02-18,Adult,6,719.95,Walk-in
3654,2111,2024-03-13,2024-03-13,Family,1,367.46,Walk-in
3655,2112,2024-09-04,2024-09-06,Adult,1,114.91,Walk-in
3656,2113,2024-12-07,2024-12-09,Adult,5,609.81,Online
3657,2114,2024-04-03,2024-04-06,Child,3,206.58,Online
3658,2115,2024-04-21,2024-04-24,Family,1,363.77,Walk-in
3659,2116,2024-09-10,2024-09-13,Family,1,334.78,Walk-in
3660,2117,2024-08-20,2024-08-22,Child,3,208.44,Walk-in
3661,2118,2024-07-20,2024-07-21,Group,1,266.86,Walk-in
3662,2118,2024-12-23,2024-12-25,Child,3,219.22,Online
3663,2118,2024-04-12,2024-04-14,Family,1,362.31,Walk-in
3664,2119,2024-09-03,2024-09-06,Adult,4,462.4,Walk-in
3665,2120,2024-06-01,2024-06-03,Adult,1,119.72,Walk-in
3666,2121,2024-02-28,2024-03-01,Adult,2,228.12,Walk-in
3667,2121,2024-07-14,2024-07-15,Adult,6,720.86,Online
3668,2121,2024-02-01,2024-02-01,Group,1,293.45,Walk-in
3669,2122,2024-07-02,2024-07-04,Group,1,288.52,Walk-in
3670,2122,2024-03-05,2024-03-05,Child,2,135.69,Walk-in
3671,2122,2024-03-28,2024-03-29,Adult,2,241.25,Walk-in
3672,2122,2024-08-10,2024-08-10,Child,4,275.15,Walk-in
3673,2123,2024-04-20,2024-04-22,Adult,3,345.32,Walk-in
3674,2123,2024-08-15,2024-08-15,Adult,1,122.45,Online
3675,2124,2024-06-01,2024-06-03,Adult,4,500.53,Walk-in
3676,2124,2024-09-19,2024-09-20,Group,1,266.21,Online
3677,2125,2024-05-21,2024-05-23,Group,1,281.58,Walk-in
3678,2126,2024-10-17,2024-10-18,Adult,5,571.03,Walk-in
3679,2127,2024-12-04,2024-12-06,Group,1,285.94,Walk-in
3680,2128,2024-05-20,2024-05-22,Family,1,336.92,Walk-in
3681,2129,2024-10-04,2024-10-06,Adult,5,594.6,Walk-in
3682,2130,2024-10-21,2024-10-22,Child,2,134.19,Walk-in
3683,2131,2024-08-20,2024-08-21,Adult,2,246.14,Walk-in
3684,2131,2024-12-21,2024-12-21,Family,1,340.46,Walk-in
3685,2132,2024-10-22,2024-10-23,Adult,6,728.68,Online
3686,2133,2024-07-08,2024-07-11,Child,1,68.73,Walk-in
3687,2134,2024-05-12,2024-05-15,Family,1,353.23,Walk-in
3688,2135,2024-10-18,2024-10-20,Adult,6,684.05,Walk-in
3689,2136,2024-12-19,2024-12-19,Family,1,345.08,Walk-in
3690,2137,2024-09-18,2024-09-21,Adult,1,122.73,Walk-in
3691,2137,2024-06-08,2024-06-09,Child,3,207.3,Walk-in
3692,2138,2024-02-11,2024-02-12,Child,1,72.99,Walk-in
3693,2139,2024-08-10,2024-08-10,Adult,2,243.24,Walk-in
3694,2140,2024-04-24,2024-04-27,Child,2,141.96,Walk-in
3695,2141,2024-05-10,2024-05-13,Family,1,349.96,Walk-in
3696,2141,2024-05-26,2024-05-26,Child,6,406.74,Walk-in
3697,2142,2024-12-06,2024-12-07,Adult,1,123.2,Walk-in
3698,2143,2024-07-05,2024-07-07,Adult,3,354.31,Online
3699,2144,2024-06-04,2024-06-06,Child,3,209.13,Walk-in
3700,2145,2024-08-01,2024-08-04,Adult,4,483.03,Walk-in
3701,2146,2024-03-06,2024-03-08,Child,2,146.95,Walk-in
3702,2146,2024-09-20,2024-09-22,Family,1,342.69,Walk-in
3703,2146,2024-04-03,2024-04-05,Child,2,140.36,Walk-in
3704,2147,2024-04-27,2024-04-28,Child,4,271.15,Walk-in
3705,2147,2024-09-03,2024-09-06,Adult,4,470.18,Walk-in
3706,2148,2024-03-05,2024-03-05,Adult,4,478.27,Walk-in
3707,2149,2024-04-04,2024-04-06,Family,1,353.16,Walk-in
3708,2149,2024-06-07,2024-06-10,Family,1,361.7,Walk-in
3709,2150,2024-12-27,2024-12-29,Family,1,366.49,Walk-in
3710,2150,2024-04-06,2024-04-06,Adult,3,342.27,Walk-in
3711,2151,2024-06-22,2024-06-22,Adult,2,243.43,Walk-in
3712,2151,2024-09-16,2024-09-19,Adult,1,114.02,Walk-in
3713,2152,2024-04-19,2024-04-21,Child,4,270.09,Walk-in
3714,2152,2024-06-23,2024-06-25,Family,1,334.74,Walk-in
3715,2153,2024-06-20,2024-06-22,Adult,4,483.81,Walk-in
3716,2154,2024-12-08,2024-12-08,Adult,3,368.17,Online
3717,2155,2024-03-08,2024-03-08,Group,1,284.22,Walk-in
3718,2156,2024-12-18,2024-12-18,Adult,4,469.9,Online
3719,2156,2024-11-15,2024-11-15,Family,1,336.64,Walk-in
3720,2157,2024-10-07,2024-10-07,Group,1,284.76,Online
3721,2158,2024-06-14,2024-06-17,Adult,3,348.36,Walk-in
3722,2158,2024-12-14,2024-12-14,Adult,5,579.61,Walk-in
3723,2158,2024-10-11,2024-10-14,Child,4,284.54,Online
3724,2159,2024-09-05,2024-09-06,Adult,6,692.2,Walk-in
3725,2159,2024-07-15,2024-07-15,Adult,4,486.37,Walk-in
3726,2159,2024-04-05,2024-04-06,Family,1,336.81,Walk-in
3727,2160,2024-03-28,2024-03-29,Adult,6,721.21,Walk-in
3728,2161,2024-07-14,2024-07-15,Group,1,268.35,Walk-in
3729,2161,2024-03-10,2024-03-11,Adult,1,125.27,Walk-in
3730,2162,2024-11-25,2024-11-26,Child,5,352.26,Walk-in
3731,2163,2024-12-23,2024-12-23,Adult,3,357.74,Walk-in
3732,2164,2024-09-28,2024-10-01,Adult,2,231.04,Walk-in
3733,2164,2024-12-23,2024-12-25,Adult,6,723.87,Online
3734,2165,2024-07-11,2024-07-11,Family,1,344.43,Walk-in
3735,2166,2024-07-02,2024-07-02,Adult,3,366.02,Walk-in
3736,2166,2024-06-12,2024-06-13,Family,1,346.25,Walk-in
3737,2167,2024-07-26,2024-07-27,Family,1,345.41,Online
3738,2167,2024-07-09,2024-07-11,Group,1,272.18,Online
3739,2168,2024-04-27,2024-04-29,Family,1,343.49,Walk-in
3740,2169,2024-09-14,2024-09-16,Child,5,342.77,Walk-in
3741,2170,2024-03-27,2024-03-29,Family,1,361.57,Walk-in
3742,2171,2024-06-05,2024-06-07,Adult,4,483.77,Online
3743,2172,2024-06-13,2024-06-15,Family,1,337.5,Walk-in
3744,2172,2024-12-25,2024-12-26,Family,1,363.15,Walk-in
3745,2172,2024-04-08,2024-04-10,Family,1,353.99,Walk-in
3746,2172,2024-04-22,2024-04-24,Family,1,335.05,Walk-in
3747,2173,2024-05-28,2024-05-30,Group,1,271.21,Walk-in
3748,2174,2024-05-16,2024-05-19,Child,6,438.27,Walk-in
3749,2175,2024-10-01,2024-10-03,Group,1,293.23,Online
3750,2176,2024-07-05,2024-07-07,Adult,5,587.48,Walk-in
3751,2177,2024-07-07,2024-07-08,Child,5,337.19,Walk-in
3752,2177,2024-08-27,2024-08-28,Family,1,339.26,Walk-in
3753,2178,2024-12-23,2024-12-23,Group,1,285.56,Walk-in
3754,2179,2024-02-13,2024-02-16,Child,6,417.7,Walk-in
3755,2179,2024-06-08,2024-06-09,Family,1,359.93,Walk-in
3756,2180,2024-06-01,2024-06-01,Adult,2,249.2,Walk-in
3757,2181,2024-01-27,2024-01-27,Family,1,357.7,Walk-in
3758,2181,2024-07-09,2024-07-10,Adult,3,369.84,Online
3759,2181,2024-04-25,2024-04-26,Child,4,284.92,Walk-in
3760,2181,2024-12-17,2024-12-18,Group,1,285.36,Walk-in
3761,2182,2024-07-24,2024-07-24,Family,1,345.84,Online
3762,2183,2024-09-09,2024-09-11,Family,1,363.18,Walk-in
3763,2184,2024-01-12,2024-01-15,Adult,6,744.04,Walk-in
3764,2184,2024-04-09,2024-04-11,Family,1,335.78,Walk-in
3765,2184,2024-04-02,2024-04-02,Adult,3,352.5,Walk-in
3766,2185,2024-06-17,2024-06-17,Child,1,68.02,Walk-in
3767,2186,2024-07-21,2024-07-21,Adult,6,688.91,Walk-in
3768,2186,2024-04-03,2024-04-05,Child,5,344.4,Walk-in
3769,2186,2024-11-07,2024-11-07,Adult,6,699.64,Walk-in
3770,2187,2024-05-17,2024-05-17,Adult,5,608.35,Walk-in
3771,2188,2024-06-11,2024-06-14,Adult,1,119.84,Walk-in
3772,2189,2024-07-02,2024-07-02,Group,1,283.03,Walk-in
3773,2190,2024-07-22,2024-07-22,Child,5,350.95,Walk-in
3774,2190,2024-10-16,2024-10-16,Child,1,69.06,Online
3775,2191,2024-06-26,2024-06-29,Adult,5,604.28,Walk-in
3776,2192,2024-06-12,2024-06-13,Family,1,338.09,Walk-in
3777,2193,2024-12-24,2024-12-26,Family,1,344.15,Online
3778,2194,2024-04-07,2024-04-09,Adult,5,574.02,Walk-in
3779,2195,2024-05-23,2024-05-24,Child,2,138.11,Walk-in
3780,2196,2024-04-21,2024-04-22,Adult,4,475.21,Walk-in
3781,2196,2024-07-25,2024-07-28,Adult,1,114.8,Walk-in
3782,2196,2024-11-14,2024-11-17,Child,5,362.92,Walk-in
3783,2197,2024-12-07,2024-12-07,Adult,5,590.46,Walk-in
3784,2197,2024-11-06,2024-11-09,Family,1,347.55,Walk-in
3785,2197,2024-09-09,2024-09-11,Adult,3,371.2,Walk-in
3786,2197,2024-03-05,2024-03-07,Group,1,277.94,Online
3787,2198,2024-01-18,2024-01-21,Family,1,365.45,Walk-in
3788,2198,2024-12-16,2024-12-17,Family,1,361.98,Walk-in
3789,2198,2024-10-08,2024-10-09,Group,1,288.21,Walk-in
3790,2198,2024-12-25,2024-12-25,Adult,5,587.55,Walk-in
3791,2199,2024-10-16,2024-10-19,Adult,5,573.69,Walk-in
3792,2199,2024-02-03,2024-02-03,Family,1,357.57,Walk-in
3793,2200,2024-04-22,2024-04-24,Child,6,439.5,Walk-in
3794,2201,2024-09-28,2024-10-01,Group,1,268.63,Walk-in
3795,2201,2024-12-23,2024-12-26,Group,1,284.98,Walk-in
3796,2202,2024-07-13,2024-07-15,Family,1,347.71,Online
3797,2203,2024-06-15,2024-06-18,Adult,5,606.56,Walk-in
3798,2204,2024-07-08,2024-07-09,Adult,3,342.58,Walk-in
3799,2205,2024-06-06,2024-06-08,Group,1,293.62,Walk-in
3800,2206,2024-10-07,2024-10-10,Child,6,406.66,Online
3801,2206,2024-08-25,2024-08-27,Adult,5,612.21,Walk-in
3802,2207,2024-06-10,2024-06-13,Family,1,347.25,Walk-in
3803,2208,2024-06-26,2024-06-26,Adult,3,343.34,Walk-in
3804,2209,2024-01-13,2024-01-14,Child,1,70.03,Walk-in
3805,2210,2024-06-19,2024-06-20,Family,1,362.06,Walk-in
3806,2210,2024-08-28,2024-08-29,Adult,3,360.27,Walk-in
3807,2210,2024-06-03,2024-06-04,Adult,5,594.18,Walk-in
3808,2210,2024-11-13,2024-11-14,Group,1,285.9,Online
3809,2211,2024-12-13,2024-12-15,Family,1,340.9,Walk-in
3810,2212,2024-12-03,2024-12-06,Family,1,361.11,Walk-in
3811,2213,2024-06-25,2024-06-26,Adult,5,589.98,Walk-in
3812,2214,2024-08-06,2024-08-09,Family,1,342.65,Walk-in
3813,2214,2024-01-24,2024-01-25,Adult,4,487.88,Walk-in
3814,2215,2024-09-13,2024-09-13,Adult,5,571.45,Online
3815,2216,2024-04-27,2024-04-28,Child,1,69.3,Walk-in
3816,2217,2024-10-21,2024-10-22,Group,1,274.97,Walk-in
3817,2218,2024-09-07,2024-09-10,Child,2,144.37,Walk-in
3818,2219,2024-01-24,2024-01-24,Child,5,361.23,Walk-in
3819,2220,2024-02-15,2024-02-15,Family,1,360.83,Walk-in
3820,2221,2024-11-02,2024-11-03,Child,2,137.7,Online
3821,2221,2024-02-18,2024-02-19,Child,1,70.85,Walk-in
3822,2221,2024-12-23,2024-12-24,Child,4,277.89,Walk-in
3823,2221,2024-06-06,2024-06-06,Child,1,67.48,Walk-in
3824,2222,2024-09-17,2024-09-17,Adult,5,588.19,Walk-in
3825,2223,2024-10-09,2024-10-12,Family,1,363.01,Online
3826,2224,2024-04-27,2024-04-27,Adult,3,366.51,Walk-in
3827,2224,2024-09-24,2024-09-25,Adult,5,595.96,Online
3828,2224,2024-09-20,2024-09-22,Group,1,268.65,Walk-in
3829,2225,2024-03-10,2024-03-11,Family,1,353.72,Walk-in
3830,2226,2024-06-28,2024-06-30,Child,6,403.36,Walk-in
3831,2227,2024-06-23,2024-06-23,Child,4,277.15,Walk-in
3832,2228,2024-09-18,2024-09-19,Child,2,139.05,Walk-in
3833,2229,2024-09-12,2024-09-12,Adult,6,712.55,Online
3834,2229,2024-09-15,2024-09-18,Adult,2,232.42,Walk-in
3835,2229,2024-07-27,2024-07-27,Child,6,407.18,Walk-in
3836,2229,2024-02-13,2024-02-15,Adult,5,625.01,Walk-in
3837,2230,2024-12-18,2024-12-18,Child,5,352.93,Online
3838,2231,2024-08-04,2024-08-05,Adult,5,598.6,Walk-in
3839,2231,2024-07-20,2024-07-23,Adult,1,120.59,Walk-in
3840,2231,2024-08-24,2024-08-24,Adult,1,125.02,Online
3841,2232,2024-05-25,2024-05-28,Adult,4,471.82,Walk-in
3842,2233,2024-04-03,2024-04-04,Child,3,217.72,Walk-in
3843,2234,2024-02-18,2024-02-21,Adult,1,124.1,Walk-in
3844,2235,2024-06-02,2024-06-04,Family,1,332.65,Walk-in
3845,2236,2024-04-20,2024-04-21,Child,4,281.71,Walk-in
3846,2237,2024-06-15,2024-06-15,Child,6,399.7,Walk-in
3847,2237,2024-04-04,2024-04-04,Family,1,337.75,Walk-in
3848,2238,2024-02-17,2024-02-20,Family,1,333.76,Walk-in
3849,2239,2024-08-01,2024-08-04,Family,1,353.53,Walk-in
3850,2239,2024-04-08,2024-04-09,Child,2,144.49,Walk-in
3851,2239,2024-01-06,2024-01-06,Adult,4,486.67,Walk-in
3852,2239,2024-03-09,2024-03-10,Group,1,284.23,Walk-in
3853,2240,2024-04-26,2024-04-29,Adult,4,501.37,Walk-in
3854,2241,2024-05-01,2024-05-03,Child,6,402.86,Walk-in
3855,2241,2024-04-13,2024-04-15,Group,1,284.99,Walk-in
3856,2242,2024-04-24,2024-04-27,Child,4,288.09,Walk-in
3857,2242,2024-05-12,2024-05-13,Adult,6,688.72,Walk-in
3858,2243,2024-06-18,2024-06-21,Adult,5,581.92,Walk-in
3859,2243,2024-04-07,2024-04-09,Child,2,142.26,Walk-in
3860,2244,2024-09-14,2024-09-15,Family,1,361.62,Walk-in
3861,2244,2024-12-27,2024-12-29,Child,2,135.16,Online
3862,2245,2024-11-16,2024-11-18,Child,1,72.97,Online
3863,2245,2024-05-06,2024-05-09,Family,1,353.85,Walk-in
3864,2246,2024-11-09,2024-11-11,Adult,6,715.0,Walk-in
3865,2247,2024-06-18,2024-06-18,Adult,6,740.91,Walk-in
3866,2248,2024-01-24,2024-01-24,Child,5,341.92,Walk-in
3867,2249,2024-10-01,2024-10-01,Child,3,203.12,Online
3868,2249,2024-09-07,2024-09-07,Family,1,348.14,Online
3869,2249,2024-07-05,2024-07-07,Adult,3,366.01,Online
3870,2250,2024-01-18,2024-01-18,Adult,2,236.04,Online
3871,2251,2024-02-02,2024-02-03,Family,1,354.76,Walk-in
3872,2251,2024-06-22,2024-06-23,Group,1,268.64,Walk-in
3873,2252,2024-04-03,2024-04-04,Group,1,282.71,Walk-in
3874,2253,2024-09-22,2024-09-23,Family,1,358.77,Walk-in
3875,2254,2024-11-11,2024-11-12,Adult,6,736.19,Walk-in
3876,2255,2024-03-22,2024-03-24,Child,3,220.37,Walk-in
3877,2256,2024-06-15,2024-06-17,Adult,4,496.34,Walk-in
3878,2257,2024-04-22,2024-04-24,Adult,1,120.28,Walk-in
3879,2258,2024-07-18,2024-07-20,Adult,3,376.36,Walk-in
3880,2259,2024-10-02,2024-10-02,Child,3,201.47,Walk-in
3881,2260,2024-12-10,2024-12-12,Family,1,343.44,Walk-in
3882,2261,2024-09-23,2024-09-23,Group,1,277.7,Walk-in
3883,2262,2024-07-04,2024-07-07,Child,2,139.19,Walk-in
3884,2262,2024-12-05,2024-12-05,Family,1,361.57,Walk-in
3885,2263,2024-06-24,2024-06-25,Family,1,341.51,Walk-in
3886,2264,2024-10-01,2024-10-03,Child,5,366.65,Walk-in
3887,2265,2024-06-01,2024-06-01,Child,2,134.17,Walk-in
3888,2266,2024-04-26,2024-04-27,Group,1,282.74,Walk-in
3889,2267,2024-07-16,2024-07-16,Adult,1,122.55,Online
3890,2268,2024-11-18,2024-11-19,Group,1,269.5,Walk-in
3891,2269,2024-10-15,2024-10-16,Family,1,336.0,Walk-in
3892,2270,2024-10-09,2024-10-10,Family,1,351.09,Walk-in
3893,2271,2024-12-10,2024-12-12,Family,1,335.67,Walk-in
3894,2272,2024-03-05,2024-03-07,Child,2,138.61,Walk-in
3895,2272,2024-12-05,2024-12-06,Family,1,340.81,Walk-in
3896,2273,2024-03-12,2024-03-14,Child,4,271.17,Walk-in
3897,2273,2024-03-11,2024-03-13,Child,6,410.98,Walk-in
3898,2274,2024-12-17,2024-12-18,Child,2,139.1,Walk-in
3899,2275,2024-04-26,2024-04-26,Family,1,356.5,Walk-in
3900,2276,2024-09-19,2024-09-22,Child,6,425.99,Walk-in
3901,2277,2024-06-22,2024-06-22,Group,1,292.21,Walk-in
3902,2278,2024-06-26,2024-06-28,Family,1,364.34,Walk-in
3903,2278,2024-03-04,2024-03-07,Adult,5,575.0,Walk-in
3904,2278,2024-07-08,2024-07-09,Adult,5,603.0,Walk-in
3905,2278,2024-12-26,2024-12-28,Child,6,418.34,Online
3906,2279,2024-03-01,2024-03-03,Adult,5,610.95,Walk-in
3907,2280,2024-07-10,2024-07-12,Family,1,358.42,Online
3908,2281,2024-02-28,2024-02-29,Adult,3,353.44,Walk-in
3909,2282,2024-12-01,2024-12-02,Family,1,345.7,Online
3910,2282,2024-04-16,2024-04-16,Family,1,358.57,Walk-in
3911,2283,2024-06-02,2024-06-03,Child,5,346.49,Walk-in
3912,2284,2024-01-21,2024-01-21,Adult,5,616.85,Walk-in
3913,2285,2024-04-22,2024-04-25,Family,1,342.92,Walk-in
3914,2286,2024-10-05,2024-10-06,Family,1,351.46,Walk-in
3915,2287,2024-02-08,2024-02-09,Child,1,66.84,Walk-in
3916,2288,2024-02-08,2024-02-10,Adult,1,120.55,Walk-in
3917,2289,2024-01-08,2024-01-09,Adult,2,232.17,Walk-in
3918,2290,2024-10-22,2024-10-22,Family,1,356.02,Walk-in
3919,2291,2024-10-21,2024-10-24,Adult,1,116.85,Walk-in
3920,2292,2024-09-03,2024-09-06,Group,1,286.67,Walk-in
3921,2293,2024-07-17,2024-07-19,Child,4,279.5,Walk-in
3922,2294,2024-01-05,2024-01-05,Adult,6,691.18,Walk-in
3923,2295,2024-07-01,2024-07-04,Adult,2,234.46,Walk-in
3924,2295,2024-11-26,2024-11-28,Adult,2,239.01,Walk-in
3925,2296,2024-02-04,2024-02-04,Child,6,411.77,Walk-in
3926,2297,2024-06-20,2024-06-23,Adult,4,472.52,Walk-in
3927,2298,2024-03-06,2024-03-09,Child,1,68.15,Walk-in
3928,2299,2024-09-04,2024-09-07,Family,1,362.13,Walk-in
3929,2300,2024-06-04,2024-06-05,Family,1,359.27,Walk-in
3930,2300,2024-10-18,2024-10-19,Group,1,276.42,Walk-in
3931,2301,2024-07-07,2024-07-10,Family,1,361.31,Walk-in
3932,2302,2024-10-07,2024-10-09,Family,1,366.15,Walk-in
3933,2302,2024-10-13,2024-10-14,Child,2,143.19,Walk-in
3934,2302,2024-12-04,2024-12-04,Family,1,347.06,Walk-in
3935,2303,2024-05-21,2024-05-21,Adult,3,360.41,Walk-in
3936,2304,2024-06-18,2024-06-21,Adult,4,468.57,Walk-in
3937,2305,2024-04-11,2024-04-14,Child,5,346.06,Walk-in
3938,2305,2024-07-01,2024-07-02,Adult,5,616.76,Walk-in
3939,2306,2024-01-18,2024-01-19,Child,5,364.72,Walk-in
3940,2306,2024-10-23,2024-10-23,Family,1,352.68,Walk-in
3941,2306,2024-12-25,2024-12-25,Family,1,338.37,Online
3942,2307,2024-06-20,2024-06-21,Adult,1,124.89,Walk-in
3943,2307,2024-10-22,2024-10-23,Child,1,70.3,Walk-in
3944,2308,2024-07-09,2024-07-12,Adult,2,228.49,Walk-in
3945,2308,2024-07-19,2024-07-22,Family,1,362.18,Walk-in
3946,2309,2024-09-17,2024-09-19,Family,1,349.2,Walk-in
3947,2310,2024-09-20,2024-09-20,Adult,2,230.55,Walk-in
3948,2310,2024-04-28,2024-05-01,Family,1,367.07,Walk-in
3949,2311,2024-10-18,2024-10-18,Group,1,290.96,Walk-in
3950,2312,2024-02-07,2024-02-09,Child,2,134.33,Walk-in
3951,2312,2024-11-06,2024-11-09,Group,1,276.26,Walk-in
3952,2312,2024-11-24,2024-11-27,Adult,5,588.31,Walk-in
3953,2313,2024-07-18,2024-07-18,Adult,2,240.61,Walk-in
3954,2314,2024-08-19,2024-08-19,Adult,2,244.74,Walk-in
3955,2314,2024-04-27,2024-04-27,Child,4,293.75,Walk-in
3956,2315,2024-11-23,2024-11-24,Adult,2,247.26,Walk-in
3957,2316,2024-06-04,2024-06-05,Adult,5,621.66,Walk-in
3958,2317,2024-08-25,2024-08-25,Adult,5,620.09,Walk-in
3959,2318,2024-09-20,2024-09-22,Family,1,345.51,Online
3960,2318,2024-07-11,2024-07-14,Group,1,288.97,Walk-in
3961,2319,2024-08-19,2024-08-19,Adult,3,377.97,Walk-in
3962,2320,2024-09-05,2024-09-07,Family,1,363.72,Walk-in
3963,2321,2024-11-03,2024-11-04,Adult,1,121.55,Online
3964,2322,2024-12-27,2024-12-29,Family,1,362.87,Online
3965,2323,2024-12-04,2024-12-05,Family,1,346.7,Walk-in
3966,2323,2024-10-13,2024-10-14,Child,3,207.02,Walk-in
3967,2323,2024-04-25,2024-04-27,Adult,1,117.77,Walk-in
3968,2324,2024-01-08,2024-01-08,Family,1,360.53,Walk-in
3969,2325,2024-07-24,2024-07-26,Family,1,354.26,Walk-in
3970,2325,2024-06-22,2024-06-24,Adult,5,602.3,Walk-in
3971,2325,2024-04-24,2024-04-24,Child,6,424.67,Walk-in
3972,2325,2024-10-15,2024-10-18,Child,2,137.6,Online
3973,2326,2024-12-14,2024-12-17,Child,1,72.64,Walk-in
3974,2327,2024-09-07,2024-09-10,Child,4,285.39,Walk-in
3975,2328,2024-09-23,2024-09-25,Group,1,285.78,Walk-in
3976,2328,2024-03-06,2024-03-07,Family,1,365.58,Walk-in
3977,2329,2024-09-26,2024-09-27,Family,1,334.65,Walk-in
3978,2330,2024-04-24,2024-04-25,Child,3,218.44,Walk-in
3979,2331,2024-07-21,2024-07-23,Adult,2,235.12,Online
3980,2332,2024-12-09,2024-12-10,Family,1,355.89,Walk-in
3981,2332,2024-04-26,2024-04-28,Adult,5,588.46,Walk-in
3982,2333,2024-10-03,2024-10-03,Family,1,350.52,Walk-in
3983,2334,2024-12-14,2024-12-16,Adult,5,587.1,Walk-in
3984,2334,2024-06-20,2024-06-20,Family,1,348.86,Walk-in
3985,2334,2024-11-05,2024-11-07,Family,1,367.15,Walk-in
3986,2334,2024-09-17,2024-09-18,Adult,1,122.01,Online
3987,2335,2024-02-21,2024-02-22,Adult,3,364.19,Walk-in
3988,2335,2024-08-06,2024-08-06,Child,2,136.39,Walk-in
3989,2335,2024-06-19,2024-06-22,Child,2,140.98,Walk-in
3990,2335,2024-07-03,2024-07-05,Adult,1,121.5,Walk-in
3991,2336,2024-10-20,2024-10-20,Family,1,360.26,Online
3992,2337,2024-05-09,2024-05-10,Adult,4,476.38,Walk-in
3993,2338,2024-10-09,2024-10-12,Adult,3,366.28,Walk-in
3994,2339,2024-04-08,2024-04-10,Adult,3,345.69,Online
3995,2340,2024-07-14,2024-07-16,Family,1,350.27,Online
3996,2341,2024-06-10,2024-06-11,Adult,6,724.47,Walk-in
3997,2342,2024-09-05,2024-09-07,Adult,4,468.91,Walk-in
3998,2343,2024-11-19,2024-11-21,Adult,5,608.02,Online
3999,2343,2024-11-12,2024-11-14,Family,1,364.74,Online
4000,2344,2024-12-08,2024-12-11,Family,1,353.68,Online
4001,2344,2024-05-07,2024-05-09,Child,4,277.34,Walk-in
4002,2345,2024-07-26,2024-07-27,Adult,5,617.89,Walk-in
4003,2345,2024-03-17,2024-03-20,Adult,3,377.49,Walk-in
4004,2346,2024-09-13,2024-09-16,Child,4,278.03,Walk-in
4005,2347,2024-09-09,2024-09-12,Adult,6,691.67,Walk-in
4006,2348,2024-12-01,2024-12-04,Child,1,72.42,Walk-in
4007,2349,2024-12-03,2024-12-03,Group,1,272.02,Walk-in
4008,2349,2024-11-23,2024-11-26,Adult,4,479.06,Walk-in
4009,2349,2024-07-11,2024-07-11,Family,1,335.18,Online
4010,2349,2024-06-01,2024-06-01,Adult,6,705.06,Walk-in
4011,2350,2024-10-06,2024-10-07,Adult,2,251.27,Walk-in
4012,2351,2024-12-14,2024-12-16,Adult,3,353.67,Online
4013,2351,2024-09-26,2024-09-29,Child,6,423.22,Online
4014,2352,2024-07-10,2024-07-10,Adult,6,737.96,Walk-in
4015,2353,2024-04-18,2024-04-21,Adult,6,722.67,Walk-in
4016,2354,2024-06-15,2024-06-15,Adult,1,124.13,Walk-in
4017,2354,2024-12-22,2024-12-23,Child,6,440.96,Walk-in
4018,2355,2024-04-13,2024-04-15,Child,1,70.9,Walk-in
4019,2356,2024-04-21,2024-04-23,Child,6,416.1,Walk-in
4020,2356,2024-01-13,2024-01-14,Adult,3,349.95,Walk-in
4021,2356,2024-02-25,2024-02-25,Family,1,337.45,Walk-in
4022,2357,2024-06-11,2024-06-11,Group,1,283.09,Walk-in
4023,2357,2024-10-21,2024-10-23,Adult,6,719.26,Walk-in
4024,2357,2024-06-16,2024-06-16,Family,1,346.06,Walk-in
4025,2358,2024-01-07,2024-01-10,Adult,3,366.48,Walk-in
4026,2359,2024-08-13,2024-08-16,Family,1,357.66,Walk-in
4027,2360,2024-07-22,2024-07-23,Adult,3,357.83,Walk-in
4028,2361,2024-07-27,2024-07-27,Child,2,144.73,Online
4029,2361,2024-05-28,2024-05-30,Child,4,270.85,Walk-in
4030,2361,2024-03-08,2024-03-11,Child,3,214.13,Walk-in
4031,2362,2024-12-18,2024-12-21,Family,1,341.77,Walk-in
4032,2363,2024-10-12,2024-10-14,Family,1,355.25,Online
4033,2364,2024-11-23,2024-11-25,Adult,3,372.54,Walk-in
4034,2365,2024-07-09,2024-07-09,Group,1,287.95,Walk-in
4035,2365,2024-07-18,2024-07-21,Adult,3,373.4,Walk-in
4036,2366,2024-12-14,2024-12-17,Adult,3,363.48,Walk-in
4037,2367,2024-05-03,2024-05-05,Family,1,359.33,Walk-in
4038,2367,2024-04-20,2024-04-20,Family,1,355.02,Walk-in
4039,2368,2024-12-24,2024-12-24,Family,1,345.54,Walk-in
4040,2368,2024-07-08,2024-07-10,Family,1,344.52,Walk-in
4041,2368,2024-12-11,2024-12-14,Adult,3,376.34,Online
4042,2369,2024-12-05,2024-12-08,Child,1,70.92,Online
4043,2370,2024-09-01,2024-09-01,Adult,1,124.27,Walk-in
4044,2371,2024-02-02,2024-02-03,Family,1,352.97,Walk-in
4045,2371,2024-06-14,2024-06-14,Adult,6,739.11,Walk-in
4046,2371,2024-08-13,2024-08-15,Group,1,268.43,Walk-in
4047,2371,2024-12-17,2024-12-18,Family,1,348.17,Online
4048,2372,2024-06-03,2024-06-05,Family,1,348.96,Walk-in
4049,2373,2024-02-21,2024-02-24,Child,6,399.0,Walk-in
4050,2373,2024-10-14,2024-10-17,Family,1,362.55,Online
4051,2374,2024-07-05,2024-07-05,Family,1,357.42,Walk-in
4052,2375,2024-06-20,2024-06-22,Adult,6,728.56,Walk-in
4053,2376,2024-03-08,2024-03-09,Adult,2,241.78,Walk-in
4054,2376,2024-06-10,2024-06-10,Adult,4,488.66,Walk-in
4055,2376,2024-06-05,2024-06-05,Adult,3,344.42,Walk-in
4056,2377,2024-07-13,2024-07-13,Adult,3,358.24,Walk-in
4057,2378,2024-08-27,2024-08-27,Adult,6,737.33,Walk-in
4058,2379,2024-04-10,2024-04-12,Family,1,332.59,Walk-in
4059,2380,2024-04-04,2024-04-04,Group,1,286.9,Walk-in
4060,2381,2024-12-08,2024-12-11,Child,3,220.33,Walk-in
4061,2382,2024-10-23,2024-10-26,Child,4,279.41,Walk-in
4062,2383,2024-02-07,2024-02-09,Adult,6,697.53,Walk-in
4063,2383,2024-07-07,2024-07-09,Group,1,293.17,Online
4064,2383,2024-07-03,2024-07-05,Adult,5,626.14,Online
4065,2383,2024-06-06,2024-06-06,Child,5,343.98,Walk-in
4066,2384,2024-11-02,2024-11-04,Family,1,356.21,Online
4067,2385,2024-12-18,2024-12-21,Adult,5,620.37,Online
4068,2386,2024-03-15,2024-03-17,Family,1,338.72,Walk-in
4069,2387,2024-12-04,2024-12-05,Adult,5,575.5,Online
4070,2387,2024-10-24,2024-10-24,Group,1,292.89,Walk-in
4071,2388,2024-04-13,2024-04-14,Adult,6,727.68,Walk-in
4072,2389,2024-05-06,2024-05-06,Family,1,363.17,Walk-in
4073,2389,2024-10-08,2024-10-08,Family,1,358.24,Walk-in
4074,2389,2024-02-11,2024-02-12,Child,2,137.13,Online
4075,2389,2024-05-13,2024-05-13,Adult,1,117.99,Walk-in
4076,2390,2024-06-28,2024-06-28,Group,1,274.98,Walk-in
4077,2391,2024-01-10,2024-01-12,Adult,4,481.58,Walk-in
4078,2392,2024-02-02,2024-02-05,Adult,5,588.18,Walk-in
4079,2393,2024-05-14,2024-05-17,Adult,3,353.72,Walk-in
4080,2394,2024-03-18,2024-03-19,Child,1,67.49,Walk-in
4081,2395,2024-12-20,2024-12-22,Adult,1,119.0,Walk-in
4082,2396,2024-12-24,2024-12-24,Adult,1,125.01,Online
4083,2396,2024-12-13,2024-12-13,Adult,6,736.32,Walk-in
4084,2397,2024-03-09,2024-03-10,Family,1,336.82,Walk-in
4085,2398,2024-06-17,2024-06-18,Adult,1,121.59,Walk-in
4086,2399,2024-12-13,2024-12-14,Family,1,345.84,Walk-in
4087,2400,2024-10-05,2024-10-05,Child,6,410.38,Walk-in
4088,2400,2024-12-03,2024-12-03,Adult,5,583.82,Walk-in
4089,2401,2024-09-21,2024-09-23,Child,2,140.72,Walk-in
4090,2402,2024-10-06,2024-10-07,Adult,6,731.59,Online
4091,2403,2024-04-11,2024-04-14,Family,1,341.39,Walk-in
4092,2404,2024-07-04,2024-07-05,Child,1,68.57,Walk-in
4093,2404,2024-10-02,2024-10-04,Family,1,350.41,Online
4094,2405,2024-09-23,2024-09-24,Group,1,292.54,Walk-in
4095,2406,2024-11-02,2024-11-04,Child,2,144.08,Online
4096,2407,2024-04-14,2024-04-16,Family,1,363.52,Walk-in
4097,2407,2024-12-13,2024-12-15,Adult,5,571.4,Online
4098,2408,2024-09-24,2024-09-26,Child,6,409.9,Walk-in
4099,2408,2024-12-11,2024-12-13,Child,2,136.09,Walk-in
4100,2409,2024-07-17,2024-07-20,Family,1,345.83,Walk-in
4101,2410,2024-12-20,2024-12-21,Adult,4,487.63,Walk-in
4102,2410,2024-09-05,2024-09-05,Family,1,367.23,Online
4103,2411,2024-12-18,2024-12-21,Adult,3,359.35,Walk-in
4104,2412,2024-09-15,2024-09-15,Family,1,354.04,Walk-in
4105,2413,2024-01-11,2024-01-11,Family,1,358.06,Walk-in
4106,2414,2024-07-26,2024-07-28,Family,1,352.1,Online
4107,2415,2024-08-10,2024-08-10,Child,1,68.32,Online
4108,2416,2024-10-12,2024-10-13,Adult,2,241.46,Walk-in
4109,2416,2024-12-24,2024-12-27,Child,6,401.36,Walk-in
4110,2416,2024-10-05,2024-10-08,Child,5,341.45,Walk-in
4111,2417,2024-07-27,2024-07-30,Family,1,344.11,Walk-in
4112,2418,2024-03-06,2024-03-08,Family,1,365.37,Walk-in
4113,2419,2024-04-06,2024-04-07,Family,1,364.04,Walk-in
4114,2420,2024-03-07,2024-03-08,Adult,2,229.0,Walk-in
4115,2420,2024-07-14,2024-07-16,Family,1,361.61,Walk-in
4116,2420,2024-06-16,2024-06-16,Child,4,273.8,Walk-in
4117,2421,2024-04-09,2024-04-11,Child,5,349.12,Walk-in
4118,2422,2024-04-21,2024-04-22,Adult,4,471.47,Walk-in
4119,2423,2024-10-11,2024-10-12,Group,1,285.6,Walk-in
4120,2424,2024-07-15,2024-07-17,Adult,6,688.63,Walk-in
4121,2425,2024-12-13,2024-12-14,Child,3,215.47,Online
4122,2425,2024-09-26,2024-09-29,Child,3,204.2,Walk-in
4123,2425,2024-06-11,2024-06-11,Family,1,359.75,Walk-in
4124,2425,2024-12-20,2024-12-23,Child,5,347.44,Online
4125,2426,2024-01-26,2024-01-26,Child,2,137.91,Walk-in
4126,2426,2024-04-27,2024-04-27,Adult,2,248.09,Walk-in
4127,2426,2024-10-19,2024-10-22,Family,1,337.93,Online
4128,2426,2024-03-17,2024-03-19,Family,1,360.22,Walk-in
4129,2427,2024-10-20,2024-10-21,Child,4,281.49,Walk-in
4130,2428,2024-07-09,2024-07-12,Family,1,334.23,Walk-in
4131,2428,2024-09-17,2024-09-17,Adult,2,232.72,Walk-in
4132,2428,2024-01-27,2024-01-29,Family,1,347.85,Walk-in
4133,2428,2024-11-17,2024-11-20,Child,6,419.41,Online
4134,2429,2024-05-09,2024-05-12,Family,1,344.58,Walk-in
4135,2430,2024-12-02,2024-12-05,Child,3,219.06,Online
4136,2430,2024-06-23,2024-06-24,Child,1,70.9,Walk-in
4137,2431,2024-06-23,2024-06-25,Child,1,67.25,Walk-in
4138,2432,2024-10-27,2024-10-29,Child,6,425.31,Walk-in
4139,2433,2024-11-12,2024-11-12,Adult,1,124.55,Online
4140,2434,2024-12-24,2024-12-25,Child,1,71.22,Walk-in
4141,2435,2024-12-18,2024-12-19,Adult,2,237.27,Walk-in
4142,2436,2024-04-20,2024-04-22,Adult,6,720.86,Walk-in
4143,2437,2024-06-15,2024-06-15,Family,1,361.55,Walk-in
4144,2438,2024-10-19,2024-10-19,Child,1,69.69,Walk-in
4145,2438,2024-02-19,2024-02-21,Adult,3,363.74,Walk-in
4146,2439,2024-04-04,2024-04-07,Group,1,283.36,Walk-in
4147,2440,2024-10-25,2024-10-26,Child,6,413.13,Walk-in
4148,2441,2024-04-15,2024-04-18,Adult,3,362.96,Walk-in
4149,2441,2024-01-11,2024-01-13,Family,1,341.72,Walk-in
4150,2441,2024-04-27,2024-04-29,Adult,4,481.78,Walk-in
4151,2441,2024-02-28,2024-03-02,Family,1,338.62,Walk-in
4152,2442,2024-01-19,2024-01-21,Family,1,362.55,Walk-in
4153,2443,2024-06-23,2024-06-24,Adult,1,118.15,Walk-in
4154,2444,2024-07-04,2024-07-04,Family,1,336.34,Online
4155,2445,2024-09-15,2024-09-18,Family,1,359.33,Walk-in
4156,2445,2024-04-22,2024-04-22,Family,1,355.57,Walk-in
4157,2446,2024-07-06,2024-07-08,Group,1,279.11,Walk-in
4158,2447,2024-06-04,2024-06-05,Adult,6,753.58,Walk-in
4159,2448,2024-05-13,2024-05-15,Family,1,345.59,Walk-in
4160,2448,2024-09-05,2024-09-06,Family,1,351.27,Online
4161,2449,2024-06-01,2024-06-03,Child,5,343.05,Walk-in
4162,2449,2024-12-04,2024-12-07,Child,2,144.02,Online
4163,2449,2024-10-09,2024-10-09,Family,1,346.87,Walk-in
4164,2450,2024-10-21,2024-10-23,Child,3,199.88,Walk-in
4165,2451,2024-06-19,2024-06-22,Child,1,68.28,Online
4166,2452,2024-09-16,2024-09-17,Group,1,269.49,Walk-in
4167,2453,2024-05-11,2024-05-11,Child,2,139.99,Walk-in
4168,2453,2024-10-13,2024-10-13,Adult,1,116.29,Online
4169,2454,2024-02-03,2024-02-06,Adult,6,686.25,Walk-in
4170,2455,2024-10-15,2024-10-15,Group,1,278.88,Online
4171,2456,2024-04-02,2024-04-05,Child,6,424.09,Walk-in
4172,2456,2024-05-22,2024-05-22,Adult,6,695.24,Walk-in
4173,2456,2024-06-26,2024-06-27,Family,1,359.47,Walk-in
4174,2457,2024-06-13,2024-06-14,Adult,2,246.97,Walk-in
4175,2458,2024-04-22,2024-04-24,Family,1,353.3,Walk-in
4176,2459,2024-01-05,2024-01-06,Child,2,136.78,Walk-in
4177,2460,2024-04-26,2024-04-28,Family,1,358.86,Walk-in
4178,2461,2024-02-07,2024-02-07,Child,3,202.96,Walk-in
4179,2462,2024-12-08,2024-12-11,Child,6,437.76,Walk-in
4180,2463,2024-10-24,2024-10-27,Child,1,73.15,Walk-in
4181,2464,2024-12-07,2024-12-07,Family,1,364.5,Walk-in
4182,2465,2024-04-12,2024-04-15,Family,1,352.13,Walk-in
4183,2465,2024-11-17,2024-11-18,Group,1,275.6,Online
4184,2465,2024-09-08,2024-09-11,Family,1,365.61,Walk-in
4185,2465,2024-11-05,2024-11-08,Child,5,336.13,Online
4186,2466,2024-09-07,2024-09-08,Adult,6,731.35,Walk-in
4187,2467,2024-03-13,2024-03-13,Group,1,282.4,Walk-in
4188,2467,2024-07-26,2024-07-27,Family,1,360.85,Online
4189,2467,2024-06-25,2024-06-27,Child,3,212.71,Walk-in
4190,2467,2024-12-23,2024-12-24,Adult,6,742.97,Walk-in
4191,2468,2024-12-04,2024-12-04,Family,1,356.56,Walk-in
4192,2469,2024-10-23,2024-10-25,Adult,4,500.23,Walk-in
4193,2469,2024-12-22,2024-12-24,Adult,2,241.26,Walk-in
4194,2469,2024-07-23,2024-07-24,Child,6,417.01,Walk-in
4195,2470,2024-02-25,2024-02-27,Family,1,365.37,Walk-in
4196,2470,2024-09-06,2024-09-06,Group,1,273.31,Walk-in
4197,2471,2024-04-11,2024-04-13,Group,1,291.18,Walk-in
4198,2472,2024-07-18,2024-07-19,Group,1,266.32,Walk-in
4199,2472,2024-07-25,2024-07-28,Group,1,279.12,Walk-in
4200,2473,2024-10-01,2024-10-04,Family,1,349.41,Walk-in
4201,2473,2024-07-25,2024-07-28,Adult,6,727.47,Walk-in
4202,2473,2024-06-16,2024-06-16,Child,2,146.42,Walk-in
4203,2474,2024-01-18,2024-01-21,Child,6,411.59,Walk-in
4204,2475,2024-11-08,2024-11-08,Adult,6,695.65,Online
4205,2476,2024-09-26,2024-09-29,Adult,4,478.43,Walk-in
4206,2477,2024-09-13,2024-09-13,Adult,6,738.2,Walk-in
4207,2477,2024-01-26,2024-01-28,Family,1,352.42,Online
4208,2478,2024-10-25,2024-10-28,Child,2,137.18,Walk-in
4209,2478,2024-09-04,2024-09-07,Family,1,336.82,Walk-in
4210,2479,2024-12-18,2024-12-18,Adult,5,578.53,Walk-in
4211,2479,2024-12-15,2024-12-17,Adult,3,375.2,Walk-in
4212,2480,2024-04-13,2024-04-14,Family,1,344.43,Walk-in
4213,2481,2024-11-05,2024-11-06,Adult,5,614.1,Online
4214,2481,2024-08-17,2024-08-20,Adult,3,360.52,Walk-in
4215,2482,2024-11-20,2024-11-21,Adult,3,361.63,Online
4216,2483,2024-11-07,2024-11-07,Adult,3,358.15,Online
4217,2484,2024-05-03,2024-05-06,Adult,3,355.59,Walk-in
4218,2485,2024-10-12,2024-10-12,Adult,2,245.63,Walk-in
4219,2486,2024-12-25,2024-12-25,Adult,5,584.67,Walk-in
4220,2487,2024-06-17,2024-06-20,Child,1,73.02,Walk-in
4221,2488,2024-10-20,2024-10-23,Adult,4,459.91,Walk-in
4222,2489,2024-01-02,2024-01-04,Child,4,291.41,Walk-in
4223,2490,2024-05-05,2024-05-07,Group,1,285.56,Walk-in
4224,2491,2024-02-13,2024-02-15,Child,2,143.65,Walk-in
4225,2492,2024-08-07,2024-08-08,Child,5,341.56,Online
4226,2493,2024-07-27,2024-07-30,Child,6,417.29,Walk-in
4227,2494,2024-06-08,2024-06-10,Adult,6,744.68,Walk-in
4228,2495,2024-11-15,2024-11-16,Family,1,354.87,Walk-in
4229,2496,2024-04-08,2024-04-09,Adult,5,617.47,Walk-in
4230,2497,2024-10-15,2024-10-17,Group,1,293.54,Online
4231,2498,2024-04-28,2024-04-30,Adult,1,117.63,Walk-in
4232,2499,2024-07-02,2024-07-04,Family,1,366.91,Online
4233,2500,2024-04-04,2024-04-04,Group,1,276.84,Walk-in
4234,2500,2024-11-06,2024-11-09,Adult,5,616.77,Walk-in
4235,2501,2024-12-27,2024-12-29,Family,1,346.97,Walk-in
4236,2502,2024-02-16,2024-02-19,Adult,4,473.38,Walk-in
4237,2503,2024-06-11,2024-06-14,Adult,5,617.41,Walk-in
4238,2504,2024-06-19,2024-06-20,Adult,3,351.66,Online
4239,2505,2024-01-07,2024-01-07,Child,3,219.59,Walk-in
4240,2506,2024-12-24,2024-12-27,Adult,4,474.19,Walk-in
4241,2507,2024-08-28,2024-08-31,Adult,5,577.93,Walk-in
4242,2508,2024-07-02,2024-07-05,Family,1,363.66,Walk-in
4243,2509,2024-06-02,2024-06-03,Child,4,270.04,Walk-in
4244,2510,2024-07-06,2024-07-09,Adult,1,114.66,Walk-in
4245,2510,2024-04-12,2024-04-12,Adult,5,595.17,Walk-in
4246,2511,2024-11-14,2024-11-15,Adult,2,233.56,Walk-in
4247,2511,2024-10-02,2024-10-03,Adult,5,625.74,Walk-in
4248,2512,2024-06-26,2024-06-29,Family,1,363.64,Walk-in
4249,2512,2024-12-13,2024-12-15,Family,1,356.3,Walk-in
4250,2513,2024-09-21,2024-09-22,Adult,4,481.81,Walk-in
4251,2513,2024-10-20,2024-10-22,Adult,5,590.62,Walk-in
4252,2513,2024-11-02,2024-11-05,Family,1,341.77,Walk-in
4253,2513,2024-11-11,2024-11-13,Child,3,204.65,Walk-in
4254,2514,2024-08-25,2024-08-25,Adult,3,354.6,Walk-in
4255,2515,2024-03-26,2024-03-26,Adult,4,475.69,Online
4256,2516,2024-12-12,2024-12-14,Family,1,349.29,Online
4257,2517,2024-12-18,2024-12-21,Child,1,71.25,Walk-in
4258,2518,2024-10-05,2024-10-06,Adult,1,125.0,Walk-in
4259,2518,2024-12-20,2024-12-22,Child,4,291.83,Online
4260,2518,2024-10-22,2024-10-23,Child,4,281.84,Online
4261,2519,2024-03-17,2024-03-20,Adult,6,689.49,Walk-in
4262,2520,2024-11-19,2024-11-21,Family,1,338.58,Online
4263,2520,2024-07-22,2024-07-25,Adult,1,119.13,Walk-in
4264,2520,2024-10-18,2024-10-18,Child,1,68.77,Walk-in
4265,2521,2024-04-16,2024-04-18,Adult,1,115.8,Walk-in
4266,2522,2024-09-24,2024-09-24,Adult,4,473.32,Walk-in
4267,2522,2024-04-13,2024-04-15,Child,5,337.31,Walk-in
4268,2522,2024-02-28,2024-03-01,Child,2,145.24,Walk-in
4269,2523,2024-10-25,2024-10-25,Adult,4,488.69,Walk-in
4270,2524,2024-04-06,2024-04-06,Adult,6,712.67,Walk-in
4271,2525,2024-12-11,2024-12-13,Family,1,365.12,Online
4272,2526,2024-04-19,2024-04-21,Child,4,269.97,Walk-in
4273,2527,2024-08-13,2024-08-13,Child,1,72.55,Walk-in
4274,2528,2024-12-05,2024-12-06,Adult,4,459.62,Online
4275,2529,2024-07-17,2024-07-17,Child,4,266.2,Walk-in
4276,2529,2024-10-19,2024-10-22,Child,4,284.74,Walk-in
4277,2530,2024-03-03,2024-03-04,Adult,5,579.28,Walk-in
4278,2531,2024-06-08,2024-06-09,Family,1,366.43,Walk-in
4279,2532,2024-01-09,2024-01-10,Family,1,352.99,Walk-in
4280,2533,2024-08-04,2024-08-06,Child,6,437.16,Online
4281,2533,2024-11-03,2024-11-06,Family,1,360.57,Walk-in
4282,2534,2024-02-20,2024-02-21,Group,1,291.31,Walk-in
4283,2535,2024-11-15,2024-11-17,Family,1,336.37,Online
4284,2536,2024-05-06,2024-05-08,Child,4,289.15,Walk-in
4285,2537,2024-03-05,2024-03-07,Child,5,364.9,Walk-in
4286,2538,2024-02-10,2024-02-13,Family,1,340.75,Walk-in
4287,2539,2024-07-26,2024-07-29,Child,3,205.74,Walk-in
4288,2540,2024-04-11,2024-04-13,Child,4,280.53,Walk-in
4289,2541,2024-12-13,2024-12-15,Child,3,218.48,Online
4290,2541,2024-12-08,2024-12-08,Family,1,353.97,Walk-in
4291,2542,2024-10-08,2024-10-10,Group,1,284.12,Walk-in
4292,2543,2024-03-16,2024-03-19,Group,1,283.54,Walk-in
4293,2544,2024-08-01,2024-08-01,Child,3,209.64,Walk-in
4294,2545,2024-03-06,2024-03-09,Adult,6,744.0,Walk-in
4295,2545,2024-04-05,2024-04-05,Adult,5,583.86,Walk-in
4296,2545,2024-02-09,2024-02-09,Group,1,285.01,Walk-in
4297,2545,2024-04-23,2024-04-23,Family,1,338.95,Walk-in
4298,2546,2024-05-03,2024-05-05,Child,3,208.34,Online
4299,2547,2024-01-01,2024-01-01,Child,2,145.86,Walk-in
4300,2547,2024-04-11,2024-04-13,Child,3,202.94,Walk-in
4301,2548,2024-09-27,2024-09-29,Child,6,416.45,Walk-in
4302,2549,2024-10-26,2024-10-26,Group,1,272.98,Walk-in
4303,2550,2024-10-06,2024-10-09,Family,1,338.22,Walk-in
4304,2551,2024-10-08,2024-10-11,Adult,1,122.64,Walk-in
4305,2551,2024-08-19,2024-08-19,Family,1,354.77,Walk-in
4306,2551,2024-11-14,2024-11-14,Family,1,355.07,Walk-in
4307,2551,2024-07-16,2024-07-17,Family,1,357.2,Walk-in
4308,2552,2024-09-02,2024-09-04,Adult,2,231.0,Walk-in
4309,2553,2024-08-24,2024-08-24,Family,1,348.0,Walk-in
4310,2553,2024-12-19,2024-12-20,Child,3,219.58,Walk-in
4311,2554,2024-06-01,2024-06-03,Adult,2,245.74,Walk-in
4312,2554,2024-12-26,2024-12-28,Adult,4,482.78,Walk-in
4313,2554,2024-07-08,2024-07-08,Family,1,341.12,Online
4314,2555,2024-04-11,2024-04-12,Child,6,407.74,Walk-in
4315,2556,2024-04-10,2024-04-10,Family,1,337.84,Walk-in
4316,2557,2024-12-01,2024-12-03,Adult,4,463.55,Walk-in
4317,2558,2024-06-11,2024-06-11,Adult,2,233.96,Walk-in
4318,2559,2024-02-01,2024-02-04,Family,1,345.3,Walk-in
4319,2559,2024-07-16,2024-07-16,Family,1,365.96,Walk-in
4320,2560,2024-12-02,2024-12-04,Adult,6,742.88,Walk-in
4321,2560,2024-12-13,2024-12-15,Adult,5,607.24,Walk-in
4322,2560,2024-06-03,2024-06-04,Adult,5,618.05,Walk-in
4323,2561,2024-07-17,2024-07-17,Child,2,144.51,Online
4324,2562,2024-12-01,2024-12-03,Family,1,340.31,Walk-in
4325,2563,2024-09-09,2024-09-09,Child,4,269.08,Walk-in
4326,2563,2024-12-11,2024-12-13,Child,1,72.76,Walk-in
4327,2564,2024-11-06,2024-11-07,Group,1,277.47,Walk-in
4328,2565,2024-10-04,2024-10-07,Adult,1,122.06,Online
4329,2565,2024-09-23,2024-09-26,Adult,2,228.22,Online
4330,2566,2024-07-03,2024-07-05,Adult,2,229.31,Walk-in
4331,2567,2024-09-17,2024-09-19,Family,1,347.2,Walk-in
4332,2568,2024-12-10,2024-12-11,Family,1,356.75,Walk-in
4333,2569,2024-12-17,2024-12-17,Family,1,353.25,Walk-in
4334,2570,2024-02-10,2024-02-13,Family,1,362.24,Walk-in
4335,2571,2024-08-16,2024-08-16,Child,2,133.54,Online
4336,2572,2024-12-22,2024-12-22,Adult,2,241.32,Walk-in
4337,2573,2024-12-16,2024-12-18,Adult,6,709.43,Walk-in
4338,2573,2024-08-12,2024-08-12,Family,1,345.86,Online
4339,2574,2024-10-18,2024-10-19,Adult,2,240.58,Walk-in
4340,2574,2024-12-23,2024-12-26,Adult,1,122.69,Online
4341,2575,2024-03-22,2024-03-24,Child,6,407.11,Walk-in
4342,2576,2024-06-01,2024-06-04,Child,6,429.43,Walk-in
4343,2577,2024-12-08,2024-12-08,Family,1,353.63,Online
4344,2578,2024-07-20,2024-07-22,Adult,3,354.48,Walk-in
4345,2579,2024-07-14,2024-07-17,Family,1,341.61,Walk-in
4346,2580,2024-08-14,2024-08-17,Child,6,416.55,Walk-in
4347,2581,2024-12-11,2024-12-14,Family,1,335.44,Walk-in
4348,2582,2024-07-12,2024-07-14,Family,1,339.75,Walk-in
4349,2583,2024-12-03,2024-12-03,Group,1,284.36,Walk-in
4350,2584,2024-12-01,2024-12-01,Adult,5,620.09,Walk-in
4351,2585,2024-06-26,2024-06-27,Adult,4,489.77,Walk-in
4352,2585,2024-04-22,2024-04-23,Adult,4,489.0,Walk-in
4353,2585,2024-08-06,2024-08-09,Adult,3,361.71,Walk-in
4354,2585,2024-01-04,2024-01-05,Adult,1,115.66,Walk-in
4355,2586,2024-11-11,2024-11-13,Adult,1,125.96,Walk-in
4356,2587,2024-12-17,2024-12-17,Family,1,353.02,Walk-in
4357,2588,2024-04-28,2024-05-01,Child,4,272.63,Walk-in
4358,2589,2024-03-13,2024-03-13,Adult,1,116.43,Walk-in
4359,2590,2024-05-17,2024-05-18,Family,1,334.58,Walk-in
4360,2590,2024-02-08,2024-02-10,Adult,3,364.26,Walk-in
4361,2591,2024-01-23,2024-01-25,Adult,5,603.98,Walk-in
4362,2592,2024-05-09,2024-05-12,Family,1,337.84,Walk-in
4363,2592,2024-10-12,2024-10-12,Child,4,270.39,Walk-in
4364,2592,2024-07-11,2024-07-14,Adult,2,231.06,Walk-in
4365,2592,2024-04-10,2024-04-10,Adult,6,717.7,Walk-in
4366,2593,2024-12-04,2024-12-05,Adult,6,710.57,Walk-in
4367,2594,2024-01-09,2024-01-09,Group,1,289.82,Walk-in
4368,2595,2024-12-01,2024-12-03,Adult,4,476.71,Walk-in
4369,2595,2024-11-28,2024-11-29,Adult,2,239.71,Walk-in
4370,2596,2024-10-16,2024-10-16,Child,4,288.39,Walk-in
4371,2597,2024-05-16,2024-05-19,Child,5,360.86,Walk-in
4372,2598,2024-05-10,2024-05-11,Adult,2,247.18,Walk-in
4373,2599,2024-08-09,2024-08-12,Adult,1,116.93,Walk-in
4374,2600,2024-07-10,2024-07-12,Adult,1,124.05,Online
4375,2600,2024-12-02,2024-12-03,Adult,4,486.3,Online
4376,2600,2024-12-26,2024-12-26,Child,2,142.37,Walk-in
4377,2601,2024-06-01,2024-06-03,Child,1,72.61,Walk-in
4378,2602,2024-10-27,2024-10-27,Family,1,360.65,Walk-in
4379,2603,2024-10-28,2024-10-31,Group,1,284.94,Walk-in
4380,2604,2024-05-16,2024-05-19,Child,6,431.64,Walk-in
4381,2605,2024-12-08,2024-12-10,Adult,1,116.38,Walk-in
4382,2606,2024-02-28,2024-02-28,Adult,3,375.18,Walk-in
4383,2607,2024-04-11,2024-04-11,Child,5,355.9,Walk-in
4384,2608,2024-07-17,2024-07-19,Child,5,358.57,Online
4385,2608,2024-11-13,2024-11-16,Adult,6,742.86,Walk-in
4386,2609,2024-04-01,2024-04-02,Adult,3,369.47,Walk-in
4387,2610,2024-05-05,2024-05-06,Child,6,440.02,Walk-in
4388,2611,2024-11-15,2024-11-17,Adult,2,248.59,Online
4389,2611,2024-04-20,2024-04-23,Adult,2,233.93,Walk-in
4390,2611,2024-04-24,2024-04-26,Adult,6,713.13,Walk-in
4391,2612,2024-01-13,2024-01-13,Adult,4,492.44,Walk-in
4392,2613,2024-04-03,2024-04-03,Adult,4,467.59,Walk-in
4393,2614,2024-01-01,2024-01-04,Child,3,208.05,Walk-in
4394,2615,2024-05-13,2024-05-13,Adult,3,342.77,Walk-in
4395,2616,2024-05-17,2024-05-20,Child,3,217.91,Walk-in
4396,2617,2024-09-19,2024-09-21,Child,5,334.93,Walk-in
4397,2617,2024-09-13,2024-09-13,Adult,1,125.06,Walk-in
4398,2617,2024-07-25,2024-07-25,Child,2,142.15,Walk-in
4399,2617,2024-12-20,2024-12-21,Family,1,361.06,Online
4400,2618,2024-07-04,2024-07-04,Group,1,268.07,Walk-in
4401,2619,2024-10-14,2024-10-14,Group,1,273.78,Walk-in
4402,2620,2024-12-09,2024-12-11,Adult,3,354.03,Walk-in
4403,2620,2024-07-08,2024-07-09,Adult,6,721.37,Walk-in
4404,2621,2024-10-23,2024-10-25,Adult,2,233.49,Online
4405,2622,2024-07-22,2024-07-22,Family,1,357.94,Walk-in
4406,2623,2024-12-25,2024-12-25,Adult,6,741.38,Walk-in
4407,2624,2024-06-13,2024-06-15,Adult,4,490.45,Online
4408,2624,2024-09-21,2024-09-24,Adult,4,466.39,Walk-in
4409,2624,2024-05-14,2024-05-15,Adult,4,490.45,Walk-in
4410,2624,2024-12-26,2024-12-28,Family,1,345.66,Walk-in
4411,2625,2024-09-27,2024-09-28,Family,1,355.56,Walk-in
4412,2626,2024-07-03,2024-07-05,Family,1,367.19,Online
4413,2627,2024-04-07,2024-04-07,Family,1,349.36,Walk-in
4414,2628,2024-07-02,2024-07-05,Adult,3,362.13,Walk-in
4415,2629,2024-12-27,2024-12-29,Child,2,134.66,Walk-in
4416,2630,2024-06-11,2024-06-11,Adult,5,603.44,Walk-in
4417,2631,2024-12-25,2024-12-27,Adult,4,466.01,Walk-in
4418,2631,2024-10-15,2024-10-15,Adult,3,365.85,Walk-in
4419,2632,2024-05-16,2024-05-16,Family,1,340.58,Walk-in
4420,2633,2024-04-05,2024-04-08,Family,1,366.88,Walk-in
4421,2634,2024-12-13,2024-12-14,Adult,2,242.5,Online
4422,2634,2024-01-01,2024-01-02,Adult,1,114.09,Walk-in
4423,2635,2024-10-26,2024-10-26,Family,1,358.74,Walk-in
4424,2635,2024-05-03,2024-05-06,Adult,5,597.58,Walk-in
4425,2635,2024-10-25,2024-10-25,Adult,1,124.26,Walk-in
4426,2636,2024-09-18,2024-09-19,Family,1,339.26,Online
4427,2637,2024-09-13,2024-09-13,Family,1,356.53,Online
4428,2638,2024-10-18,2024-10-21,Child,2,142.43,Walk-in
4429,2639,2024-02-22,2024-02-24,Child,4,284.94,Walk-in
4430,2639,2024-07-21,2024-07-22,Child,4,289.97,Online
4431,2639,2024-12-24,2024-12-27,Adult,2,231.03,Walk-in
4432,2639,2024-12-18,2024-12-19,Family,1,333.23,Walk-in
4433,2640,2024-02-24,2024-02-27,Family,1,336.75,Walk-in
4434,2640,2024-09-21,2024-09-22,Family,1,337.94,Walk-in
4435,2640,2024-10-23,2024-10-26,Child,4,280.19,Walk-in
4436,2641,2024-09-19,2024-09-19,Child,4,278.17,Walk-in
4437,2642,2024-04-08,2024-04-08,Family,1,358.2,Walk-in
4438,2642,2024-12-05,2024-12-06,Family,1,354.73,Walk-in
4439,2643,2024-07-04,2024-07-05,Adult,5,584.42,Walk-in
4440,2644,2024-09-20,2024-09-22,Family,1,338.29,Walk-in
4441,2645,2024-04-20,2024-04-23,Family,1,341.53,Walk-in
4442,2646,2024-04-08,2024-04-11,Family,1,358.04,Walk-in
4443,2646,2024-03-04,2024-03-04,Adult,2,233.3,Walk-in
4444,2647,2024-01-23,2024-01-23,Adult,4,478.99,Walk-in
4445,2648,2024-05-12,2024-05-12,Family,1,364.34,Walk-in
4446,2648,2024-03-16,2024-03-19,Group,1,267.46,Walk-in
4447,2649,2024-08-23,2024-08-24,Adult,6,703.18,Walk-in
4448,2649,2024-04-06,2024-04-06,Child,6,439.6,Walk-in
4449,2650,2024-01-05,2024-01-06,Adult,3,344.61,Walk-in
4450,2650,2024-04-11,2024-04-13,Family,1,353.13,Online
4451,2651,2024-07-08,2024-07-11,Group,1,288.31,Walk-in
4452,2652,2024-11-16,2024-11-18,Family,1,334.86,Online
4453,2653,2024-11-09,2024-11-12,Adult,1,114.88,Walk-in
4454,2654,2024-04-13,2024-04-16,Adult,6,721.99,Walk-in
4455,2655,2024-06-21,2024-06-24,Family,1,336.14,Walk-in
4456,2656,2024-12-10,2024-12-11,Adult,1,123.56,Walk-in
4457,2656,2024-06-08,2024-06-08,Family,1,350.29,Walk-in
4458,2656,2024-12-21,2024-12-23,Group,1,281.64,Walk-in
4459,2657,2024-04-27,2024-04-28,Family,1,333.88,Walk-in
4460,2658,2024-10-17,2024-10-18,Adult,6,715.78,Walk-in
4461,2659,2024-12-25,2024-12-27,Child,2,135.57,Walk-in
4462,2660,2024-01-20,2024-01-23,Family,1,351.76,Walk-in
4463,2661,2024-07-27,2024-07-27,Child,6,405.73,Walk-in
4464,2662,2024-06-07,2024-06-10,Adult,2,242.99,Walk-in
4465,2663,2024-06-03,2024-06-03,Adult,3,373.86,Walk-in
4466,2663,2024-03-10,2024-03-12,Family,1,337.01,Walk-in
4467,2663,2024-04-02,2024-04-02,Adult,1,125.95,Walk-in
4468,2664,2024-04-02,2024-04-03,Family,1,351.01,Walk-in
4469,2665,2024-12-22,2024-12-24,Family,1,363.2,Walk-in
4470,2665,2024-04-15,2024-04-17,Family,1,352.6,Online
4471,2665,2024-10-05,2024-10-05,Family,1,336.42,Walk-in
4472,2665,2024-06-04,2024-06-07,Family,1,359.96,Walk-in
4473,2666,2024-11-16,2024-11-18,Adult,2,248.6,Walk-in
4474,2666,2024-04-09,2024-04-09,Group,1,276.91,Walk-in
4475,2667,2024-04-15,2024-04-15,Adult,5,587.24,Walk-in
4476,2668,2024-06-01,2024-06-01,Adult,6,690.84,Walk-in
4477,2668,2024-03-14,2024-03-15,Child,5,337.04,Walk-in
4478,2668,2024-06-11,2024-06-11,Family,1,366.25,Walk-in
4479,2669,2024-08-23,2024-08-26,Adult,6,739.64,Walk-in
4480,2670,2024-11-23,2024-11-25,Adult,6,701.61,Walk-in
4481,2670,2024-09-18,2024-09-18,Adult,5,581.59,Walk-in
4482,2671,2024-07-10,2024-07-11,Adult,3,368.65,Online
4483,2672,2024-12-10,2024-12-13,Group,1,270.88,Walk-in
4484,2672,2024-12-07,2024-12-09,Adult,1,115.04,Online
4485,2672,2024-10-27,2024-10-29,Adult,6,715.35,Walk-in
4486,2673,2024-07-18,2024-07-19,Child,2,134.15,Walk-in
4487,2673,2024-07-01,2024-07-02,Adult,3,370.88,Walk-in
4488,2674,2024-11-01,2024-11-04,Adult,5,595.91,Online
4489,2674,2024-11-10,2024-11-11,Adult,2,236.83,Walk-in
4490,2675,2024-12-25,2024-12-27,Family,1,345.26,Online
4491,2675,2024-01-24,2024-01-26,Child,4,274.99,Walk-in
4492,2676,2024-09-28,2024-09-28,Adult,2,246.85,Online
4493,2677,2024-11-08,2024-11-08,Family,1,359.05,Walk-in
4494,2678,2024-12-15,2024-12-17,Adult,6,691.49,Online
4495,2679,2024-01-19,2024-01-21,Group,1,281.97,Walk-in
4496,2680,2024-01-25,2024-01-25,Family,1,355.58,Online
4497,2681,2024-04-25,2024-04-26,Adult,6,721.56,Walk-in
4498,2682,2024-02-17,2024-02-18,Adult,4,488.68,Walk-in
4499,2682,2024-09-21,2024-09-22,Adult,4,469.48,Online
4500,2682,2024-10-24,2024-10-25,Family,1,352.53,Online
4501,2682,2024-07-28,2024-07-29,Child,6,437.07,Walk-in
4502,2683,2024-06-02,2024-06-03,Adult,6,718.97,Walk-in
4503,2684,2024-07-12,2024-07-13,Child,6,425.99,Online
4504,2684,2024-12-17,2024-12-20,Child,1,70.32,Online
4505,2685,2024-10-19,2024-10-22,Adult,2,229.23,Online
4506,2686,2024-08-21,2024-08-21,Child,4,282.45,Walk-in
4507,2686,2024-12-28,2024-12-30,Family,1,343.44,Walk-in
4508,2687,2024-09-09,2024-09-11,Adult,1,119.42,Walk-in
4509,2687,2024-11-24,2024-11-27,Adult,6,739.53,Walk-in
4510,2687,2024-09-10,2024-09-13,Family,1,367.27,Walk-in
4511,2688,2024-06-26,2024-06-28,Adult,5,609.14,Walk-in
4512,2689,2024-12-17,2024-12-19,Group,1,283.83,Online
4513,2690,2024-10-15,2024-10-18,Adult,3,358.22,Online
4514,2690,2024-12-16,2024-12-18,Child,5,335.02,Walk-in
4515,2691,2024-05-27,2024-05-28,Group,1,284.96,Walk-in
4516,2692,2024-12-07,2024-12-07,Group,1,284.26,Walk-in
4517,2693,2024-09-15,2024-09-18,Group,1,268.63,Online
4518,2694,2024-09-07,2024-09-09,Family,1,354.97,Walk-in
4519,2695,2024-07-07,2024-07-10,Child,2,135.67,Walk-in
4520,2696,2024-07-10,2024-07-10,Adult,2,237.81,Walk-in
4521,2697,2024-06-18,2024-06-20,Family,1,334.01,Walk-in
4522,2698,2024-02-05,2024-02-08,Adult,2,239.01,Walk-in
4523,2699,2024-09-11,2024-09-11,Adult,4,463.48,Walk-in
4524,2699,2024-01-05,2024-01-06,Adult,4,479.39,Walk-in
4525,2699,2024-11-11,2024-11-11,Child,6,413.99,Walk-in
4526,2699,2024-10-02,2024-10-03,Adult,4,461.45,Walk-in
4527,2700,2024-04-10,2024-04-12,Group,1,288.2,Walk-in
4528,2701,2024-11-26,2024-11-29,Adult,2,230.59,Walk-in
4529,2701,2024-12-20,2024-12-20,Group,1,270.13,Walk-in
4530,2701,2024-10-01,2024-10-04,Adult,4,491.28,Walk-in
4531,2701,2024-03-28,2024-03-29,Group,1,281.15,Walk-in
4532,2702,2024-10-01,2024-10-03,Adult,3,357.09,Walk-in
4533,2703,2024-04-01,2024-04-03,Adult,3,371.21,Walk-in
4534,2704,2024-06-05,2024-06-08,Adult,3,357.43,Walk-in
4535,2705,2024-07-18,2024-07-20,Group,1,272.06,Walk-in
4536,2706,2024-07-28,2024-07-29,Child,5,334.66,Walk-in
4537,2707,2024-06-01,2024-06-02,Family,1,361.37,Walk-in
4538,2708,2024-06-22,2024-06-23,Group,1,277.87,Walk-in
4539,2709,2024-01-22,2024-01-23,Adult,5,596.65,Walk-in
4540,2710,2024-09-13,2024-09-13,Child,5,333.8,Walk-in
4541,2711,2024-12-01,2024-12-01,Group,1,284.99,Walk-in
4542,2712,2024-01-19,2024-01-20,Adult,5,571.99,Walk-in
4543,2713,2024-07-06,2024-07-06,Adult,6,689.32,Walk-in
4544,2713,2024-09-25,2024-09-26,Child,6,434.92,Walk-in
4545,2714,2024-08-19,2024-08-22,Family,1,353.83,Walk-in
4546,2715,2024-12-08,2024-12-08,Child,2,135.43,Walk-in
4547,2716,2024-12-18,2024-12-19,Family,1,350.38,Walk-in
4548,2716,2024-07-09,2024-07-10,Child,1,68.71,Walk-in
4549,2716,2024-05-24,2024-05-27,Family,1,363.67,Walk-in
4550,2716,2024-02-07,2024-02-08,Adult,6,721.34,Walk-in
4551,2717,2024-10-03,2024-10-04,Child,5,351.87,Online
4552,2718,2024-04-23,2024-04-26,Adult,5,589.44,Walk-in
4553,2719,2024-04-14,2024-04-14,Family,1,347.09,Walk-in
4554,2719,2024-01-14,2024-01-16,Child,6,425.36,Walk-in
4555,2719,2024-12-06,2024-12-08,Child,4,281.4,Walk-in
4556,2719,2024-07-18,2024-07-20,Adult,1,123.73,Walk-in
4557,2720,2024-04-11,2024-04-14,Child,1,73.46,Walk-in
4558,2721,2024-12-17,2024-12-20,Group,1,270.29,Walk-in
4559,2722,2024-06-02,2024-06-03,Child,2,145.51,Walk-in
4560,2723,2024-02-21,2024-02-24,Adult,4,457.29,Walk-in
4561,2724,2024-12-03,2024-12-06,Adult,4,490.97,Walk-in
4562,2725,2024-07-26,2024-07-27,Adult,6,712.9,Walk-in
4563,2726,2024-07-28,2024-07-30,Child,2,139.53,Walk-in
4564,2727,2024-12-06,2024-12-08,Adult,6,709.99,Online
4565,2728,2024-09-09,2024-09-09,Family,1,360.21,Walk-in
4566,2728,2024-09-20,2024-09-22,Child,5,347.9,Online
4567,2728,2024-03-01,2024-03-04,Child,1,69.07,Walk-in
4568,2728,2024-07-04,2024-07-04,Child,3,200.72,Walk-in
4569,2729,2024-06-18,2024-06-20,Family,1,353.4,Walk-in
4570,2729,2024-03-10,2024-03-13,Adult,1,117.93,Walk-in
4571,2730,2024-01-27,2024-01-27,Adult,4,458.45,Walk-in
4572,2731,2024-08-12,2024-08-12,Family,1,332.91,Walk-in
4573,2732,2024-06-10,2024-06-13,Adult,6,700.53,Walk-in
4574,2733,2024-04-03,2024-04-03,Group,1,270.82,Walk-in
4575,2734,2024-07-20,2024-07-23,Adult,4,488.37,Walk-in
4576,2735,2024-12-11,2024-12-12,Family,1,347.28,Walk-in
4577,2736,2024-10-15,2024-10-17,Adult,2,236.32,Walk-in
4578,2736,2024-09-20,2024-09-22,Family,1,338.3,Walk-in
4579,2736,2024-06-04,2024-06-06,Family,1,339.89,Walk-in
4580,2737,2024-12-26,2024-12-28,Adult,2,233.72,Online
4581,2738,2024-12-25,2024-12-26,Family,1,360.13,Online
4582,2739,2024-06-19,2024-06-22,Adult,1,122.92,Walk-in
4583,2740,2024-10-01,2024-10-03,Adult,1,123.7,Walk-in
4584,2741,2024-08-02,2024-08-04,Child,5,357.83,Walk-in
4585,2741,2024-02-09,2024-02-09,Child,2,146.38,Walk-in
4586,2742,2024-07-06,2024-07-08,Family,1,356.08,Walk-in
4587,2742,2024-04-01,2024-04-04,Adult,3,355.46,Walk-in
4588,2743,2024-03-15,2024-03-15,Adult,1,115.09,Online
4589,2743,2024-12-17,2024-12-19,Family,1,362.66,Online
4590,2744,2024-04-22,2024-04-25,Family,1,353.84,Walk-in
4591,2745,2024-10-20,2024-10-21,Family,1,335.17,Walk-in
4592,2746,2024-08-04,2024-08-05,Adult,6,716.69,Walk-in
4593,2747,2024-09-23,2024-09-23,Family,1,333.9,Walk-in
4594,2748,2024-09-14,2024-09-16,Adult,5,628.07,Walk-in
4595,2749,2024-12-01,2024-12-03,Family,1,342.88,Online
4596,2749,2024-11-17,2024-11-20,Group,1,281.35,Walk-in
4597,2750,2024-09-03,2024-09-05,Child,6,409.73,Online
4598,2751,2024-05-10,2024-05-13,Adult,2,242.01,Walk-in
4599,2752,2024-12-16,2024-12-18,Family,1,367.03,Online
4600,2753,2024-02-14,2024-02-14,Child,4,275.41,Walk-in
4601,2754,2024-04-26,2024-04-27,Child,2,138.93,Walk-in
4602,2755,2024-11-20,2024-11-23,Child,5,350.87,Online
4603,2755,2024-06-09,2024-06-11,Child,4,287.24,Online
4604,2755,2024-04-01,2024-04-01,Group,1,291.93,Walk-in
4605,2755,2024-12-23,2024-12-24,Child,1,71.34,Online
4606,2756,2024-07-23,2024-07-26,Adult,1,125.85,Walk-in
4607,2756,2024-04-08,2024-04-08,Adult,3,372.29,Walk-in
4608,2757,2024-10-16,2024-10-17,Child,6,413.68,Walk-in
4609,2757,2024-12-12,2024-12-15,Child,4,269.81,Walk-in
4610,2757,2024-12-28,2024-12-28,Group,1,288.72,Walk-in
4611,2757,2024-06-20,2024-06-22,Child,3,219.82,Walk-in
4612,2758,2024-01-23,2024-01-24,Child,3,204.57,Walk-in
4613,2759,2024-11-22,2024-11-23,Family,1,364.48,Walk-in
4614,2760,2024-12-03,2024-12-06,Child,2,136.98,Walk-in
4615,2761,2024-12-14,2024-12-15,Family,1,360.49,Walk-in
4616,2762,2024-09-07,2024-09-07,Child,2,140.81,Walk-in
4617,2762,2024-10-02,2024-10-05,Child,3,214.14,Walk-in
4618,2763,2024-09-17,2024-09-19,Child,4,272.49,Walk-in
4619,2764,2024-10-10,2024-10-10,Child,1,67.66,Online
4620,2765,2024-09-06,2024-09-08,Adult,2,249.96,Walk-in
4621,2766,2024-07-14,2024-07-14,Group,1,274.85,Online
4622,2767,2024-04-19,2024-04-21,Adult,5,623.43,Online
4623,2767,2024-11-10,2024-11-13,Family,1,343.99,Walk-in
4624,2768,2024-02-08,2024-02-09,Family,1,351.41,Walk-in
4625,2769,2024-07-26,2024-07-27,Adult,2,250.03,Walk-in
4626,2770,2024-07-13,2024-07-16,Group,1,269.55,Walk-in
4627,2771,2024-12-16,2024-12-19,Adult,5,612.15,Online
4628,2772,2024-04-05,2024-04-08,Family,1,366.85,Walk-in
4629,2772,2024-03-17,2024-03-20,Child,2,144.64,Walk-in
4630,2773,2024-02-24,2024-02-24,Child,6,421.55,Walk-in
4631,2773,2024-04-21,2024-04-23,Family,1,358.9,Online
4632,2773,2024-09-12,2024-09-15,Adult,4,464.33,Online
4633,2774,2024-03-26,2024-03-29,Child,6,431.22,Walk-in
4634,2774,2024-06-11,2024-06-13,Family,1,348.94,Walk-in
4635,2774,2024-03-15,2024-03-16,Family,1,355.92,Walk-in
4636,2774,2024-08-27,2024-08-30,Group,1,266.63,Walk-in
4637,2775,2024-10-02,2024-10-03,Adult,3,352.45,Walk-in
4638,2775,2024-09-26,2024-09-27,Group,1,288.28,Online
4639,2776,2024-12-21,2024-12-21,Adult,1,118.99,Online
4640,2777,2024-07-03,2024-07-05,Family,1,347.25,Online
4641,2778,2024-05-28,2024-05-31,Adult,4,496.39,Online
4642,2779,2024-06-20,2024-06-20,Adult,3,360.54,Walk-in
4643,2780,2024-04-22,2024-04-25,Child,2,135.9,Walk-in
4644,2780,2024-09-03,2024-09-04,Adult,5,589.82,Walk-in
4645,2781,2024-12-15,2024-12-15,Adult,4,498.78,Walk-in
4646,2782,2024-09-11,2024-09-13,Group,1,277.81,Walk-in
4647,2782,2024-06-21,2024-06-23,Adult,1,115.55,Walk-in
4648,2782,2024-04-08,2024-04-08,Family,1,340.95,Walk-in
4649,2783,2024-07-28,2024-07-31,Adult,2,233.95,Walk-in
4650,2784,2024-09-11,2024-09-11,Adult,6,685.22,Walk-in
4651,2785,2024-11-07,2024-11-10,Adult,2,235.83,Walk-in
4652,2786,2024-03-21,2024-03-24,Child,5,359.34,Walk-in
4653,2786,2024-05-13,2024-05-15,Child,6,425.08,Walk-in
4654,2786,2024-12-22,2024-12-24,Adult,4,472.35,Walk-in
4655,2787,2024-08-12,2024-08-12,Family,1,343.85,Walk-in
4656,2788,2024-09-13,2024-09-14,Child,6,402.49,Walk-in
4657,2789,2024-07-27,2024-07-29,Family,1,352.07,Walk-in
4658,2790,2024-12-23,2024-12-25,Adult,6,748.58,Walk-in
4659,2791,2024-12-15,2024-12-16,Family,1,335.1,Walk-in
4660,2792,2024-02-03,2024-02-04,Adult,3,359.69,Walk-in
4661,2792,2024-05-02,2024-05-03,Adult,6,693.76,Walk-in
4662,2793,2024-10-09,2024-10-12,Adult,5,613.84,Walk-in
4663,2794,2024-05-02,2024-05-03,Family,1,345.18,Walk-in
4664,2795,2024-04-03,2024-04-04,Family,1,342.46,Online
4665,2796,2024-01-23,2024-01-24,Child,4,272.54,Walk-in
4666,2797,2024-11-01,2024-11-03,Adult,6,690.38,Walk-in
4667,2797,2024-01-23,2024-01-24,Adult,5,589.02,Walk-in
4668,2798,2024-10-10,2024-10-13,Child,3,201.36,Online
4669,2799,2024-09-05,2024-09-07,Adult,1,115.04,Online
4670,2800,2024-02-26,2024-02-26,Adult,3,368.68,Walk-in
4671,2801,2024-04-26,2024-04-28,Child,2,136.0,Walk-in
4672,2801,2024-09-23,2024-09-24,Family,1,347.46,Walk-in
4673,2801,2024-04-08,2024-04-10,Family,1,336.56,Walk-in
4674,2801,2024-01-06,2024-01-06,Family,1,357.27,Walk-in
4675,2802,2024-12-02,2024-12-02,Adult,3,362.18,Walk-in
4676,2802,2024-07-20,2024-07-20,Child,6,421.19,Walk-in
4677,2803,2024-06-14,2024-06-16,Family,1,338.02,Walk-in
4678,2804,2024-08-22,2024-08-22,Child,1,71.19,Walk-in
4679,2805,2024-06-18,2024-06-19,Adult,2,233.6,Walk-in
4680,2806,2024-12-13,2024-12-16,Adult,3,377.06,Walk-in
4681,2806,2024-10-03,2024-10-06,Adult,6,699.67,Walk-in
4682,2807,2024-08-20,2024-08-20,Family,1,360.26,Walk-in
4683,2808,2024-01-27,2024-01-27,Adult,6,698.83,Walk-in
4684,2809,2024-10-08,2024-10-10,Group,1,273.38,Walk-in
4685,2810,2024-01-16,2024-01-16,Adult,5,598.48,Walk-in
4686,2811,2024-01-23,2024-01-26,Child,6,405.45,Walk-in
4687,2812,2024-09-05,2024-09-06,Adult,4,492.28,Walk-in
4688,2812,2024-06-27,2024-06-28,Family,1,366.09,Walk-in
4689,2813,2024-02-21,2024-02-21,Adult,6,738.36,Online
4690,2814,2024-12-07,2024-12-10,Family,1,339.7,Walk-in
4691,2815,2024-12-01,2024-12-01,Adult,5,586.86,Online
4692,2816,2024-12-13,2024-12-16,Family,1,341.09,Walk-in
4693,2816,2024-12-08,2024-12-09,Family,1,334.57,Walk-in
4694,2816,2024-10-11,2024-10-11,Family,1,352.8,Online
4695,2816,2024-02-21,2024-02-21,Child,2,136.5,Walk-in
4696,2817,2024-04-01,2024-04-04,Adult,5,616.7,Walk-in
4697,2818,2024-12-18,2024-12-19,Child,6,406.19,Walk-in
4698,2818,2024-08-01,2024-08-04,Adult,5,621.06,Walk-in
4699,2819,2024-07-23,2024-07-24,Family,1,351.76,Walk-in
4700,2820,2024-04-11,2024-04-11,Adult,1,124.73,Online
4701,2821,2024-10-07,2024-10-09,Child,2,143.9,Walk-in
4702,2822,2024-07-18,2024-07-19,Child,4,271.47,Online
4703,2823,2024-11-07,2024-11-08,Group,1,280.89,Walk-in
4704,2824,2024-10-14,2024-10-16,Child,5,343.39,Walk-in
4705,2824,2024-11-17,2024-11-20,Family,1,365.53,Walk-in
4706,2825,2024-06-16,2024-06-16,Adult,4,466.94,Walk-in
4707,2826,2024-06-06,2024-06-09,Child,1,67.35,Walk-in
4708,2827,2024-05-17,2024-05-17,Adult,3,351.11,Walk-in
4709,2828,2024-07-18,2024-07-18,Family,1,357.4,Walk-in
4710,2828,2024-12-03,2024-12-06,Child,1,67.21,Walk-in
4711,2828,2024-01-07,2024-01-10,Adult,5,606.45,Walk-in
4712,2828,2024-10-26,2024-10-28,Adult,6,729.4,Walk-in
4713,2829,2024-06-09,2024-06-10,Family,1,350.03,Walk-in
4714,2829,2024-07-09,2024-07-10,Child,1,73.42,Online
4715,2830,2024-04-26,2024-04-28,Child,3,205.4,Walk-in
4716,2831,2024-08-22,2024-08-25,Family,1,333.5,Walk-in
4717,2831,2024-01-03,2024-01-03,Child,4,284.02,Walk-in
4718,2831,2024-07-05,2024-07-06,Group,1,276.54,Walk-in
4719,2831,2024-12-22,2024-12-23,Family,1,355.31,Online
4720,2832,2024-10-24,2024-10-25,Adult,5,583.91,Walk-in
4721,2833,2024-10-02,2024-10-04,Family,1,354.58,Walk-in
4722,2834,2024-10-07,2024-10-09,Adult,6,727.53,Walk-in
4723,2834,2024-09-12,2024-09-12,Child,1,67.82,Online
4724,2835,2024-11-28,2024-11-28,Adult,5,607.7,Walk-in
4725,2835,2024-04-24,2024-04-27,Family,1,333.69,Walk-in
4726,2836,2024-04-16,2024-04-18,Family,1,352.67,Walk-in
4727,2837,2024-03-26,2024-03-27,Child,3,204.86,Walk-in
4728,2838,2024-06-19,2024-06-21,Adult,1,125.77,Walk-in
4729,2839,2024-07-23,2024-07-25,Family,1,337.07,Walk-in
4730,2839,2024-07-01,2024-07-01,Child,6,436.34,Online
4731,2839,2024-10-03,2024-10-06,Adult,3,358.59,Walk-in
4732,2840,2024-05-25,2024-05-27,Child,2,137.38,Walk-in
4733,2841,2024-06-07,2024-06-08,Family,1,347.29,Walk-in
4734,2842,2024-07-16,2024-07-16,Family,1,356.42,Walk-in
4735,2843,2024-02-01,2024-02-04,Child,1,67.38,Walk-in
4736,2844,2024-05-21,2024-05-23,Child,1,71.66,Walk-in
4737,2845,2024-12-28,2024-12-30,Child,1,71.39,Online
4738,2845,2024-04-23,2024-04-24,Adult,3,369.86,Walk-in
4739,2845,2024-12-18,2024-12-19,Child,4,270.73,Walk-in
4740,2846,2024-07-12,2024-07-15,Family,1,352.58,Walk-in
4741,2847,2024-09-02,2024-09-03,Child,3,207.45,Walk-in
4742,2848,2024-12-16,2024-12-16,Family,1,344.46,Walk-in
4743,2849,2024-12-24,2024-12-24,Family,1,362.79,Online
4744,2849,2024-12-22,2024-12-24,Adult,6,751.39,Walk-in
4745,2849,2024-08-04,2024-08-07,Adult,3,375.59,Walk-in
4746,2850,2024-06-21,2024-06-21,Group,1,293.98,Walk-in
4747,2851,2024-04-25,2024-04-28,Adult,3,348.21,Walk-in
4748,2852,2024-12-16,2024-12-17,Group,1,288.77,Walk-in
4749,2852,2024-12-28,2024-12-30,Group,1,271.17,Walk-in
4750,2853,2024-10-16,2024-10-18,Child,6,419.81,Walk-in
4751,2853,2024-07-18,2024-07-18,Child,3,204.59,Walk-in
4752,2854,2024-02-03,2024-02-03,Child,2,143.57,Walk-in
4753,2854,2024-08-19,2024-08-19,Child,6,416.05,Online
4754,2855,2024-03-14,2024-03-16,Group,1,289.62,Walk-in
4755,2855,2024-04-19,2024-04-21,Child,4,274.61,Walk-in
4756,2855,2024-09-05,2024-09-05,Family,1,332.54,Walk-in
4757,2856,2024-09-24,2024-09-27,Adult,6,726.75,Online
4758,2857,2024-07-26,2024-07-27,Child,1,70.19,Walk-in
4759,2857,2024-10-23,2024-10-26,Family,1,365.37,Walk-in
4760,2858,2024-01-26,2024-01-26,Child,5,340.71,Walk-in
4761,2859,2024-08-22,2024-08-25,Child,3,210.86,Online
4762,2859,2024-12-06,2024-12-09,Adult,4,494.33,Walk-in
4763,2860,2024-04-11,2024-04-14,Adult,2,238.25,Walk-in
4764,2860,2024-09-03,2024-09-04,Child,4,293.94,Walk-in
4765,2861,2024-07-12,2024-07-12,Family,1,360.73,Walk-in
4766,2861,2024-06-05,2024-06-06,Adult,4,502.8,Walk-in
4767,2862,2024-12-08,2024-12-08,Adult,6,712.0,Online
4768,2863,2024-04-06,2024-04-08,Group,1,272.24,Walk-in
4769,2864,2024-12-25,2024-12-25,Group,1,278.92,Online
4770,2865,2024-04-25,2024-04-25,Family,1,340.45,Walk-in
4771,2865,2024-07-05,2024-07-06,Adult,4,491.74,Walk-in
4772,2865,2024-03-23,2024-03-24,Child,6,423.14,Online
4773,2865,2024-02-26,2024-02-28,Family,1,363.29,Walk-in
4774,2866,2024-12-14,2024-12-15,Adult,4,476.85,Walk-in
4775,2866,2024-04-05,2024-04-07,Family,1,338.08,Walk-in
4776,2866,2024-07-15,2024-07-16,Family,1,361.65,Online
4777,2867,2024-07-06,2024-07-07,Adult,5,582.47,Walk-in
4778,2868,2024-11-23,2024-11-26,Family,1,358.17,Walk-in
4779,2869,2024-01-18,2024-01-20,Adult,2,234.02,Walk-in
4780,2870,2024-04-15,2024-04-15,Adult,2,233.6,Walk-in
4781,2870,2024-09-21,2024-09-22,Child,3,207.87,Online
4782,2871,2024-02-12,2024-02-15,Family,1,354.41,Walk-in
4783,2871,2024-07-15,2024-07-15,Child,6,425.95,Walk-in
4784,2872,2024-12-22,2024-12-22,Child,4,282.0,Walk-in
4785,2873,2024-01-21,2024-01-24,Adult,6,709.67,Walk-in
4786,2874,2024-11-05,2024-11-05,Adult,6,734.16,Online
4787,2874,2024-07-22,2024-07-23,Child,1,68.76,Walk-in
4788,2875,2024-09-15,2024-09-16,Child,5,347.5,Walk-in
4789,2875,2024-09-09,2024-09-10,Child,5,339.97,Online
4790,2876,2024-01-20,2024-01-23,Child,5,348.91,Walk-in
4791,2877,2024-09-28,2024-09-29,Family,1,335.31,Walk-in
4792,2878,2024-04-04,2024-04-06,Family,1,361.35,Walk-in
4793,2879,2024-06-12,2024-06-12,Family,1,357.96,Walk-in
4794,2880,2024-01-14,2024-01-17,Family,1,358.28,Walk-in
4795,2881,2024-09-25,2024-09-25,Child,4,272.25,Walk-in
4796,2882,2024-06-03,2024-06-05,Family,1,352.7,Walk-in
4797,2882,2024-04-18,2024-04-20,Family,1,335.62,Walk-in
4798,2882,2024-04-11,2024-04-12,Adult,4,474.29,Walk-in
4799,2883,2024-05-19,2024-05-22,Adult,6,715.81,Walk-in
4800,2884,2024-09-14,2024-09-15,Child,3,212.42,Online
4801,2884,2024-05-07,2024-05-09,Adult,6,704.59,Walk-in
4802,2885,2024-10-21,2024-10-23,Adult,4,458.79,Walk-in
4803,2886,2024-01-05,2024-01-05,Adult,2,245.67,Walk-in
4804,2887,2024-12-13,2024-12-16,Adult,6,754.05,Walk-in
4805,2888,2024-06-26,2024-06-29,Adult,6,743.53,Walk-in
4806,2889,2024-10-10,2024-10-13,Adult,2,242.36,Walk-in
4807,2889,2024-09-01,2024-09-01,Child,1,70.72,Walk-in
4808,2890,2024-07-13,2024-07-13,Family,1,339.78,Online
4809,2890,2024-03-10,2024-03-12,Group,1,278.52,Walk-in
4810,2890,2024-12-21,2024-12-22,Family,1,350.49,Walk-in
4811,2890,2024-09-09,2024-09-09,Child,4,288.26,Online
4812,2891,2024-09-01,2024-09-02,Child,4,274.19,Online
4813,2892,2024-10-22,2024-10-24,Child,5,336.26,Walk-in
4814,2893,2024-10-27,2024-10-28,Family,1,347.15,Online
4815,2893,2024-11-09,2024-11-12,Family,1,356.6,Online
4816,2894,2024-07-25,2024-07-25,Family,1,360.02,Online
4817,2895,2024-05-17,2024-05-17,Family,1,346.11,Walk-in
4818,2896,2024-12-18,2024-12-19,Child,3,215.04,Walk-in
4819,2896,2024-08-25,2024-08-26,Group,1,273.66,Online
4820,2897,2024-06-20,2024-06-23,Child,5,340.0,Walk-in
4821,2898,2024-03-11,2024-03-11,Adult,1,120.14,Walk-in
4822,2899,2024-08-22,2024-08-25,Adult,5,627.14,Walk-in
4823,2900,2024-12-10,2024-12-11,Adult,5,594.34,Walk-in
4824,2900,2024-12-06,2024-12-06,Family,1,346.11,Online
4825,2901,2024-07-03,2024-07-03,Child,1,67.97,Online
4826,2902,2024-06-10,2024-06-13,Child,3,211.84,Walk-in
4827,2903,2024-07-09,2024-07-12,Adult,4,491.26,Walk-in
4828,2903,2024-09-03,2024-09-06,Adult,2,230.78,Walk-in
4829,2904,2024-12-08,2024-12-11,Family,1,366.77,Walk-in
4830,2905,2024-06-17,2024-06-17,Child,6,400.87,Walk-in
4831,2905,2024-05-11,2024-05-12,Adult,3,346.72,Walk-in
4832,2906,2024-10-22,2024-10-25,Adult,2,240.37,Walk-in
4833,2907,2024-01-28,2024-01-28,Adult,3,370.27,Walk-in
4834,2907,2024-10-01,2024-10-01,Group,1,290.76,Walk-in
4835,2907,2024-12-26,2024-12-28,Family,1,335.81,Walk-in
4836,2907,2024-12-18,2024-12-18,Adult,6,742.21,Walk-in
4837,2908,2024-09-25,2024-09-25,Adult,4,486.02,Online
4838,2909,2024-01-12,2024-01-14,Adult,1,122.06,Walk-in
4839,2910,2024-08-27,2024-08-30,Child,1,70.01,Online
4840,2911,2024-07-16,2024-07-16,Child,6,412.07,Online
4841,2912,2024-08-07,2024-08-08,Family,1,365.67,Online
4842,2912,2024-12-26,2024-12-28,Adult,6,691.3,Walk-in
4843,2912,2024-03-19,2024-03-20,Adult,2,229.78,Walk-in
4844,2913,2024-08-06,2024-08-07,Adult,3,343.49,Walk-in
4845,2913,2024-12-07,2024-12-10,Family,1,335.06,Online
4846,2913,2024-07-17,2024-07-19,Adult,6,716.33,Walk-in
4847,2913,2024-06-04,2024-06-04,Family,1,363.87,Online
4848,2914,2024-12-26,2024-12-27,Family,1,355.24,Online
4849,2915,2024-12-19,2024-12-21,Group,1,278.02,Walk-in
4850,2916,2024-02-04,2024-02-04,Child,1,72.32,Walk-in
4851,2916,2024-02-04,2024-02-05,Family,1,357.37,Walk-in
4852,2917,2024-12-20,2024-12-21,Adult,2,235.79,Walk-in
4853,2917,2024-10-25,2024-10-28,Child,2,133.83,Online
4854,2917,2024-04-26,2024-04-28,Family,1,344.43,Walk-in
4855,2918,2024-09-17,2024-09-17,Family,1,363.35,Walk-in
4856,2919,2024-09-19,2024-09-22,Family,1,334.19,Walk-in
4857,2920,2024-01-06,2024-01-06,Adult,1,124.11,Walk-in
4858,2921,2024-01-04,2024-01-07,Family,1,359.66,Walk-in
4859,2922,2024-12-25,2024-12-25,Adult,6,741.33,Walk-in
4860,2923,2024-01-18,2024-01-18,Family,1,349.98,Walk-in
4861,2924,2024-01-25,2024-01-26,Adult,5,589.54,Walk-in
4862,2925,2024-12-01,2024-12-04,Adult,6,742.43,Online
4863,2925,2024-11-17,2024-11-17,Child,2,142.69,Walk-in
4864,2926,2024-06-14,2024-06-15,Family,1,354.82,Walk-in
4865,2927,2024-06-21,2024-06-21,Child,2,141.52,Walk-in
4866,2928,2024-05-22,2024-05-22,Adult,3,358.35,Walk-in
4867,2929,2024-09-14,2024-09-15,Adult,2,244.19,Walk-in
4868,2930,2024-05-13,2024-05-16,Child,5,360.72,Walk-in
4869,2931,2024-02-28,2024-03-01,Child,5,366.81,Walk-in
4870,2932,2024-07-10,2024-07-13,Family,1,343.71,Online
4871,2933,2024-03-26,2024-03-29,Adult,4,501.95,Walk-in
4872,2934,2024-10-13,2024-10-14,Family,1,351.41,Walk-in
4873,2935,2024-10-10,2024-10-11,Adult,4,498.05,Walk-in
4874,2936,2024-09-26,2024-09-29,Child,1,67.37,Walk-in
4875,2936,2024-03-16,2024-03-19,Family,1,342.84,Walk-in
4876,2937,2024-12-27,2024-12-30,Group,1,271.78,Walk-in
4877,2938,2024-03-05,2024-03-07,Adult,2,236.16,Walk-in
4878,2938,2024-10-27,2024-10-27,Adult,3,368.82,Walk-in
4879,2939,2024-09-20,2024-09-23,Family,1,348.34,Walk-in
4880,2940,2024-12-02,2024-12-04,Family,1,332.79,Walk-in
4881,2941,2024-10-08,2024-10-10,Adult,1,116.26,Walk-in
4882,2942,2024-04-14,2024-04-14,Adult,5,583.8,Walk-in
4883,2943,2024-04-05,2024-04-05,Adult,1,124.6,Walk-in
4884,2943,2024-08-09,2024-08-10,Family,1,360.25,Walk-in
4885,2944,2024-10-26,2024-10-26,Adult,1,123.69,Walk-in
4886,2944,2024-11-17,2024-11-18,Adult,2,244.34,Walk-in
4887,2945,2024-12-16,2024-12-17,Family,1,343.13,Online
4888,2945,2024-02-04,2024-02-07,Group,1,270.12,Walk-in
4889,2946,2024-07-19,2024-07-19,Child,6,399.65,Walk-in
4890,2947,2024-09-13,2024-09-14,Family,1,338.19,Walk-in
4891,2948,2024-12-17,2024-12-20,Family,1,356.27,Walk-in
4892,2949,2024-07-10,2024-07-12,Family,1,347.1,Online
4893,2950,2024-05-17,2024-05-18,Adult,4,495.55,Walk-in
4894,2951,2024-05-24,2024-05-25,Adult,3,349.29,Walk-in
4895,2952,2024-12-17,2024-12-18,Child,3,200.47,Walk-in
4896,2953,2024-06-08,2024-06-09,Child,4,270.45,Online
4897,2954,2024-07-16,2024-07-19,Adult,4,490.01,Walk-in
4898,2954,2024-07-16,2024-07-18,Adult,6,743.6,Walk-in
4899,2955,2024-10-05,2024-10-05,Child,3,203.86,Walk-in
4900,2955,2024-11-23,2024-11-26,Child,5,339.14,Walk-in
4901,2955,2024-10-05,2024-10-08,Adult,6,731.15,Walk-in
4902,2955,2024-05-03,2024-05-05,Family,1,341.72,Walk-in
4903,2956,2024-11-01,2024-11-04,Adult,3,354.8,Walk-in
4904,2956,2024-12-13,2024-12-15,Adult,4,470.97,Online
4905,2956,2024-04-20,2024-04-23,Adult,1,122.2,Walk-in
4906,2957,2024-04-08,2024-04-10,Family,1,365.15,Walk-in
4907,2958,2024-07-20,2024-07-23,Adult,1,123.0,Online
4908,2959,2024-11-10,2024-11-11,Adult,5,605.98,Walk-in
4909,2960,2024-10-23,2024-10-25,Family,1,357.59,Walk-in
4910,2960,2024-10-17,2024-10-17,Family,1,349.17,Walk-in
4911,2961,2024-12-26,2024-12-27,Adult,5,605.45,Walk-in
4912,2962,2024-04-15,2024-04-18,Group,1,272.15,Walk-in
4913,2963,2024-12-19,2024-12-19,Group,1,271.9,Walk-in
4914,2963,2024-03-08,2024-03-10,Adult,1,125.15,Walk-in
4915,2964,2024-05-07,2024-05-07,Group,1,286.49,Walk-in
4916,2965,2024-12-17,2024-12-18,Family,1,351.95,Walk-in
4917,2966,2024-07-28,2024-07-31,Adult,4,456.86,Walk-in
4918,2967,2024-06-25,2024-06-27,Child,1,71.21,Walk-in
4919,2968,2024-12-05,2024-12-06,Family,1,351.74,Walk-in
4920,2969,2024-12-06,2024-12-07,Adult,2,248.61,Walk-in
4921,2970,2024-12-18,2024-12-19,Child,3,215.51,Walk-in
4922,2971,2024-04-26,2024-04-27,Child,2,144.91,Walk-in
4923,2972,2024-10-12,2024-10-15,Child,6,430.94,Online
4924,2972,2024-06-13,2024-06-13,Family,1,351.51,Online
4925,2973,2024-02-07,2024-02-09,Family,1,341.76,Online
4926,2974,2024-07-24,2024-07-26,Child,5,335.71,Online
4927,2975,2024-09-28,2024-10-01,Adult,2,251.2,Walk-in
4928,2976,2024-01-13,2024-01-14,Child,6,402.71,Walk-in
4929,2976,2024-01-18,2024-01-19,Family,1,341.33,Walk-in
4930,2976,2024-02-23,2024-02-26,Family,1,352.78,Walk-in
4931,2977,2024-10-27,2024-10-29,Child,3,203.01,Walk-in
4932,2978,2024-07-25,2024-07-26,Group,1,271.84,Online
4933,2979,2024-04-23,2024-04-26,Adult,4,464.51,Walk-in
4934,2979,2024-06-16,2024-06-19,Child,5,339.84,Walk-in
4935,2979,2024-06-07,2024-06-09,Adult,3,377.94,Walk-in
4936,2980,2024-06-25,2024-06-25,Group,1,284.27,Walk-in
4937,2980,2024-04-26,2024-04-29,Family,1,339.22,Walk-in
4938,2981,2024-01-26,2024-01-29,Family,1,336.52,Walk-in
4939,2982,2024-01-03,2024-01-03,Adult,1,118.01,Walk-in
4940,2982,2024-01-10,2024-01-11,Family,1,346.94,Walk-in
4941,2983,2024-09-25,2024-09-25,Adult,5,606.22,Walk-in
4942,2984,2024-12-17,2024-12-20,Adult,4,493.31,Online
4943,2985,2024-04-15,2024-04-15,Adult,6,754.62,Walk-in
4944,2986,2024-08-03,2024-08-05,Group,1,279.47,Walk-in
4945,2987,2024-12-13,2024-12-16,Child,5,345.83,Walk-in
4946,2987,2024-06-06,2024-06-06,Child,4,269.31,Walk-in
4947,2988,2024-10-15,2024-10-16,Child,2,142.44,Walk-in
4948,2989,2024-07-13,2024-07-16,Group,1,291.08,Online
4949,2990,2024-09-16,2024-09-16,Family,1,358.85,Walk-in
4950,2990,2024-12-15,2024-12-16,Adult,4,478.41,Walk-in
4951,2991,2024-09-10,2024-09-10,Family,1,348.83,Walk-in
4952,2991,2024-09-06,2024-09-09,Adult,5,595.44,Walk-in
4953,2992,2024-07-23,2024-07-26,Family,1,333.72,Online
4954,2993,2024-06-20,2024-06-23,Adult,3,360.03,Online
4955,2994,2024-07-27,2024-07-29,Family,1,365.71,Online
4956,2995,2024-12-14,2024-12-16,Adult,4,458.45,Walk-in
4957,2995,2024-03-13,2024-03-16,Family,1,363.48,Walk-in
4958,2996,2024-06-13,2024-06-15,Family,1,350.64,Walk-in
4959,2997,2024-06-20,2024-06-22,Family,1,354.66,Online
4960,2997,2024-10-12,2024-10-14,Family,1,360.82,Walk-in
4961,2997,2024-12-09,2024-12-11,Child,6,425.82,Walk-in
4962,2997,2024-10-08,2024-10-11,Child,5,355.16,Walk-in
4963,2998,2024-04-27,2024-04-30,Adult,2,243.4,Walk-in
4964,2999,2024-12-08,2024-12-11,Family,1,344.73,Walk-in
4965,3000,2024-12-25,2024-12-28,Child,3,204.32,Walk-in
