customer_id,first_name,last_name,email,signup_date,city,gender
1001,Mthokozisi,Myeni,mthokozisi.myeni59@gmail.com,2024-11-16,Bethlehem,Female
1002,Thandeka,Radebe,thandeka.radebe80@gmail.com,2024-11-16,Bergville,Male
1003,Lerato,Williams,lerato.williams45@gmail.com,2024-02-19,Harrismith,Female
1004,Nompumelelo,Williams,nompumelelo.williams11@outlook.com,2024-01-15,Colenso,Female
1005,Palesa,Du Plessis,palesa.duplessis76@yahoo.com,2024-09-02,Sterkfontein,Male
1006,Nthabiseng,Brown,nthabiseng.brown29@gmail.com,2024-08-09,Harrismith,Female
1007,Sandile,Motaung,sandile.motaung85@gmail.com,2024-01-13,Harrismith,Female
1008,Musa,Smith,musa.smith22@outlook.com,2024-10-30,Sterkfontein,Female
1009,Nompumelelo,Zulu,nompumelelo.zulu22@outlook.com,2024-11-16,Harrismith,Female
1010,Lungelo,Smith,lungelo.smith54@yahoo.com,2024-06-20,Bergville,Female
1011,Nozipho,Khumalo,nozipho.khumalo93@gmail.com,2024-05-08,Bethlehem,Female
1012,Nompumelelo,Smith,nompumelelo.smith87@gmail.com,2024-05-06,Harrismith,Female
1013,Michael,Mokoena,michael.mokoena32@gmail.com,2024-02-25,Harrismith,Male
1014,Zanele,Brown,zanele.brown28@outlook.com,2024-08-30,Bethlehem,Male
1015,Karen,Du Plessis,karen.duplessis61@gmail.com,2024-05-02,Harrismith,Male
1016,Elmarie,Botha,elmarie.botha52@yahoo.com,2024-06-23,Harrismith,Male
1017,Sipho,Mahlangu,sipho.mahlangu70@outlook.com,2024-01-28,Harrismith,Female
1018,Lerato,Smith,lerato.smith12@gmail.com,2024-06-19,Bethlehem,Female
1019,Zanele,Ndlovu,zanele.ndlovu48@gmail.com,2024-09-23,Vrede,Male
1020,Bongiwe,Mahlangu,bongiwe.mahlangu72@outlook.com,2024-05-01,Colenso,Male
1021,Sandile,Jones,sandile.jones39@gmail.com,2024-02-07,Phuthaditjhaba,Male
1022,David,Steyn,david.steyn66@yahoo.com,2024-11-03,Bethlehem,Male
1023,Sifiso,Taylor,sifiso.taylor63@yahoo.com,2024-11-13,Bethlehem,Female
1024,Lerato,Molefe,lerato.molefe66@gmail.com,2024-08-12,Colenso,Male
1025,Lisa,Ndlovu,lisa.ndlovu62@outlook.com,2024-02-18,Harrismith,Female
1026,Nhlanhla,Steyn,nhlanhla.steyn57@outlook.com,2024-11-16,Bethlehem,Male
1027,Thandolwethu,Brown,thandolwethu.brown30@gmail.com,2024-08-16,Phuthaditjhaba,Male
1028,Busisiwe,Smith,busisiwe.smith74@gmail.com,2024-10-23,Harrismith,Male
1029,Ayanda,Molefe,ayanda.molefe77@yahoo.com,2024-03-04,Phuthaditjhaba,Female
1030,Michael,Myeni,michael.myeni34@yahoo.com,2024-02-13,Harrismith,Male
1031,Willem,Ndlovu,willem.ndlovu17@gmail.com,2024-02-01,Harrismith,Male
1032,Sandile,Mofokeng,sandile.mofokeng68@gmail.com,2024-01-18,Bethlehem,Female
1033,Heinrich,Hadebe,heinrich.hadebe56@yahoo.com,2024-07-12,Vrede,Female
1034,Karen,Williams,karen.williams69@gmail.com,2024-06-09,Harrismith,Male
1035,Palesa,Nkosi,palesa.nkosi91@outlook.com,2024-12-21,Phuthaditjhaba,Female
1036,Thabo,Williams,thabo.williams40@gmail.com,2024-02-03,Bethlehem,Male
1037,Khulekani,Steyn,khulekani.steyn86@gmail.com,2024-03-06,Phuthaditjhaba,Male
1038,Siyanda,Mkhize,siyanda.mkhize70@gmail.com,2024-02-01,Harrismith,Female
1039,Ayanda,Ntuli,ayanda.ntuli54@gmail.com,2024-08-14,Phuthaditjhaba,Male
1040,Elmarie,Smith,elmarie.smith43@outlook.com,2024-01-29,Phuthaditjhaba,Male
1041,Dineo,Gumede,dineo.gumede46@gmail.com,2024-06-03,Phuthaditjhaba,Female
1042,Palesa,Zungu,palesa.zungu16@gmail.com,2024-11-08,Ladysmith,Male
1043,Nokwanda,Buthelezi,nokwanda.buthelezi83@yahoo.com,2024-11-16,Harrismith,Male
1044,Bongiwe,Molefe,bongiwe.molefe38@outlook.com,2024-08-09,Phuthaditjhaba,Male
1045,Khulekani,Mahlangu,khulekani.mahlangu44@outlook.com,2024-02-03,Colenso,Male
1046,Dineo,Khumalo,dineo.khumalo97@gmail.com,2024-02-22,Harrismith,Female
1047,Lungelo,Du Plessis,lungelo.duplessis26@outlook.com,2024-12-12,Harrismith,Male
1048,Zanele,Mokoena,zanele.mokoena11@gmail.com,2024-01-29,Harrismith,Male
1049,Pieter,Hadebe,pieter.hadebe87@yahoo.com,2024-10-13,Sterkfontein,Female
1050,Lungelo,Mnguni,lungelo.mnguni92@gmail.com,2024-01-27,Ladysmith,Female
1051,Johannes,Myeni,johannes.myeni58@yahoo.com,2024-05-30,Bethlehem,Male
1052,Johannes,Mthembu,johannes.mthembu37@gmail.com,2024-07-14,Harrismith,Female
1053,Sifiso,Smith,sifiso.smith96@gmail.com,2024-07-24,Harrismith,Female
1054,Mpho,Molefe,mpho.molefe89@gmail.com,2024-02-19,Phuthaditjhaba,Female
1055,Sipho,Brown,sipho.brown23@gmail.com,2024-11-12,Phuthaditjhaba,Male
1056,Sibusiso,Mahlangu,sibusiso.mahlangu94@outlook.com,2024-07-29,Bethlehem,Male
1057,Anri,Radebe,anri.radebe81@outlook.com,2024-04-29,Harrismith,Female
1058,Michael,Mkhize,michael.mkhize48@yahoo.com,2024-11-02,Bethlehem,Female
1059,Thandeka,Radebe,thandeka.radebe53@outlook.com,2024-12-03,Harrismith,Female
1060,Pieter,Shabalala,pieter.shabalala45@gmail.com,2024-11-15,Ladysmith,Male
1061,Zanele,Mthembu,zanele.mthembu93@gmail.com,2024-01-06,Harrismith,Male
1062,Lisa,Motaung,lisa.motaung29@gmail.com,2024-08-20,Harrismith,Female
1063,Kagiso,Williams,kagiso.williams40@outlook.com,2024-07-15,Harrismith,Female
1064,Mthokozisi,Van der Merwe,mthokozisi.vandermerwe86@gmail.com,2024-08-25,Harrismith,Male
1065,Nokuthula,Shabalala,nokuthula.shabalala50@outlook.com,2024-08-07,Harrismith,Male
1066,Maria,Du Plessis,maria.duplessis93@gmail.com,2024-11-13,Vrede,Male
1067,Robert,Shabalala,robert.shabalala47@gmail.com,2024-11-13,Colenso,Female
1068,Nhlanhla,Buthelezi,nhlanhla.buthelezi63@gmail.com,2024-02-21,Harrismith,Male
1069,Thandolwethu,Mnguni,thandolwethu.mnguni14@gmail.com,2024-06-22,Ladysmith,Female
1070,Bongani,Van der Merwe,bongani.vandermerwe83@yahoo.com,2024-11-29,Harrismith,Female
1071,Sipho,Steyn,sipho.steyn38@outlook.com,2024-12-11,Colenso,Female
1072,Lwazi,Cele,lwazi.cele70@outlook.com,2024-01-14,Phuthaditjhaba,Male
1073,Sandile,Zungu,sandile.zungu74@gmail.com,2024-08-20,Ladysmith,Male
1074,Ntombi,Williams,ntombi.williams31@outlook.com,2024-09-21,Harrismith,Female
1075,Kagiso,Shabalala,kagiso.shabalala33@gmail.com,2024-06-17,Ladysmith,Female
1076,Zanele,Mhlongo,zanele.mhlongo70@gmail.com,2024-10-27,Phuthaditjhaba,Male
1077,Sandile,Du Plessis,sandile.duplessis43@outlook.com,2024-04-08,Ladysmith,Female
1078,Lungelo,Brown,lungelo.brown33@outlook.com,2024-02-25,Vrede,Female
1079,Pieter,Hadebe,pieter.hadebe93@gmail.com,2024-02-22,Harrismith,Male
1080,Palesa,Myeni,palesa.myeni55@gmail.com,2024-01-07,Harrismith,Male
1081,Anri,Motaung,anri.motaung49@gmail.com,2024-10-31,Ladysmith,Female
1082,Mthokozisi,Radebe,mthokozisi.radebe52@gmail.com,2024-12-31,Sterkfontein,Male
1083,Maria,Zungu,maria.zungu84@gmail.com,2024-02-04,Ladysmith,Female
1084,Siyanda,Molefe,siyanda.molefe25@gmail.com,2024-10-30,Harrismith,Male
1085,Maria,Botha,maria.botha91@gmail.com,2024-04-09,Phuthaditjhaba,Female
1086,Johannes,Zulu,johannes.zulu89@gmail.com,2024-10-20,Harrismith,Male
1087,Bongiwe,Cele,bongiwe.cele34@gmail.com,2024-03-05,Phuthaditjhaba,Male
1088,Lwazi,Williams,lwazi.williams97@gmail.com,2024-11-22,Harrismith,Female
1089,Palesa,Mokoena,palesa.mokoena48@gmail.com,2024-09-17,Phuthaditjhaba,Female
1090,Ayanda,Myeni,ayanda.myeni29@gmail.com,2024-05-11,Harrismith,Female
1091,Nozipho,Sithole,nozipho.sithole35@gmail.com,2024-06-30,Harrismith,Male
1092,Busisiwe,Du Plessis,busisiwe.duplessis82@outlook.com,2024-08-03,Phuthaditjhaba,Male
1093,Bongani,Ndlovu,bongani.ndlovu28@gmail.com,2024-09-03,Harrismith,Female
1094,Sifiso,Radebe,sifiso.radebe33@yahoo.com,2024-11-13,Sterkfontein,Female
1095,Mthokozisi,Pretorius,mthokozisi.pretorius90@yahoo.com,2024-08-15,Harrismith,Female
1096,Siyanda,Shabalala,siyanda.shabalala17@gmail.com,2024-04-05,Harrismith,Male
1097,Michael,Hadebe,michael.hadebe45@gmail.com,2024-05-04,Harrismith,Female
1098,Sibusiso,Mahlangu,sibusiso.mahlangu31@gmail.com,2024-03-11,Harrismith,Male
1099,Nthabiseng,Mofokeng,nthabiseng.mofokeng30@gmail.com,2024-01-23,Harrismith,Female
1100,Siyanda,Ndlovu,siyanda.ndlovu21@gmail.com,2024-01-31,Harrismith,Male
1101,Anri,Buthelezi,anri.buthelezi65@yahoo.com,2024-03-06,Harrismith,Male
1102,Pieter,Shabalala,pieter.shabalala71@gmail.com,2024-06-08,Kestell,Female
1103,Palesa,Jones,palesa.jones14@gmail.com,2024-10-26,Bethlehem,Male
1104,Mthokozisi,Nkosi,mthokozisi.nkosi57@outlook.com,2024-08-11,Bethlehem,Female
1105,Ayanda,Motaung,ayanda.motaung77@gmail.com,2024-09-19,Bethlehem,Male
1106,Lisa,Zulu,lisa.zulu96@gmail.com,2024-11-29,Kestell,Female
1107,Sandile,Taylor,sandile.taylor41@gmail.com,2024-07-02,Phuthaditjhaba,Female
1108,Nozipho,Hadebe,nozipho.hadebe54@gmail.com,2024-06-08,Bergville,Female
1109,Tebogo,Williams,tebogo.williams23@gmail.com,2024-10-25,Harrismith,Male
1110,Ntombi,Van der Merwe,ntombi.vandermerwe85@gmail.com,2024-10-04,Colenso,Female
1111,Ntombi,Brown,ntombi.brown18@yahoo.com,2024-03-15,Harrismith,Female
1112,Nomsa,Ndlovu,nomsa.ndlovu47@gmail.com,2024-03-16,Harrismith,Female
1113,Sandile,Williams,sandile.williams76@gmail.com,2024-08-28,Harrismith,Male
1114,Sipho,Buthelezi,sipho.buthelezi53@gmail.com,2024-06-07,Harrismith,Female
1115,Tebogo,Nkosi,tebogo.nkosi97@yahoo.com,2024-11-04,Kestell,Female
1116,Anna,Venter,anna.venter72@gmail.com,2024-06-24,Harrismith,Male
1117,Palesa,Mokoena,palesa.mokoena34@gmail.com,2024-05-29,Harrismith,Male
1118,Bongani,Smith,bongani.smith61@gmail.com,2024-07-07,Harrismith,Female
1119,Bongiwe,Mahlangu,bongiwe.mahlangu38@yahoo.com,2024-01-05,Phuthaditjhaba,Male
1120,Robert,Molefe,robert.molefe12@gmail.com,2024-09-22,Harrismith,Female
1121,Thandolwethu,Mthembu,thandolwethu.mthembu31@gmail.com,2024-10-27,Harrismith,Male
1122,Tebogo,Du Plessis,tebogo.duplessis93@yahoo.com,2024-12-02,Phuthaditjhaba,Male
1123,Bongiwe,Cele,bongiwe.cele91@gmail.com,2024-12-13,Sterkfontein,Female
1124,Busisiwe,Molefe,busisiwe.molefe78@outlook.com,2024-03-15,Bethlehem,Male
1125,Sarah,Cele,sarah.cele16@outlook.com,2024-01-30,Bethlehem,Male
1126,Anna,Shabalala,anna.shabalala12@gmail.com,2024-05-01,Harrismith,Male
1127,Busisiwe,Dlamini,busisiwe.dlamini24@gmail.com,2024-09-16,Sterkfontein,Male
1128,Anri,Ndlovu,anri.ndlovu58@gmail.com,2024-10-13,Harrismith,Female
1129,Nokwanda,Nkosi,nokwanda.nkosi42@gmail.com,2024-01-28,Phuthaditjhaba,Female
1130,Mpho,Botha,mpho.botha29@gmail.com,2024-08-04,Harrismith,Male
1131,Musa,Ntuli,musa.ntuli97@yahoo.com,2024-06-25,Harrismith,Female
1132,Nthabiseng,Mahlangu,nthabiseng.mahlangu94@gmail.com,2024-04-10,Kestell,Female
1133,Nompumelelo,Myeni,nompumelelo.myeni76@gmail.com,2024-04-12,Ladysmith,Female
1134,Lisa,Mofokeng,lisa.mofokeng87@yahoo.com,2024-11-23,Ladysmith,Male
1135,Michael,Sithole,michael.sithole23@gmail.com,2024-04-13,Vrede,Female
1136,Mpho,Du Plessis,mpho.duplessis89@gmail.com,2024-02-05,Bergville,Male
1137,Nompumelelo,Van der Merwe,nompumelelo.vandermerwe24@yahoo.com,2024-06-23,Ladysmith,Male
1138,Karen,Steyn,karen.steyn87@gmail.com,2024-04-06,Harrismith,Female
1139,Elmarie,Sithole,elmarie.sithole43@outlook.com,2024-12-07,Harrismith,Male
1140,Karen,Zulu,karen.zulu55@yahoo.com,2024-08-31,Phuthaditjhaba,Female
1141,Anna,Van der Merwe,anna.vandermerwe15@gmail.com,2024-12-21,Ladysmith,Male
1142,Maria,Motaung,maria.motaung36@yahoo.com,2024-12-20,Bergville,Female
1143,Sandile,Mhlongo,sandile.mhlongo40@gmail.com,2024-08-27,Ladysmith,Male
1144,Musa,Khumalo,musa.khumalo95@gmail.com,2024-11-03,Harrismith,Male
1145,David,Sithole,david.sithole24@outlook.com,2024-12-20,Phuthaditjhaba,Male
1146,Sarah,Gumede,sarah.gumede29@outlook.com,2024-06-18,Bethlehem,Female
1147,Zanele,Mnguni,zanele.mnguni19@yahoo.com,2024-10-23,Harrismith,Male
1148,Khulekani,Nkosi,khulekani.nkosi42@yahoo.com,2024-10-16,Harrismith,Male
1149,Nomsa,Hadebe,nomsa.hadebe47@gmail.com,2024-06-20,Harrismith,Male
1150,Thandeka,Van der Merwe,thandeka.vandermerwe16@gmail.com,2024-11-11,Ladysmith,Female
1151,Nokwanda,Mahlangu,nokwanda.mahlangu32@outlook.com,2024-06-02,Harrismith,Male
1152,Mthokozisi,Du Plessis,mthokozisi.duplessis56@yahoo.com,2024-08-02,Phuthaditjhaba,Female
1153,Siyanda,Mofokeng,siyanda.mofokeng24@gmail.com,2024-06-17,Phuthaditjhaba,Female
1154,Nozipho,Dlamini,nozipho.dlamini15@gmail.com,2024-03-24,Bergville,Male
1155,Elmarie,Jones,elmarie.jones27@yahoo.com,2024-02-23,Phuthaditjhaba,Female
1156,Sifiso,Van der Merwe,sifiso.vandermerwe55@outlook.com,2024-08-20,Bethlehem,Female
1157,Bongani,Motaung,bongani.motaung44@yahoo.com,2024-01-22,Harrismith,Female
1158,Pieter,Mkhize,pieter.mkhize53@gmail.com,2024-09-10,Colenso,Female
1159,Pieter,Ndlovu,pieter.ndlovu61@gmail.com,2024-04-22,Kestell,Female
1160,Sifiso,Myeni,sifiso.myeni68@gmail.com,2024-01-02,Harrismith,Male
1161,Anri,Williams,anri.williams59@yahoo.com,2024-11-23,Phuthaditjhaba,Male
1162,Jennifer,Khumalo,jennifer.khumalo63@outlook.com,2024-04-24,Phuthaditjhaba,Male
1163,Mpho,Myeni,mpho.myeni24@gmail.com,2024-12-20,Phuthaditjhaba,Male
1164,Lisa,Mnguni,lisa.mnguni17@outlook.com,2024-04-27,Phuthaditjhaba,Female
1165,Thabo,Hadebe,thabo.hadebe23@gmail.com,2024-08-26,Harrismith,Male
1166,Nozipho,Hadebe,nozipho.hadebe85@gmail.com,2024-11-15,Harrismith,Female
1167,Sibusiso,Nkosi,sibusiso.nkosi82@yahoo.com,2024-04-19,Bethlehem,Male
1168,Thandeka,Brown,thandeka.brown58@outlook.com,2024-05-02,Phuthaditjhaba,Male
1169,Nozipho,Cele,nozipho.cele97@outlook.com,2024-09-03,Ladysmith,Female
1170,Michael,Mthembu,michael.mthembu26@gmail.com,2024-06-18,Ladysmith,Male
1171,Khulekani,Brown,khulekani.brown72@gmail.com,2024-07-11,Harrismith,Male
1172,Palesa,Williams,palesa.williams62@gmail.com,2024-04-15,Harrismith,Male
1173,Ntombi,Botha,ntombi.botha18@gmail.com,2024-07-23,Harrismith,Male
1174,Busisiwe,Nkosi,busisiwe.nkosi50@gmail.com,2024-04-04,Harrismith,Male
1175,Dineo,Jones,dineo.jones96@gmail.com,2024-01-04,Vrede,Female
1176,Thandeka,Khumalo,thandeka.khumalo83@yahoo.com,2024-07-04,Harrismith,Female
1177,Kagiso,Jones,kagiso.jones95@outlook.com,2024-01-06,Phuthaditjhaba,Female
1178,Elmarie,Van der Merwe,elmarie.vandermerwe98@yahoo.com,2024-02-07,Harrismith,Female
1179,Siyanda,Mokoena,siyanda.mokoena94@yahoo.com,2024-07-02,Harrismith,Male
1180,Anri,Smith,anri.smith94@yahoo.com,2024-01-16,Kestell,Female
1181,Thabo,Molefe,thabo.molefe81@outlook.com,2024-10-11,Harrismith,Female
1182,Sibusiso,Mthembu,sibusiso.mthembu11@yahoo.com,2024-02-28,Vrede,Male
1183,Sibusiso,Jones,sibusiso.jones70@outlook.com,2024-03-13,Ladysmith,Female
1184,Mpho,Mnguni,mpho.mnguni19@yahoo.com,2024-05-28,Harrismith,Female
1185,David,Smith,david.smith52@yahoo.com,2024-08-13,Phuthaditjhaba,Male
1186,Khulekani,Mkhize,khulekani.mkhize38@gmail.com,2024-04-09,Vrede,Female
1187,Lindiwe,Mhlongo,lindiwe.mhlongo58@gmail.com,2024-11-19,Phuthaditjhaba,Female
1188,David,Cele,david.cele40@gmail.com,2024-10-26,Colenso,Male
1189,Lungelo,Mkhize,lungelo.mkhize66@yahoo.com,2024-07-03,Phuthaditjhaba,Male
1190,Mthokozisi,Molefe,mthokozisi.molefe73@gmail.com,2024-01-23,Harrismith,Female
1191,Refilwe,Khumalo,refilwe.khumalo25@outlook.com,2024-01-16,Harrismith,Female
1192,Mthokozisi,Mhlongo,mthokozisi.mhlongo12@gmail.com,2024-04-11,Ladysmith,Female
1193,David,Mthembu,david.mthembu62@gmail.com,2024-04-11,Harrismith,Male
1194,Sifiso,Du Plessis,sifiso.duplessis80@gmail.com,2024-05-25,Bethlehem,Female
1195,Nhlanhla,Zungu,nhlanhla.zungu21@outlook.com,2024-03-30,Harrismith,Male
1196,Nokwanda,Mthembu,nokwanda.mthembu91@gmail.com,2024-04-22,Bethlehem,Male
1197,Maria,Zungu,maria.zungu75@gmail.com,2024-05-14,Bethlehem,Male
1198,Khulekani,Mthembu,khulekani.mthembu93@outlook.com,2024-03-30,Phuthaditjhaba,Female
1199,Siyanda,Venter,siyanda.venter56@outlook.com,2024-06-22,Harrismith,Female
1200,Michael,Steyn,michael.steyn68@gmail.com,2024-10-10,Harrismith,Female
1201,Ntombi,Hadebe,ntombi.hadebe89@gmail.com,2024-05-05,Phuthaditjhaba,Male
1202,Jennifer,Taylor,jennifer.taylor94@gmail.com,2024-04-01,Phuthaditjhaba,Male
1203,Thabo,Mnguni,thabo.mnguni67@gmail.com,2024-04-10,Phuthaditjhaba,Male
1204,Sifiso,Cele,sifiso.cele94@gmail.com,2024-01-12,Harrismith,Female
1205,Tebogo,Botha,tebogo.botha53@gmail.com,2024-03-31,Harrismith,Female
1206,Sarah,Mthembu,sarah.mthembu91@yahoo.com,2024-05-14,Harrismith,Female
1207,Lerato,Zungu,lerato.zungu76@gmail.com,2024-02-21,Harrismith,Male
1208,Thandeka,Du Plessis,thandeka.duplessis23@gmail.com,2024-01-11,Harrismith,Male
1209,Maria,Jones,maria.jones31@gmail.com,2024-12-12,Vrede,Male
1210,Refilwe,Zulu,refilwe.zulu62@gmail.com,2024-03-11,Harrismith,Female
1211,Nthabiseng,Smith,nthabiseng.smith88@gmail.com,2024-07-13,Ladysmith,Male
1212,Nomsa,Pretorius,nomsa.pretorius25@yahoo.com,2024-12-01,Phuthaditjhaba,Male
1213,Nthabiseng,Sithole,nthabiseng.sithole68@yahoo.com,2024-02-26,Harrismith,Male
1214,Robert,Williams,robert.williams53@gmail.com,2024-06-22,Phuthaditjhaba,Female
1215,Zanele,Mofokeng,zanele.mofokeng63@gmail.com,2024-04-17,Colenso,Male
1216,Zanele,Taylor,zanele.taylor91@outlook.com,2024-06-05,Phuthaditjhaba,Male
1217,Sibusiso,Shabalala,sibusiso.shabalala67@gmail.com,2024-08-21,Bethlehem,Male
1218,Sarah,Brown,sarah.brown85@yahoo.com,2024-05-02,Phuthaditjhaba,Female
1219,Bongani,Smith,bongani.smith73@gmail.com,2024-07-08,Bethlehem,Female
1220,Khulekani,Mkhize,khulekani.mkhize16@gmail.com,2024-07-09,Harrismith,Male
1221,Michael,Gumede,michael.gumede65@yahoo.com,2024-12-04,Harrismith,Female
1222,Ntombi,Gumede,ntombi.gumede75@outlook.com,2024-03-28,Harrismith,Female
1223,Musa,Williams,musa.williams98@gmail.com,2024-09-26,Bethlehem,Female
1224,Musa,Myeni,musa.myeni26@gmail.com,2024-11-15,Phuthaditjhaba,Female
1225,Lwazi,Pretorius,lwazi.pretorius94@outlook.com,2024-08-10,Harrismith,Male
1226,James,Ndlovu,james.ndlovu74@yahoo.com,2024-12-30,Harrismith,Male
1227,Lisa,Mofokeng,lisa.mofokeng87@outlook.com,2024-02-03,Harrismith,Female
1228,Siyanda,Ndlovu,siyanda.ndlovu45@gmail.com,2024-03-01,Phuthaditjhaba,Female
1229,Mpho,Mofokeng,mpho.mofokeng53@yahoo.com,2024-03-14,Colenso,Female
1230,Jennifer,Mkhize,jennifer.mkhize27@gmail.com,2024-03-07,Phuthaditjhaba,Male
1231,Sifiso,Mnguni,sifiso.mnguni87@outlook.com,2024-04-07,Bethlehem,Male
1232,Elmarie,Du Plessis,elmarie.duplessis48@outlook.com,2024-04-08,Harrismith,Female
1233,Bongiwe,Venter,bongiwe.venter50@outlook.com,2024-09-29,Phuthaditjhaba,Male
1234,Michael,Mokoena,michael.mokoena90@gmail.com,2024-07-12,Harrismith,Female
1235,Khulekani,Ndlovu,khulekani.ndlovu36@yahoo.com,2024-12-21,Harrismith,Female
1236,Sibusiso,Venter,sibusiso.venter54@yahoo.com,2024-07-10,Colenso,Male
1237,Ayanda,Du Plessis,ayanda.duplessis93@yahoo.com,2024-06-11,Harrismith,Male
1238,Nhlanhla,Steyn,nhlanhla.steyn79@yahoo.com,2024-11-02,Harrismith,Male
1239,Thandolwethu,Shabalala,thandolwethu.shabalala24@outlook.com,2024-08-07,Harrismith,Female
1240,Refilwe,Mofokeng,refilwe.mofokeng84@gmail.com,2024-11-21,Colenso,Female
1241,Anna,Radebe,anna.radebe95@outlook.com,2024-05-05,Ladysmith,Male
1242,Lwazi,Shabalala,lwazi.shabalala78@gmail.com,2024-01-24,Harrismith,Male
1243,Busisiwe,Jones,busisiwe.jones64@outlook.com,2024-11-11,Harrismith,Male
1244,Maria,Shabalala,maria.shabalala13@gmail.com,2024-10-27,Harrismith,Female
1245,Heinrich,Mthembu,heinrich.mthembu16@yahoo.com,2024-04-06,Vrede,Female
1246,Jennifer,Jones,jennifer.jones30@outlook.com,2024-10-01,Bergville,Female
1247,Heinrich,Mofokeng,heinrich.mofokeng28@outlook.com,2024-05-30,Phuthaditjhaba,Female
1248,Thandeka,Pretorius,thandeka.pretorius47@gmail.com,2024-03-17,Harrismith,Female
1249,Nthabiseng,Zulu,nthabiseng.zulu79@gmail.com,2024-06-16,Bethlehem,Male
1250,Sandile,Khumalo,sandile.khumalo67@gmail.com,2024-05-06,Phuthaditjhaba,Female
1251,Bongani,Taylor,bongani.taylor96@outlook.com,2024-01-28,Bethlehem,Female
1252,Dineo,Williams,dineo.williams92@gmail.com,2024-11-18,Harrismith,Male
1253,Lerato,Hadebe,lerato.hadebe40@gmail.com,2024-05-23,Harrismith,Male
1254,Karen,Radebe,karen.radebe99@gmail.com,2024-03-05,Harrismith,Female
1255,Lisa,Nkosi,lisa.nkosi95@gmail.com,2024-09-17,Harrismith,Male
1256,Sandile,Mahlangu,sandile.mahlangu58@gmail.com,2024-10-26,Phuthaditjhaba,Male
1257,Karen,Shabalala,karen.shabalala97@gmail.com,2024-09-07,Harrismith,Male
1258,Sandile,Mthembu,sandile.mthembu80@gmail.com,2024-04-17,Harrismith,Male
1259,Thabo,Molefe,thabo.molefe42@gmail.com,2024-02-11,Harrismith,Female
1260,Bongani,Khumalo,bongani.khumalo66@outlook.com,2024-08-28,Ladysmith,Male
1261,Thandolwethu,Van der Merwe,thandolwethu.vandermerwe92@gmail.com,2024-12-05,Harrismith,Male
1262,Mthokozisi,Williams,mthokozisi.williams85@gmail.com,2024-11-10,Harrismith,Male
1263,Nomsa,Williams,nomsa.williams87@gmail.com,2024-02-03,Harrismith,Male
1264,Sandile,Brown,sandile.brown34@gmail.com,2024-03-26,Harrismith,Female
1265,Bongani,Mthembu,bongani.mthembu32@yahoo.com,2024-09-17,Harrismith,Male
1266,Sipho,Mahlangu,sipho.mahlangu32@yahoo.com,2024-07-17,Harrismith,Female
1267,Dineo,Shabalala,dineo.shabalala15@gmail.com,2024-11-26,Kestell,Male
1268,Bongani,Williams,bongani.williams81@gmail.com,2024-09-17,Harrismith,Female
1269,David,Williams,david.williams30@gmail.com,2024-07-10,Harrismith,Female
1270,Nthabiseng,Shabalala,nthabiseng.shabalala42@gmail.com,2024-09-12,Kestell,Male
1271,Palesa,Khumalo,palesa.khumalo69@yahoo.com,2024-09-22,Harrismith,Male
1272,Lwazi,Molefe,lwazi.molefe29@outlook.com,2024-08-25,Harrismith,Male
1273,Sarah,Myeni,sarah.myeni90@outlook.com,2024-04-01,Phuthaditjhaba,Female
1274,Bongiwe,Williams,bongiwe.williams72@outlook.com,2024-06-13,Harrismith,Male
1275,Michael,Taylor,michael.taylor19@yahoo.com,2024-12-30,Bergville,Male
1276,Musa,Venter,musa.venter38@outlook.com,2024-07-10,Phuthaditjhaba,Male
1277,Sibusiso,Pretorius,sibusiso.pretorius74@gmail.com,2024-09-26,Harrismith,Male
1278,Robert,Van der Merwe,robert.vandermerwe79@gmail.com,2024-12-21,Harrismith,Male
1279,Robert,Sithole,robert.sithole21@gmail.com,2024-09-04,Harrismith,Male
1280,James,Nkosi,james.nkosi37@yahoo.com,2024-09-10,Bergville,Female
1281,Nthabiseng,Mkhize,nthabiseng.mkhize47@gmail.com,2024-08-30,Ladysmith,Male
1282,James,Gumede,james.gumede89@gmail.com,2024-05-17,Colenso,Male
1283,Willem,Myeni,willem.myeni81@outlook.com,2024-10-24,Phuthaditjhaba,Female
1284,Nhlanhla,Brown,nhlanhla.brown11@gmail.com,2024-07-24,Harrismith,Male
1285,Lungelo,Sithole,lungelo.sithole54@gmail.com,2024-11-22,Harrismith,Male
1286,Lungelo,Botha,lungelo.botha92@outlook.com,2024-10-25,Harrismith,Male
1287,Lwazi,Botha,lwazi.botha15@yahoo.com,2024-11-28,Harrismith,Female
1288,Elmarie,Shabalala,elmarie.shabalala24@gmail.com,2024-01-19,Bethlehem,Female
1289,Johannes,Ntuli,johannes.ntuli79@yahoo.com,2024-04-16,Harrismith,Female
1290,Elmarie,Du Plessis,elmarie.duplessis76@yahoo.com,2024-04-22,Sterkfontein,Female
1291,Willem,Gumede,willem.gumede75@gmail.com,2024-04-13,Phuthaditjhaba,Male
1292,Anri,Zungu,anri.zungu15@gmail.com,2024-08-19,Phuthaditjhaba,Female
1293,Sibusiso,Sithole,sibusiso.sithole93@gmail.com,2024-04-30,Ladysmith,Female
1294,Nomsa,Molefe,nomsa.molefe75@gmail.com,2024-07-21,Harrismith,Male
1295,Nozipho,Khumalo,nozipho.khumalo22@gmail.com,2024-04-21,Ladysmith,Female
1296,Busisiwe,Shabalala,busisiwe.shabalala78@gmail.com,2024-06-05,Phuthaditjhaba,Male
1297,Busisiwe,Mkhize,busisiwe.mkhize90@gmail.com,2024-08-05,Vrede,Male
1298,Lungelo,Shabalala,lungelo.shabalala95@yahoo.com,2024-07-12,Harrismith,Male
1299,Nomsa,Ndlovu,nomsa.ndlovu97@gmail.com,2024-10-19,Harrismith,Female
1300,Anna,Venter,anna.venter23@gmail.com,2024-03-21,Bethlehem,Male
1301,Sibusiso,Jones,sibusiso.jones99@outlook.com,2024-07-10,Harrismith,Female
1302,Dineo,Khumalo,dineo.khumalo65@outlook.com,2024-05-10,Bethlehem,Male
1303,Lungelo,Mnguni,lungelo.mnguni97@gmail.com,2024-10-08,Colenso,Male
1304,Nthabiseng,Du Plessis,nthabiseng.duplessis68@yahoo.com,2024-02-13,Harrismith,Male
1305,Nhlanhla,Steyn,nhlanhla.steyn19@gmail.com,2024-03-09,Harrismith,Female
1306,Nhlanhla,Radebe,nhlanhla.radebe42@gmail.com,2024-02-13,Bethlehem,Male
1307,Michael,Mkhize,michael.mkhize83@outlook.com,2024-05-31,Harrismith,Male
1308,Heinrich,Williams,heinrich.williams62@gmail.com,2024-08-15,Bethlehem,Male
1309,Musa,Hadebe,musa.hadebe90@gmail.com,2024-09-22,Bergville,Male
1310,Elmarie,Buthelezi,elmarie.buthelezi50@gmail.com,2024-06-29,Phuthaditjhaba,Male
1311,Lindiwe,Sithole,lindiwe.sithole96@gmail.com,2024-04-27,Bergville,Male
1312,Palesa,Zungu,palesa.zungu10@outlook.com,2024-10-25,Phuthaditjhaba,Male
1313,Anri,Molefe,anri.molefe84@gmail.com,2024-01-22,Phuthaditjhaba,Female
1314,Nthabiseng,Van der Merwe,nthabiseng.vandermerwe19@gmail.com,2024-08-26,Ladysmith,Female
1315,Bongani,Gumede,bongani.gumede74@gmail.com,2024-09-19,Phuthaditjhaba,Male
1316,Heinrich,Nkosi,heinrich.nkosi97@gmail.com,2024-11-14,Harrismith,Female
1317,Lisa,Williams,lisa.williams21@gmail.com,2024-06-21,Harrismith,Male
1318,Lungelo,Williams,lungelo.williams66@gmail.com,2024-08-06,Bethlehem,Male
1319,Nomsa,Mhlongo,nomsa.mhlongo94@gmail.com,2024-08-18,Colenso,Female
1320,Busisiwe,Molefe,busisiwe.molefe30@gmail.com,2024-08-27,Harrismith,Male
1321,Michael,Ndlovu,michael.ndlovu27@outlook.com,2024-08-09,Bethlehem,Female
1322,Thabo,Khumalo,thabo.khumalo79@gmail.com,2024-07-28,Bethlehem,Male
1323,Zanele,Steyn,zanele.steyn91@gmail.com,2024-07-07,Harrismith,Female
1324,Khulekani,Taylor,khulekani.taylor96@outlook.com,2024-09-11,Bergville,Female
1325,Nthabiseng,Cele,nthabiseng.cele92@gmail.com,2024-06-11,Phuthaditjhaba,Male
1326,Siyanda,Myeni,siyanda.myeni11@gmail.com,2024-05-19,Colenso,Female
1327,Willem,Motaung,willem.motaung81@gmail.com,2024-07-14,Phuthaditjhaba,Male
1328,Sarah,Motaung,sarah.motaung15@gmail.com,2024-01-13,Bergville,Male
1329,James,Khumalo,james.khumalo86@gmail.com,2024-04-01,Harrismith,Female
1330,Bongiwe,Molefe,bongiwe.molefe80@yahoo.com,2024-08-14,Harrismith,Female
1331,Anna,Venter,anna.venter54@gmail.com,2024-04-29,Ladysmith,Male
1332,Nomsa,Khumalo,nomsa.khumalo92@yahoo.com,2024-05-15,Harrismith,Female
1333,Siyanda,Shabalala,siyanda.shabalala33@gmail.com,2024-11-26,Vrede,Female
1334,Pieter,Mhlongo,pieter.mhlongo42@gmail.com,2024-02-08,Ladysmith,Male
1335,Thabo,Myeni,thabo.myeni33@outlook.com,2024-07-02,Sterkfontein,Male
1336,Pieter,Jones,pieter.jones16@outlook.com,2024-02-12,Phuthaditjhaba,Male
1337,Mpho,Molefe,mpho.molefe80@gmail.com,2024-05-30,Phuthaditjhaba,Female
1338,Anri,Mkhize,anri.mkhize80@gmail.com,2024-09-13,Harrismith,Male
1339,Kagiso,Molefe,kagiso.molefe95@gmail.com,2024-09-19,Harrismith,Female
1340,Elmarie,Mofokeng,elmarie.mofokeng22@gmail.com,2024-10-06,Harrismith,Female
1341,Ayanda,Hadebe,ayanda.hadebe84@gmail.com,2024-11-25,Phuthaditjhaba,Female
1342,Sibusiso,Zulu,sibusiso.zulu52@gmail.com,2024-02-10,Harrismith,Female
1343,Lisa,Sithole,lisa.sithole95@yahoo.com,2024-05-21,Harrismith,Female
1344,Lwazi,Myeni,lwazi.myeni89@gmail.com,2024-04-26,Bethlehem,Female
1345,Thandolwethu,Mahlangu,thandolwethu.mahlangu34@gmail.com,2024-02-20,Phuthaditjhaba,Female
1346,Sarah,Steyn,sarah.steyn67@gmail.com,2024-03-01,Bergville,Male
1347,Nokwanda,Radebe,nokwanda.radebe94@gmail.com,2024-02-06,Bergville,Male
1348,Nhlanhla,Radebe,nhlanhla.radebe84@gmail.com,2024-07-03,Ladysmith,Male
1349,Kagiso,Venter,kagiso.venter82@gmail.com,2024-01-20,Phuthaditjhaba,Female
1350,Bongiwe,Buthelezi,bongiwe.buthelezi50@yahoo.com,2024-10-06,Kestell,Female
1351,Nomsa,Jones,nomsa.jones50@gmail.com,2024-04-12,Colenso,Male
1352,Karen,Myeni,karen.myeni38@outlook.com,2024-06-19,Bergville,Male
1353,Nompumelelo,Du Plessis,nompumelelo.duplessis45@yahoo.com,2024-04-10,Phuthaditjhaba,Female
1354,Michael,Ndlovu,michael.ndlovu52@yahoo.com,2024-12-11,Harrismith,Female
1355,Nomsa,Botha,nomsa.botha55@yahoo.com,2024-06-17,Harrismith,Male
1356,Nompumelelo,Zungu,nompumelelo.zungu23@gmail.com,2024-05-08,Harrismith,Female
1357,Tebogo,Pretorius,tebogo.pretorius87@gmail.com,2024-06-03,Phuthaditjhaba,Female
1358,Nomsa,Molefe,nomsa.molefe45@yahoo.com,2024-12-15,Bethlehem,Female
1359,Nomsa,Steyn,nomsa.steyn78@gmail.com,2024-05-20,Phuthaditjhaba,Male
1360,Karen,Mnguni,karen.mnguni90@gmail.com,2024-04-07,Phuthaditjhaba,Male
1361,James,Ndlovu,james.ndlovu19@outlook.com,2024-12-27,Bethlehem,Male
1362,David,Hadebe,david.hadebe90@gmail.com,2024-11-05,Harrismith,Female
1363,Jennifer,Radebe,jennifer.radebe84@gmail.com,2024-03-11,Harrismith,Male
1364,Siyanda,Mahlangu,siyanda.mahlangu85@gmail.com,2024-10-05,Harrismith,Male
1365,Nomsa,Radebe,nomsa.radebe14@gmail.com,2024-05-13,Phuthaditjhaba,Female
1366,David,Smith,david.smith79@outlook.com,2024-01-05,Sterkfontein,Male
1367,Zanele,Mthembu,zanele.mthembu93@yahoo.com,2024-06-02,Bergville,Male
1368,Lindiwe,Nkosi,lindiwe.nkosi38@outlook.com,2024-05-24,Harrismith,Female
1369,Bongani,Ndlovu,bongani.ndlovu47@gmail.com,2024-06-26,Bergville,Female
1370,Sifiso,Mthembu,sifiso.mthembu74@gmail.com,2024-07-25,Harrismith,Male
1371,Bongani,Botha,bongani.botha60@gmail.com,2024-07-26,Ladysmith,Male
1372,Nozipho,Ntuli,nozipho.ntuli11@outlook.com,2024-10-23,Bethlehem,Male
1373,Nthabiseng,Motaung,nthabiseng.motaung88@outlook.com,2024-12-01,Phuthaditjhaba,Male
1374,Anna,Nkosi,anna.nkosi27@gmail.com,2024-01-07,Harrismith,Male
1375,Thandeka,Gumede,thandeka.gumede32@gmail.com,2024-08-29,Harrismith,Male
1376,Robert,Mnguni,robert.mnguni82@outlook.com,2024-11-30,Harrismith,Male
1377,Nthabiseng,Du Plessis,nthabiseng.duplessis71@yahoo.com,2024-09-19,Phuthaditjhaba,Male
1378,Karen,Steyn,karen.steyn72@gmail.com,2024-03-17,Vrede,Female
1379,Sifiso,Cele,sifiso.cele43@gmail.com,2024-07-22,Harrismith,Female
1380,Sipho,Van der Merwe,sipho.vandermerwe15@outlook.com,2024-04-26,Sterkfontein,Male
1381,Nokuthula,Taylor,nokuthula.taylor56@gmail.com,2024-04-26,Bethlehem,Male
1382,Zanele,Steyn,zanele.steyn68@yahoo.com,2024-04-17,Harrismith,Female
1383,Willem,Mhlongo,willem.mhlongo93@gmail.com,2024-08-30,Phuthaditjhaba,Male
1384,Lwazi,Khumalo,lwazi.khumalo76@yahoo.com,2024-04-29,Phuthaditjhaba,Male
1385,Karen,Zulu,karen.zulu43@gmail.com,2024-09-21,Ladysmith,Female
1386,Robert,Radebe,robert.radebe82@gmail.com,2024-10-27,Harrismith,Female
1387,Jennifer,Shabalala,jennifer.shabalala93@gmail.com,2024-10-09,Harrismith,Male
1388,Tebogo,Motaung,tebogo.motaung85@outlook.com,2024-08-27,Harrismith,Male
1389,Mpho,Cele,mpho.cele76@gmail.com,2024-08-24,Colenso,Female
1390,Bongiwe,Mhlongo,bongiwe.mhlongo38@gmail.com,2024-06-23,Harrismith,Female
1391,Lwazi,Ntuli,lwazi.ntuli55@yahoo.com,2024-02-13,Phuthaditjhaba,Female
1392,Thandolwethu,Smith,thandolwethu.smith71@yahoo.com,2024-06-09,Harrismith,Female
1393,Tebogo,Mahlangu,tebogo.mahlangu27@gmail.com,2024-04-06,Harrismith,Female
1394,Nthabiseng,Venter,nthabiseng.venter39@gmail.com,2024-08-07,Harrismith,Female
1395,Mpho,Venter,mpho.venter92@gmail.com,2024-12-23,Phuthaditjhaba,Male
1396,Anna,Jones,anna.jones29@gmail.com,2024-08-01,Harrismith,Male
1397,Musa,Taylor,musa.taylor56@outlook.com,2024-04-17,Ladysmith,Male
1398,Lwazi,Molefe,lwazi.molefe94@gmail.com,2024-08-12,Harrismith,Female
1399,Busisiwe,Williams,busisiwe.williams52@yahoo.com,2024-08-18,Phuthaditjhaba,Female
1400,Refilwe,Hadebe,refilwe.hadebe71@gmail.com,2024-10-12,Phuthaditjhaba,Female
1401,Anri,Mokoena,anri.mokoena85@gmail.com,2024-01-16,Colenso,Male
1402,Tebogo,Venter,tebogo.venter62@gmail.com,2024-07-10,Harrismith,Female
1403,Khulekani,Van der Merwe,khulekani.vandermerwe15@gmail.com,2024-03-12,Harrismith,Female
1404,Bongani,Mhlongo,bongani.mhlongo85@gmail.com,2024-10-22,Phuthaditjhaba,Male
1405,Thabo,Sithole,thabo.sithole90@gmail.com,2024-03-06,Bergville,Female
1406,Anri,Pretorius,anri.pretorius83@gmail.com,2024-06-05,Ladysmith,Male
1407,Nokuthula,Shabalala,nokuthula.shabalala31@gmail.com,2024-01-05,Harrismith,Male
1408,Robert,Van der Merwe,robert.vandermerwe33@gmail.com,2024-09-12,Ladysmith,Male
1409,Lungelo,Mahlangu,lungelo.mahlangu61@gmail.com,2024-12-03,Ladysmith,Female
1410,Bongani,Mokoena,bongani.mokoena82@outlook.com,2024-06-30,Bergville,Female
1411,Michael,Zulu,michael.zulu94@outlook.com,2024-06-22,Harrismith,Female
1412,Bongiwe,Du Plessis,bongiwe.duplessis37@gmail.com,2024-04-25,Harrismith,Male
1413,David,Brown,david.brown70@yahoo.com,2024-08-02,Harrismith,Female
1414,Mpho,Motaung,mpho.motaung62@outlook.com,2024-08-05,Ladysmith,Female
1415,Musa,Van der Merwe,musa.vandermerwe33@outlook.com,2024-12-17,Phuthaditjhaba,Female
1416,Johannes,Radebe,johannes.radebe31@yahoo.com,2024-07-25,Harrismith,Female
1417,Bongani,Venter,bongani.venter68@gmail.com,2024-12-19,Harrismith,Female
1418,Nthabiseng,Venter,nthabiseng.venter18@gmail.com,2024-10-02,Harrismith,Female
1419,Maria,Zungu,maria.zungu59@gmail.com,2024-06-02,Harrismith,Female
1420,Kagiso,Radebe,kagiso.radebe12@gmail.com,2024-06-15,Harrismith,Female
1421,Siyanda,Gumede,siyanda.gumede74@outlook.com,2024-10-27,Sterkfontein,Female
1422,Heinrich,Hadebe,heinrich.hadebe87@gmail.com,2024-01-12,Phuthaditjhaba,Male
1423,Michael,Mhlongo,michael.mhlongo70@outlook.com,2024-10-17,Harrismith,Female
1424,Thandolwethu,Gumede,thandolwethu.gumede78@gmail.com,2024-01-17,Harrismith,Male
1425,Refilwe,Steyn,refilwe.steyn25@gmail.com,2024-03-12,Sterkfontein,Female
1426,Nokuthula,Gumede,nokuthula.gumede94@gmail.com,2024-03-19,Harrismith,Male
1427,Busisiwe,Nkosi,busisiwe.nkosi87@gmail.com,2024-06-18,Harrismith,Female
1428,Jennifer,Ndlovu,jennifer.ndlovu10@outlook.com,2024-10-17,Sterkfontein,Male
1429,Thabo,Taylor,thabo.taylor93@gmail.com,2024-11-18,Phuthaditjhaba,Female
1430,Lwazi,Hadebe,lwazi.hadebe63@gmail.com,2024-11-04,Colenso,Male
1431,Lisa,Mhlongo,lisa.mhlongo15@yahoo.com,2024-11-07,Harrismith,Male
1432,Refilwe,Van der Merwe,refilwe.vandermerwe71@yahoo.com,2024-10-20,Harrismith,Male
1433,Lwazi,Ntuli,lwazi.ntuli85@outlook.com,2024-07-19,Colenso,Male
1434,Lungelo,Jones,lungelo.jones99@gmail.com,2024-07-14,Phuthaditjhaba,Male
1435,Musa,Zulu,musa.zulu64@gmail.com,2024-04-14,Phuthaditjhaba,Male
1436,Mpho,Zulu,mpho.zulu71@outlook.com,2024-07-19,Ladysmith,Female
1437,Thandeka,Du Plessis,thandeka.duplessis20@gmail.com,2024-02-02,Colenso,Female
1438,Lungelo,Gumede,lungelo.gumede79@gmail.com,2024-09-30,Phuthaditjhaba,Male
1439,Nompumelelo,Cele,nompumelelo.cele34@gmail.com,2024-07-16,Kestell,Male
1440,Lisa,Du Plessis,lisa.duplessis10@gmail.com,2024-04-06,Phuthaditjhaba,Female
1441,Nokwanda,Mnguni,nokwanda.mnguni25@gmail.com,2024-08-31,Vrede,Female
1442,Palesa,Dlamini,palesa.dlamini58@outlook.com,2024-02-25,Phuthaditjhaba,Male
1443,Kagiso,Mokoena,kagiso.mokoena50@gmail.com,2024-06-17,Sterkfontein,Male
1444,Sifiso,Mofokeng,sifiso.mofokeng23@gmail.com,2024-10-18,Harrismith,Female
1445,Bongiwe,Molefe,bongiwe.molefe93@gmail.com,2024-08-19,Bethlehem,Male
1446,Thandolwethu,Botha,thandolwethu.botha43@yahoo.com,2024-11-23,Phuthaditjhaba,Female
1447,Dineo,Williams,dineo.williams56@outlook.com,2024-06-04,Harrismith,Female
1448,Bongiwe,Taylor,bongiwe.taylor60@yahoo.com,2024-02-17,Bethlehem,Female
1449,Nozipho,Williams,nozipho.williams81@gmail.com,2024-03-28,Vrede,Male
1450,Mthokozisi,Mthembu,mthokozisi.mthembu57@gmail.com,2024-02-23,Bethlehem,Male
1451,Mpho,Taylor,mpho.taylor71@gmail.com,2024-12-11,Vrede,Female
1452,David,Zulu,david.zulu49@gmail.com,2024-10-10,Bethlehem,Female
1453,Sarah,Zungu,sarah.zungu60@outlook.com,2024-03-31,Harrismith,Male
1454,Mpho,Williams,mpho.williams94@gmail.com,2024-01-17,Sterkfontein,Female
1455,Nomsa,Du Plessis,nomsa.duplessis39@gmail.com,2024-12-18,Colenso,Male
1456,Zanele,Khumalo,zanele.khumalo99@yahoo.com,2024-11-04,Phuthaditjhaba,Male
1457,Mthokozisi,Brown,mthokozisi.brown75@gmail.com,2024-09-07,Harrismith,Female
1458,Elmarie,Hadebe,elmarie.hadebe53@outlook.com,2024-01-14,Ladysmith,Male
1459,Palesa,Shabalala,palesa.shabalala97@yahoo.com,2024-04-05,Bethlehem,Female
1460,Sipho,Pretorius,sipho.pretorius91@gmail.com,2024-04-11,Harrismith,Female
1461,Thabo,Sithole,thabo.sithole21@yahoo.com,2024-02-05,Bethlehem,Female
1462,Dineo,Molefe,dineo.molefe86@gmail.com,2024-07-16,Bergville,Male
1463,Ntombi,Mokoena,ntombi.mokoena18@gmail.com,2024-05-25,Colenso,Male
1464,Musa,Taylor,musa.taylor57@gmail.com,2024-04-15,Vrede,Male
1465,Mthokozisi,Williams,mthokozisi.williams14@outlook.com,2024-04-29,Bethlehem,Female
1466,Mpho,Smith,mpho.smith61@outlook.com,2024-05-29,Bethlehem,Female
1467,Siyanda,Williams,siyanda.williams86@gmail.com,2024-12-03,Phuthaditjhaba,Male
1468,Nompumelelo,Mahlangu,nompumelelo.mahlangu32@yahoo.com,2024-09-25,Harrismith,Female
1469,Heinrich,Zungu,heinrich.zungu35@outlook.com,2024-02-05,Ladysmith,Female
1470,Lisa,Hadebe,lisa.hadebe76@gmail.com,2024-08-20,Harrismith,Male
1471,Thandolwethu,Taylor,thandolwethu.taylor14@outlook.com,2024-01-30,Bethlehem,Female
1472,Elmarie,Hadebe,elmarie.hadebe99@gmail.com,2024-07-07,Ladysmith,Female
1473,Lisa,Mthembu,lisa.mthembu31@yahoo.com,2024-09-22,Phuthaditjhaba,Male
1474,Thabo,Mthembu,thabo.mthembu93@gmail.com,2024-01-06,Harrismith,Female
1475,Thandeka,Mthembu,thandeka.mthembu30@gmail.com,2024-03-28,Harrismith,Male
1476,Bongani,Molefe,bongani.molefe45@yahoo.com,2024-06-16,Harrismith,Male
1477,Ayanda,Smith,ayanda.smith60@gmail.com,2024-07-29,Bethlehem,Male
1478,Nokwanda,Cele,nokwanda.cele35@gmail.com,2024-07-19,Colenso,Female
1479,Michael,Myeni,michael.myeni18@outlook.com,2024-03-21,Harrismith,Female
1480,Sipho,Mhlongo,sipho.mhlongo81@yahoo.com,2024-02-26,Harrismith,Female
1481,Maria,Mahlangu,maria.mahlangu45@gmail.com,2024-03-07,Harrismith,Male
1482,Karen,Hadebe,karen.hadebe34@gmail.com,2024-10-01,Harrismith,Female
1483,Lisa,Molefe,lisa.molefe61@gmail.com,2024-08-02,Ladysmith,Female
1484,Nokwanda,Venter,nokwanda.venter43@gmail.com,2024-09-01,Harrismith,Male
1485,Elmarie,Venter,elmarie.venter74@gmail.com,2024-02-05,Phuthaditjhaba,Female
1486,Musa,Radebe,musa.radebe19@gmail.com,2024-07-18,Bergville,Female
1487,Sipho,Taylor,sipho.taylor53@outlook.com,2024-04-15,Harrismith,Male
1488,Refilwe,Steyn,refilwe.steyn42@outlook.com,2024-03-07,Harrismith,Female
1489,Maria,Smith,maria.smith83@gmail.com,2024-04-15,Vrede,Male
1490,Sipho,Hadebe,sipho.hadebe66@outlook.com,2024-06-07,Phuthaditjhaba,Female
1491,Johannes,Hadebe,johannes.hadebe41@outlook.com,2024-08-09,Bergville,Male
1492,Bongiwe,Mnguni,bongiwe.mnguni68@outlook.com,2024-12-29,Harrismith,Male
1493,Nozipho,Gumede,nozipho.gumede13@gmail.com,2024-12-06,Kestell,Male
1494,Nthabiseng,Steyn,nthabiseng.steyn43@gmail.com,2024-08-31,Phuthaditjhaba,Male
1495,Lwazi,Cele,lwazi.cele91@yahoo.com,2024-03-22,Harrismith,Male
1496,Lungelo,Nkosi,lungelo.nkosi99@gmail.com,2024-11-05,Phuthaditjhaba,Female
1497,Johannes,Williams,johannes.williams50@gmail.com,2024-10-21,Harrismith,Female
1498,Ntombi,Smith,ntombi.smith55@gmail.com,2024-06-07,Phuthaditjhaba,Female
1499,Lisa,Sithole,lisa.sithole11@yahoo.com,2024-10-27,Harrismith,Female
1500,Willem,Motaung,willem.motaung46@gmail.com,2024-04-13,Bethlehem,Female
1501,Nokuthula,Steyn,nokuthula.steyn96@yahoo.com,2024-09-14,Bethlehem,Male
1502,Nompumelelo,Nkosi,nompumelelo.nkosi80@yahoo.com,2024-12-16,Bethlehem,Male
1503,Nokwanda,Cele,nokwanda.cele55@gmail.com,2024-08-22,Bethlehem,Female
1504,Nthabiseng,Botha,nthabiseng.botha83@gmail.com,2024-05-21,Colenso,Male
1505,Siyanda,Buthelezi,siyanda.buthelezi97@yahoo.com,2024-04-13,Kestell,Female
1506,Lindiwe,Zulu,lindiwe.zulu35@gmail.com,2024-01-04,Harrismith,Female
1507,Willem,Cele,willem.cele40@yahoo.com,2024-03-14,Harrismith,Female
1508,Lerato,Radebe,lerato.radebe35@outlook.com,2024-08-16,Vrede,Female
1509,Lindiwe,Myeni,lindiwe.myeni55@gmail.com,2024-02-02,Harrismith,Female
1510,Nompumelelo,Brown,nompumelelo.brown23@gmail.com,2024-07-23,Harrismith,Female
1511,Dineo,Mahlangu,dineo.mahlangu20@outlook.com,2024-11-05,Colenso,Female
1512,Willem,Van der Merwe,willem.vandermerwe88@gmail.com,2024-05-06,Harrismith,Female
1513,Lwazi,Mthembu,lwazi.mthembu79@outlook.com,2024-09-26,Ladysmith,Male
1514,Nompumelelo,Sithole,nompumelelo.sithole57@yahoo.com,2024-06-17,Bethlehem,Male
1515,Nthabiseng,Zungu,nthabiseng.zungu83@yahoo.com,2024-10-18,Phuthaditjhaba,Female
1516,Palesa,Nkosi,palesa.nkosi75@gmail.com,2024-09-08,Bethlehem,Male
1517,Siyanda,Shabalala,siyanda.shabalala38@yahoo.com,2024-08-23,Phuthaditjhaba,Female
1518,Ayanda,Venter,ayanda.venter77@yahoo.com,2024-08-24,Ladysmith,Male
1519,Lungelo,Motaung,lungelo.motaung79@gmail.com,2024-10-21,Bethlehem,Female
1520,Pieter,Mahlangu,pieter.mahlangu54@gmail.com,2024-01-21,Vrede,Male
1521,Sipho,Motaung,sipho.motaung97@yahoo.com,2024-02-16,Harrismith,Male
1522,James,Ntuli,james.ntuli25@yahoo.com,2024-05-27,Ladysmith,Female
1523,Sandile,Motaung,sandile.motaung98@gmail.com,2024-11-26,Phuthaditjhaba,Female
1524,Nhlanhla,Hadebe,nhlanhla.hadebe96@gmail.com,2024-08-21,Harrismith,Female
1525,Anri,Cele,anri.cele84@gmail.com,2024-06-26,Vrede,Female
1526,Johannes,Zulu,johannes.zulu56@yahoo.com,2024-12-24,Colenso,Male
1527,Refilwe,Molefe,refilwe.molefe80@gmail.com,2024-12-30,Harrismith,Female
1528,Sandile,Myeni,sandile.myeni44@gmail.com,2024-06-01,Ladysmith,Male
1529,Sandile,Ntuli,sandile.ntuli88@gmail.com,2024-07-19,Phuthaditjhaba,Male
1530,Lerato,Venter,lerato.venter33@gmail.com,2024-11-09,Kestell,Male
1531,Lwazi,Cele,lwazi.cele36@gmail.com,2024-03-30,Bethlehem,Male
1532,Nhlanhla,Myeni,nhlanhla.myeni57@gmail.com,2024-07-31,Ladysmith,Male
1533,Anna,Brown,anna.brown61@gmail.com,2024-05-07,Harrismith,Female
1534,Dineo,Venter,dineo.venter33@gmail.com,2024-04-01,Colenso,Female
1535,Palesa,Mkhize,palesa.mkhize83@outlook.com,2024-11-12,Ladysmith,Male
1536,Bongani,Mhlongo,bongani.mhlongo44@outlook.com,2024-08-09,Phuthaditjhaba,Female
1537,Ntombi,Mnguni,ntombi.mnguni58@gmail.com,2024-08-22,Harrismith,Male
1538,Palesa,Smith,palesa.smith29@gmail.com,2024-07-15,Bethlehem,Male
1539,Johannes,Mnguni,johannes.mnguni11@gmail.com,2024-12-03,Harrismith,Female
1540,Busisiwe,Jones,busisiwe.jones73@gmail.com,2024-04-03,Kestell,Male
1541,David,Botha,david.botha90@gmail.com,2024-12-23,Kestell,Female
1542,Anna,Cele,anna.cele50@yahoo.com,2024-10-18,Bethlehem,Female
1543,Nozipho,Zungu,nozipho.zungu81@yahoo.com,2024-02-18,Harrismith,Female
1544,Michael,Van der Merwe,michael.vandermerwe22@yahoo.com,2024-07-20,Kestell,Male
1545,Dineo,Pretorius,dineo.pretorius42@gmail.com,2024-12-23,Harrismith,Female
1546,Lerato,Steyn,lerato.steyn90@gmail.com,2024-01-23,Harrismith,Female
1547,Thandeka,Buthelezi,thandeka.buthelezi52@gmail.com,2024-05-02,Ladysmith,Male
1548,Mpho,Steyn,mpho.steyn56@gmail.com,2024-03-21,Vrede,Female
1549,Lindiwe,Du Plessis,lindiwe.duplessis42@gmail.com,2024-05-20,Phuthaditjhaba,Male
1550,Karen,Ntuli,karen.ntuli62@gmail.com,2024-11-17,Ladysmith,Female
1551,Mpho,Gumede,mpho.gumede96@yahoo.com,2024-10-02,Harrismith,Male
1552,Sipho,Venter,sipho.venter83@outlook.com,2024-05-29,Harrismith,Female
1553,Lungelo,Cele,lungelo.cele46@gmail.com,2024-12-07,Phuthaditjhaba,Male
1554,Sifiso,Jones,sifiso.jones96@gmail.com,2024-02-04,Phuthaditjhaba,Male
1555,Elmarie,Pretorius,elmarie.pretorius67@yahoo.com,2024-12-23,Phuthaditjhaba,Female
1556,Johannes,Du Plessis,johannes.duplessis46@gmail.com,2024-04-21,Harrismith,Male
1557,Sibusiso,Sithole,sibusiso.sithole28@outlook.com,2024-09-09,Phuthaditjhaba,Male
1558,Tebogo,Mnguni,tebogo.mnguni53@gmail.com,2024-07-29,Harrismith,Male
1559,Elmarie,Brown,elmarie.brown88@gmail.com,2024-10-10,Harrismith,Male
1560,Sifiso,Taylor,sifiso.taylor19@gmail.com,2024-03-03,Colenso,Female
1561,David,Jones,david.jones53@gmail.com,2024-07-07,Phuthaditjhaba,Male
1562,Thandeka,Mahlangu,thandeka.mahlangu50@outlook.com,2024-02-09,Colenso,Female
1563,Pieter,Du Plessis,pieter.duplessis87@yahoo.com,2024-02-23,Harrismith,Male
1564,Robert,Mthembu,robert.mthembu66@outlook.com,2024-09-15,Bethlehem,Male
1565,Nhlanhla,Du Plessis,nhlanhla.duplessis85@gmail.com,2024-06-15,Harrismith,Male
1566,Mpho,Ndlovu,mpho.ndlovu67@gmail.com,2024-07-28,Harrismith,Male
1567,Sipho,Jones,sipho.jones33@yahoo.com,2024-08-18,Harrismith,Female
1568,Thandolwethu,Shabalala,thandolwethu.shabalala40@outlook.com,2024-03-25,Harrismith,Female
1569,Elmarie,Botha,elmarie.botha99@yahoo.com,2024-05-09,Bethlehem,Female
1570,Thabo,Cele,thabo.cele60@gmail.com,2024-04-16,Harrismith,Female
1571,Jennifer,Ntuli,jennifer.ntuli18@yahoo.com,2024-09-16,Harrismith,Female
1572,Michael,Zungu,michael.zungu16@gmail.com,2024-01-23,Phuthaditjhaba,Male
1573,Nozipho,Mnguni,nozipho.mnguni60@gmail.com,2024-08-24,Harrismith,Female
1574,Sibusiso,Pretorius,sibusiso.pretorius20@gmail.com,2024-01-14,Ladysmith,Male
1575,Nompumelelo,Pretorius,nompumelelo.pretorius89@gmail.com,2024-02-07,Kestell,Female
1576,Nompumelelo,Molefe,nompumelelo.molefe93@yahoo.com,2024-11-23,Vrede,Female
1577,Lwazi,Mokoena,lwazi.mokoena39@gmail.com,2024-12-21,Harrismith,Male
1578,Nhlanhla,Van der Merwe,nhlanhla.vandermerwe46@gmail.com,2024-12-11,Harrismith,Female
1579,Maria,Van der Merwe,maria.vandermerwe26@gmail.com,2024-08-24,Harrismith,Male
1580,Elmarie,Zulu,elmarie.zulu31@gmail.com,2024-07-14,Harrismith,Male
1581,Bongani,Myeni,bongani.myeni94@gmail.com,2024-06-24,Harrismith,Female
1582,Lwazi,Buthelezi,lwazi.buthelezi51@yahoo.com,2024-07-23,Ladysmith,Female
1583,Dineo,Buthelezi,dineo.buthelezi79@outlook.com,2024-04-09,Harrismith,Female
1584,Nokuthula,Zulu,nokuthula.zulu27@outlook.com,2024-07-22,Phuthaditjhaba,Female
1585,Tebogo,Mokoena,tebogo.mokoena32@gmail.com,2024-01-20,Phuthaditjhaba,Female
1586,Lwazi,Motaung,lwazi.motaung68@outlook.com,2024-01-06,Bergville,Female
1587,Thandeka,Smith,thandeka.smith82@gmail.com,2024-05-08,Phuthaditjhaba,Female
1588,Sibusiso,Cele,sibusiso.cele91@yahoo.com,2024-02-28,Harrismith,Female
1589,Refilwe,Mokoena,refilwe.mokoena54@gmail.com,2024-12-29,Bethlehem,Male
1590,David,Molefe,david.molefe39@yahoo.com,2024-03-10,Bergville,Female
1591,Refilwe,Dlamini,refilwe.dlamini56@gmail.com,2024-06-16,Bethlehem,Male
1592,Lwazi,Radebe,lwazi.radebe29@gmail.com,2024-12-09,Ladysmith,Female
1593,Willem,Motaung,willem.motaung10@gmail.com,2024-08-25,Harrismith,Female
1594,Tebogo,Cele,tebogo.cele27@gmail.com,2024-09-05,Bethlehem,Female
1595,Anna,Cele,anna.cele70@gmail.com,2024-08-24,Harrismith,Male
1596,Ayanda,Zungu,ayanda.zungu98@outlook.com,2024-02-04,Harrismith,Male
1597,Kagiso,Du Plessis,kagiso.duplessis71@gmail.com,2024-02-12,Vrede,Female
1598,Lisa,Venter,lisa.venter65@outlook.com,2024-10-07,Bethlehem,Female
1599,Musa,Du Plessis,musa.duplessis10@gmail.com,2024-12-02,Ladysmith,Male
1600,Nhlanhla,Zulu,nhlanhla.zulu34@gmail.com,2024-05-04,Harrismith,Female
1601,Willem,Ndlovu,willem.ndlovu81@gmail.com,2024-12-31,Harrismith,Male
1602,Lwazi,Buthelezi,lwazi.buthelezi41@gmail.com,2024-08-12,Harrismith,Female
1603,Pieter,Mnguni,pieter.mnguni92@gmail.com,2024-03-12,Harrismith,Female
1604,Nozipho,Mthembu,nozipho.mthembu58@gmail.com,2024-08-29,Harrismith,Female
1605,Nompumelelo,Mkhize,nompumelelo.mkhize20@gmail.com,2024-05-22,Harrismith,Female
1606,Lindiwe,Motaung,lindiwe.motaung40@gmail.com,2024-03-23,Bergville,Female
1607,Nokuthula,Mkhize,nokuthula.mkhize88@outlook.com,2024-03-28,Vrede,Male
1608,Robert,Mthembu,robert.mthembu46@outlook.com,2024-01-10,Harrismith,Female
1609,Refilwe,Taylor,refilwe.taylor44@gmail.com,2024-11-06,Kestell,Male
1610,Anna,Gumede,anna.gumede18@gmail.com,2024-02-21,Harrismith,Male
1611,Lisa,Mkhize,lisa.mkhize47@gmail.com,2024-03-31,Harrismith,Female
1612,Thabo,Du Plessis,thabo.duplessis68@yahoo.com,2024-05-30,Harrismith,Male
1613,Refilwe,Mthembu,refilwe.mthembu89@gmail.com,2024-03-04,Harrismith,Male
1614,Kagiso,Dlamini,kagiso.dlamini51@gmail.com,2024-09-30,Harrismith,Female
1615,Bongiwe,Steyn,bongiwe.steyn16@yahoo.com,2024-07-19,Vrede,Male
1616,Elmarie,Mokoena,elmarie.mokoena23@gmail.com,2024-03-27,Kestell,Female
1617,Karen,Smith,karen.smith26@outlook.com,2024-02-09,Harrismith,Female
1618,Sifiso,Du Plessis,sifiso.duplessis39@gmail.com,2024-12-09,Harrismith,Female
1619,Busisiwe,Mhlongo,busisiwe.mhlongo11@gmail.com,2024-01-06,Ladysmith,Male
1620,Tebogo,Mnguni,tebogo.mnguni53@gmail.com,2024-12-12,Harrismith,Female
1621,Anri,Myeni,anri.myeni73@yahoo.com,2024-05-19,Phuthaditjhaba,Male
1622,Heinrich,Gumede,heinrich.gumede14@gmail.com,2024-03-19,Bethlehem,Male
1623,Heinrich,Molefe,heinrich.molefe28@gmail.com,2024-08-13,Harrismith,Male
1624,Nozipho,Hadebe,nozipho.hadebe60@gmail.com,2024-07-02,Harrismith,Male
1625,Bongiwe,Mhlongo,bongiwe.mhlongo70@gmail.com,2024-04-01,Sterkfontein,Male
1626,David,Pretorius,david.pretorius42@outlook.com,2024-04-20,Bethlehem,Male
1627,James,Zungu,james.zungu25@outlook.com,2024-12-31,Phuthaditjhaba,Female
1628,Nompumelelo,Sithole,nompumelelo.sithole59@yahoo.com,2024-01-18,Harrismith,Male
1629,Siyanda,Smith,siyanda.smith14@gmail.com,2024-12-11,Harrismith,Female
1630,Lwazi,Radebe,lwazi.radebe22@gmail.com,2024-09-29,Kestell,Female
1631,Zanele,Mhlongo,zanele.mhlongo36@gmail.com,2024-04-20,Bethlehem,Female
1632,Kagiso,Botha,kagiso.botha97@outlook.com,2024-08-14,Bethlehem,Male
1633,David,Mkhize,david.mkhize30@yahoo.com,2024-12-22,Vrede,Female
1634,Lwazi,Dlamini,lwazi.dlamini80@gmail.com,2024-01-25,Harrismith,Female
1635,Mthokozisi,Smith,mthokozisi.smith42@gmail.com,2024-11-21,Harrismith,Male
1636,Nokuthula,Du Plessis,nokuthula.duplessis48@gmail.com,2024-09-24,Harrismith,Female
1637,Dineo,Zungu,dineo.zungu16@yahoo.com,2024-11-24,Bergville,Female
1638,Zanele,Mkhize,zanele.mkhize24@gmail.com,2024-12-05,Phuthaditjhaba,Male
1639,Khulekani,Taylor,khulekani.taylor65@gmail.com,2024-12-03,Harrismith,Female
1640,Nthabiseng,Mofokeng,nthabiseng.mofokeng31@outlook.com,2024-02-22,Phuthaditjhaba,Male
1641,Nozipho,Hadebe,nozipho.hadebe60@yahoo.com,2024-07-18,Harrismith,Female
1642,Refilwe,Venter,refilwe.venter15@gmail.com,2024-12-19,Harrismith,Female
1643,Sandile,Ndlovu,sandile.ndlovu98@gmail.com,2024-06-06,Phuthaditjhaba,Male
1644,Nhlanhla,Taylor,nhlanhla.taylor86@gmail.com,2024-08-15,Phuthaditjhaba,Male
1645,Nokwanda,Mokoena,nokwanda.mokoena21@gmail.com,2024-01-27,Phuthaditjhaba,Female
1646,Lerato,Mkhize,lerato.mkhize73@gmail.com,2024-11-02,Ladysmith,Female
1647,Sipho,Molefe,sipho.molefe89@gmail.com,2024-01-03,Harrismith,Male
1648,Nthabiseng,Cele,nthabiseng.cele90@gmail.com,2024-01-25,Harrismith,Male
1649,James,Venter,james.venter55@outlook.com,2024-07-12,Sterkfontein,Male
1650,Nokuthula,Van der Merwe,nokuthula.vandermerwe23@gmail.com,2024-04-13,Harrismith,Female
1651,Ntombi,Dlamini,ntombi.dlamini39@gmail.com,2024-05-07,Harrismith,Female
1652,Bongani,Botha,bongani.botha81@outlook.com,2024-07-10,Harrismith,Female
1653,Anri,Brown,anri.brown66@yahoo.com,2024-05-02,Bethlehem,Male
1654,Willem,Van der Merwe,willem.vandermerwe58@gmail.com,2024-04-12,Harrismith,Female
1655,Mthokozisi,Shabalala,mthokozisi.shabalala27@gmail.com,2024-02-16,Harrismith,Female
1656,Robert,Pretorius,robert.pretorius15@gmail.com,2024-01-09,Harrismith,Female
1657,Nhlanhla,Smith,nhlanhla.smith66@gmail.com,2024-08-03,Harrismith,Female
1658,Thandolwethu,Steyn,thandolwethu.steyn79@yahoo.com,2024-01-15,Bethlehem,Female
1659,Ayanda,Dlamini,ayanda.dlamini33@gmail.com,2024-01-08,Bethlehem,Female
1660,Pieter,Botha,pieter.botha51@yahoo.com,2024-06-21,Phuthaditjhaba,Male
1661,Sarah,Williams,sarah.williams86@outlook.com,2024-04-08,Ladysmith,Female
1662,Anna,Van der Merwe,anna.vandermerwe18@gmail.com,2024-12-14,Phuthaditjhaba,Female
1663,Nthabiseng,Zulu,nthabiseng.zulu67@gmail.com,2024-12-08,Colenso,Female
1664,Nokwanda,Sithole,nokwanda.sithole43@gmail.com,2024-02-02,Kestell,Female
1665,Busisiwe,Mhlongo,busisiwe.mhlongo68@gmail.com,2024-04-22,Harrismith,Female
1666,Ayanda,Steyn,ayanda.steyn91@gmail.com,2024-02-19,Harrismith,Male
1667,Thabo,Radebe,thabo.radebe33@outlook.com,2024-12-06,Vrede,Female
1668,Khulekani,Taylor,khulekani.taylor56@yahoo.com,2024-03-26,Bethlehem,Male
1669,Ntombi,Hadebe,ntombi.hadebe18@outlook.com,2024-03-26,Colenso,Male
1670,Lungelo,Steyn,lungelo.steyn59@gmail.com,2024-01-23,Harrismith,Male
1671,Ntombi,Sithole,ntombi.sithole97@gmail.com,2024-07-31,Ladysmith,Male
1672,Elmarie,Du Plessis,elmarie.duplessis80@gmail.com,2024-09-19,Phuthaditjhaba,Female
1673,Sandile,Williams,sandile.williams46@gmail.com,2024-02-25,Harrismith,Female
1674,Lindiwe,Buthelezi,lindiwe.buthelezi92@gmail.com,2024-06-16,Harrismith,Male
1675,Ayanda,Buthelezi,ayanda.buthelezi22@gmail.com,2024-06-14,Bethlehem,Male
1676,Jennifer,Molefe,jennifer.molefe18@gmail.com,2024-10-14,Phuthaditjhaba,Female
1677,Anri,Cele,anri.cele26@gmail.com,2024-11-16,Phuthaditjhaba,Female
1678,Nomsa,Mahlangu,nomsa.mahlangu14@gmail.com,2024-04-07,Phuthaditjhaba,Female
1679,Lisa,Mhlongo,lisa.mhlongo72@gmail.com,2024-11-15,Harrismith,Male
1680,Nthabiseng,Williams,nthabiseng.williams14@gmail.com,2024-04-16,Harrismith,Female
1681,Thandeka,Motaung,thandeka.motaung59@outlook.com,2024-10-04,Harrismith,Female
1682,Anri,Cele,anri.cele99@gmail.com,2024-07-21,Harrismith,Female
1683,Musa,Mnguni,musa.mnguni16@gmail.com,2024-08-07,Harrismith,Female
1684,Anri,Ntuli,anri.ntuli87@yahoo.com,2024-03-02,Harrismith,Female
1685,Lwazi,Van der Merwe,lwazi.vandermerwe36@outlook.com,2024-04-28,Sterkfontein,Male
1686,Jennifer,Ndlovu,jennifer.ndlovu20@gmail.com,2024-04-19,Ladysmith,Male
1687,Lisa,Myeni,lisa.myeni91@gmail.com,2024-02-24,Phuthaditjhaba,Female
1688,Sifiso,Shabalala,sifiso.shabalala81@outlook.com,2024-07-01,Sterkfontein,Female
1689,Tebogo,Myeni,tebogo.myeni57@yahoo.com,2024-06-14,Colenso,Female
1690,Khulekani,Williams,khulekani.williams88@gmail.com,2024-03-29,Harrismith,Male
1691,Heinrich,Khumalo,heinrich.khumalo15@outlook.com,2024-01-08,Harrismith,Female
1692,Nokuthula,Sithole,nokuthula.sithole19@outlook.com,2024-07-24,Phuthaditjhaba,Female
1693,Sibusiso,Zulu,sibusiso.zulu22@gmail.com,2024-11-30,Sterkfontein,Female
1694,David,Hadebe,david.hadebe39@gmail.com,2024-06-10,Colenso,Male
1695,Elmarie,Zungu,elmarie.zungu34@gmail.com,2024-01-07,Phuthaditjhaba,Female
1696,Lisa,Mnguni,lisa.mnguni94@gmail.com,2024-07-18,Harrismith,Male
1697,Heinrich,Mahlangu,heinrich.mahlangu90@outlook.com,2024-04-18,Harrismith,Female
1698,Siyanda,Radebe,siyanda.radebe81@gmail.com,2024-08-22,Ladysmith,Male
1699,Nompumelelo,Venter,nompumelelo.venter23@outlook.com,2024-04-22,Phuthaditjhaba,Female
1700,James,Myeni,james.myeni96@gmail.com,2024-02-03,Harrismith,Male
1701,Heinrich,Shabalala,heinrich.shabalala95@gmail.com,2024-12-02,Harrismith,Female
1702,Mpho,Sithole,mpho.sithole23@gmail.com,2024-05-22,Harrismith,Female
1703,Khulekani,Ntuli,khulekani.ntuli33@gmail.com,2024-11-28,Harrismith,Male
1704,Nthabiseng,Gumede,nthabiseng.gumede74@gmail.com,2024-11-15,Harrismith,Female
1705,Mthokozisi,Ndlovu,mthokozisi.ndlovu30@gmail.com,2024-07-07,Harrismith,Male
1706,Palesa,Hadebe,palesa.hadebe86@gmail.com,2024-01-23,Harrismith,Female
1707,Ntombi,Shabalala,ntombi.shabalala55@outlook.com,2024-02-04,Bethlehem,Male
1708,Ntombi,Zulu,ntombi.zulu51@yahoo.com,2024-04-21,Bethlehem,Male
1709,Jennifer,Mhlongo,jennifer.mhlongo91@gmail.com,2024-07-29,Harrismith,Female
1710,Sarah,Molefe,sarah.molefe51@outlook.com,2024-06-03,Phuthaditjhaba,Female
1711,Mthokozisi,Hadebe,mthokozisi.hadebe37@gmail.com,2024-11-02,Harrismith,Female
1712,Nthabiseng,Motaung,nthabiseng.motaung80@yahoo.com,2024-09-12,Harrismith,Female
1713,Palesa,Mhlongo,palesa.mhlongo67@gmail.com,2024-02-22,Harrismith,Male
1714,Heinrich,Zulu,heinrich.zulu60@gmail.com,2024-12-30,Harrismith,Male
1715,Bongani,Mhlongo,bongani.mhlongo14@outlook.com,2024-10-01,Harrismith,Male
1716,Thandolwethu,Steyn,thandolwethu.steyn76@gmail.com,2024-10-18,Harrismith,Male
1717,Kagiso,Nkosi,kagiso.nkosi48@gmail.com,2024-03-28,Phuthaditjhaba,Female
1718,Nthabiseng,Taylor,nthabiseng.taylor38@gmail.com,2024-05-08,Bethlehem,Male
1719,Palesa,Botha,palesa.botha50@gmail.com,2024-02-18,Colenso,Male
1720,Dineo,Dlamini,dineo.dlamini98@outlook.com,2024-11-03,Ladysmith,Female
1721,Tebogo,Ntuli,tebogo.ntuli75@gmail.com,2024-06-15,Bethlehem,Male
1722,Michael,Khumalo,michael.khumalo83@gmail.com,2024-11-19,Phuthaditjhaba,Female
1723,Zanele,Mthembu,zanele.mthembu14@gmail.com,2024-12-22,Bethlehem,Male
1724,Musa,Mofokeng,musa.mofokeng29@gmail.com,2024-07-17,Bethlehem,Male
1725,Nokwanda,Jones,nokwanda.jones56@yahoo.com,2024-12-13,Phuthaditjhaba,Male
1726,Sandile,Khumalo,sandile.khumalo42@yahoo.com,2024-12-21,Ladysmith,Male
1727,Pieter,Mnguni,pieter.mnguni61@gmail.com,2024-03-09,Harrismith,Male
1728,Ayanda,Zulu,ayanda.zulu37@outlook.com,2024-06-19,Harrismith,Female
1729,Nokwanda,Khumalo,nokwanda.khumalo71@gmail.com,2024-03-30,Phuthaditjhaba,Female
1730,Thandolwethu,Cele,thandolwethu.cele98@outlook.com,2024-11-21,Harrismith,Male
1731,Bongiwe,Mthembu,bongiwe.mthembu22@gmail.com,2024-12-18,Harrismith,Male
1732,Bongani,Du Plessis,bongani.duplessis48@gmail.com,2024-06-11,Harrismith,Male
1733,Willem,Motaung,willem.motaung83@gmail.com,2024-12-07,Phuthaditjhaba,Female
1734,Willem,Mkhize,willem.mkhize17@yahoo.com,2024-09-03,Phuthaditjhaba,Female
1735,Dineo,Molefe,dineo.molefe65@gmail.com,2024-02-04,Phuthaditjhaba,Male
1736,Michael,Motaung,michael.motaung25@yahoo.com,2024-06-20,Harrismith,Female
1737,Anri,Williams,anri.williams93@outlook.com,2024-01-10,Harrismith,Female
1738,Willem,Brown,willem.brown91@yahoo.com,2024-11-07,Harrismith,Female
1739,Nomsa,Shabalala,nomsa.shabalala49@gmail.com,2024-10-26,Ladysmith,Female
1740,Bongiwe,Brown,bongiwe.brown50@gmail.com,2024-08-17,Phuthaditjhaba,Female
1741,Willem,Brown,willem.brown29@gmail.com,2024-07-14,Harrismith,Male
1742,Pieter,Ndlovu,pieter.ndlovu99@gmail.com,2024-09-18,Phuthaditjhaba,Male
1743,Ntombi,Mnguni,ntombi.mnguni16@outlook.com,2024-11-23,Harrismith,Male
1744,Karen,Molefe,karen.molefe67@outlook.com,2024-04-29,Colenso,Female
1745,Ayanda,Jones,ayanda.jones21@gmail.com,2024-09-14,Harrismith,Male
1746,Lerato,Sithole,lerato.sithole47@yahoo.com,2024-10-27,Phuthaditjhaba,Female
1747,Khulekani,Mkhize,khulekani.mkhize53@gmail.com,2024-12-26,Phuthaditjhaba,Male
1748,Robert,Mnguni,robert.mnguni83@outlook.com,2024-01-07,Harrismith,Female
1749,Pieter,Taylor,pieter.taylor43@gmail.com,2024-04-29,Harrismith,Male
1750,James,Myeni,james.myeni74@gmail.com,2024-01-11,Phuthaditjhaba,Female
1751,Thabo,Molefe,thabo.molefe99@gmail.com,2024-11-11,Vrede,Male
1752,Johannes,Buthelezi,johannes.buthelezi27@gmail.com,2024-03-04,Harrismith,Female
1753,Refilwe,Dlamini,refilwe.dlamini35@gmail.com,2024-06-07,Harrismith,Female
1754,Khulekani,Nkosi,khulekani.nkosi93@gmail.com,2024-05-01,Harrismith,Female
1755,Pieter,Steyn,pieter.steyn81@outlook.com,2024-08-07,Harrismith,Male
1756,Willem,Mhlongo,willem.mhlongo41@gmail.com,2024-05-04,Harrismith,Female
1757,Michael,Mnguni,michael.mnguni44@yahoo.com,2024-11-13,Ladysmith,Male
1758,Nompumelelo,Mofokeng,nompumelelo.mofokeng83@gmail.com,2024-02-10,Phuthaditjhaba,Male
1759,Nompumelelo,Mnguni,nompumelelo.mnguni95@gmail.com,2024-01-31,Harrismith,Female
1760,Michael,Brown,michael.brown56@gmail.com,2024-03-11,Harrismith,Female
1761,Sifiso,Buthelezi,sifiso.buthelezi51@gmail.com,2024-07-10,Bergville,Female
1762,Sandile,Van der Merwe,sandile.vandermerwe93@gmail.com,2024-09-12,Phuthaditjhaba,Male
1763,Sarah,Mhlongo,sarah.mhlongo49@gmail.com,2024-05-31,Bethlehem,Female
1764,Sandile,Jones,sandile.jones54@outlook.com,2024-04-13,Kestell,Female
1765,Palesa,Mahlangu,palesa.mahlangu66@yahoo.com,2024-03-18,Vrede,Male
1766,Elmarie,Pretorius,elmarie.pretorius39@gmail.com,2024-07-11,Colenso,Female
1767,Sarah,Zungu,sarah.zungu57@gmail.com,2024-04-14,Harrismith,Male
1768,Lerato,Sithole,lerato.sithole20@gmail.com,2024-11-24,Harrismith,Female
1769,Pieter,Mthembu,pieter.mthembu16@gmail.com,2024-01-20,Vrede,Female
1770,Dineo,Motaung,dineo.motaung89@outlook.com,2024-05-01,Harrismith,Male
1771,Lwazi,Nkosi,lwazi.nkosi46@gmail.com,2024-11-02,Bergville,Male
1772,Nozipho,Van der Merwe,nozipho.vandermerwe98@yahoo.com,2024-08-15,Vrede,Male
1773,Anna,Ntuli,anna.ntuli70@gmail.com,2024-06-17,Bethlehem,Male
1774,Sibusiso,Khumalo,sibusiso.khumalo36@yahoo.com,2024-03-09,Harrismith,Male
1775,Siyanda,Mokoena,siyanda.mokoena79@gmail.com,2024-05-22,Harrismith,Female
1776,Anri,Mthembu,anri.mthembu43@gmail.com,2024-06-11,Bethlehem,Male
1777,Musa,Shabalala,musa.shabalala89@yahoo.com,2024-11-25,Ladysmith,Female
1778,Nokuthula,Zulu,nokuthula.zulu99@yahoo.com,2024-01-21,Ladysmith,Female
1779,Michael,Van der Merwe,michael.vandermerwe94@gmail.com,2024-09-23,Phuthaditjhaba,Male
1780,Lerato,Mthembu,lerato.mthembu42@gmail.com,2024-07-31,Harrismith,Female
1781,Anna,Taylor,anna.taylor46@gmail.com,2024-11-27,Bethlehem,Male
1782,Karen,Shabalala,karen.shabalala99@yahoo.com,2024-05-27,Harrismith,Male
1783,Robert,Buthelezi,robert.buthelezi93@yahoo.com,2024-01-13,Sterkfontein,Male
1784,Lwazi,Mnguni,lwazi.mnguni94@gmail.com,2024-04-27,Harrismith,Male
1785,Lerato,Ntuli,lerato.ntuli94@gmail.com,2024-06-18,Harrismith,Male
1786,Zanele,Zulu,zanele.zulu23@gmail.com,2024-06-24,Harrismith,Female
1787,Busisiwe,Molefe,busisiwe.molefe93@gmail.com,2024-05-04,Harrismith,Male
1788,Elmarie,Hadebe,elmarie.hadebe58@gmail.com,2024-04-15,Bethlehem,Female
1789,Musa,Du Plessis,musa.duplessis22@yahoo.com,2024-10-03,Ladysmith,Male
1790,Anri,Buthelezi,anri.buthelezi86@gmail.com,2024-01-28,Harrismith,Female
1791,Lindiwe,Venter,lindiwe.venter33@gmail.com,2024-12-06,Bethlehem,Male
1792,Nomsa,Venter,nomsa.venter68@gmail.com,2024-05-07,Kestell,Female
1793,Mpho,Van der Merwe,mpho.vandermerwe12@gmail.com,2024-12-17,Phuthaditjhaba,Male
1794,Pieter,Steyn,pieter.steyn77@gmail.com,2024-12-22,Harrismith,Male
1795,Tebogo,Mahlangu,tebogo.mahlangu72@gmail.com,2024-04-23,Harrismith,Female
1796,Bongiwe,Myeni,bongiwe.myeni30@gmail.com,2024-11-07,Harrismith,Female
1797,Anri,Buthelezi,anri.buthelezi97@gmail.com,2024-07-14,Phuthaditjhaba,Male
1798,Tebogo,Motaung,tebogo.motaung90@gmail.com,2024-09-23,Vrede,Male
1799,Dineo,Steyn,dineo.steyn74@gmail.com,2024-06-13,Sterkfontein,Female
1800,Khulekani,Pretorius,khulekani.pretorius17@outlook.com,2024-04-03,Bethlehem,Female
1801,Pieter,Zulu,pieter.zulu13@outlook.com,2024-08-14,Bethlehem,Male
1802,Palesa,Mkhize,palesa.mkhize38@gmail.com,2024-11-18,Phuthaditjhaba,Male
1803,Khulekani,Mofokeng,khulekani.mofokeng60@yahoo.com,2024-01-04,Harrismith,Female
1804,Willem,Gumede,willem.gumede58@gmail.com,2024-02-03,Phuthaditjhaba,Female
1805,Mpho,Zulu,mpho.zulu96@outlook.com,2024-09-08,Phuthaditjhaba,Male
1806,Zanele,Jones,zanele.jones39@gmail.com,2024-02-05,Harrismith,Female
1807,James,Brown,james.brown83@gmail.com,2024-04-08,Ladysmith,Male
1808,Lerato,Myeni,lerato.myeni49@yahoo.com,2024-01-27,Phuthaditjhaba,Male
1809,Nompumelelo,Venter,nompumelelo.venter79@gmail.com,2024-11-20,Harrismith,Female
1810,Michael,Motaung,michael.motaung93@gmail.com,2024-03-13,Ladysmith,Male
1811,Nomsa,Motaung,nomsa.motaung79@yahoo.com,2024-04-14,Bethlehem,Male
1812,Johannes,Mahlangu,johannes.mahlangu27@gmail.com,2024-03-05,Harrismith,Male
1813,Sandile,Steyn,sandile.steyn77@yahoo.com,2024-02-16,Vrede,Female
1814,Busisiwe,Brown,busisiwe.brown28@outlook.com,2024-03-29,Harrismith,Male
1815,Bongani,Mkhize,bongani.mkhize30@gmail.com,2024-10-30,Bethlehem,Female
1816,Ntombi,Mnguni,ntombi.mnguni81@gmail.com,2024-10-08,Vrede,Male
1817,Busisiwe,Cele,busisiwe.cele25@gmail.com,2024-04-14,Bethlehem,Female
1818,Sipho,Van der Merwe,sipho.vandermerwe28@outlook.com,2024-04-30,Harrismith,Male
1819,Khulekani,Buthelezi,khulekani.buthelezi62@yahoo.com,2024-09-16,Phuthaditjhaba,Male
1820,Lerato,Steyn,lerato.steyn91@yahoo.com,2024-02-10,Harrismith,Male
1821,Nthabiseng,Mahlangu,nthabiseng.mahlangu34@gmail.com,2024-08-06,Bethlehem,Female
1822,Nhlanhla,Mhlongo,nhlanhla.mhlongo33@gmail.com,2024-08-27,Phuthaditjhaba,Female
1823,Lerato,Zulu,lerato.zulu88@outlook.com,2024-06-08,Harrismith,Female
1824,Nokuthula,Motaung,nokuthula.motaung88@gmail.com,2024-03-25,Phuthaditjhaba,Female
1825,Nokwanda,Motaung,nokwanda.motaung39@gmail.com,2024-04-11,Harrismith,Male
1826,Nthabiseng,Myeni,nthabiseng.myeni13@gmail.com,2024-05-05,Ladysmith,Male
1827,Musa,Molefe,musa.molefe98@yahoo.com,2024-08-05,Ladysmith,Male
1828,James,Brown,james.brown87@gmail.com,2024-03-31,Phuthaditjhaba,Male
1829,Lwazi,Van der Merwe,lwazi.vandermerwe93@gmail.com,2024-11-06,Harrismith,Female
1830,Thandeka,Botha,thandeka.botha59@gmail.com,2024-05-07,Colenso,Female
1831,Robert,Ntuli,robert.ntuli27@gmail.com,2024-06-04,Bethlehem,Female
1832,Bongiwe,Smith,bongiwe.smith38@gmail.com,2024-05-26,Bethlehem,Female
1833,Anri,Ndlovu,anri.ndlovu11@outlook.com,2024-10-22,Vrede,Female
1834,Ayanda,Shabalala,ayanda.shabalala38@outlook.com,2024-08-17,Harrismith,Female
1835,Mpho,Williams,mpho.williams36@gmail.com,2024-11-21,Harrismith,Male
1836,Ntombi,Ndlovu,ntombi.ndlovu66@yahoo.com,2024-04-13,Kestell,Female
1837,Maria,Mnguni,maria.mnguni51@outlook.com,2024-05-19,Harrismith,Female
1838,Siyanda,Zungu,siyanda.zungu64@gmail.com,2024-09-03,Phuthaditjhaba,Male
1839,Sifiso,Zulu,sifiso.zulu15@outlook.com,2024-02-10,Bethlehem,Female
1840,Sifiso,Pretorius,sifiso.pretorius50@gmail.com,2024-07-03,Harrismith,Female
1841,Nompumelelo,Brown,nompumelelo.brown83@gmail.com,2024-07-22,Harrismith,Male
1842,Thandolwethu,Mthembu,thandolwethu.mthembu77@outlook.com,2024-07-12,Harrismith,Male
1843,Thandeka,Khumalo,thandeka.khumalo14@gmail.com,2024-03-26,Phuthaditjhaba,Male
1844,Ntombi,Zungu,ntombi.zungu67@gmail.com,2024-08-29,Bethlehem,Female
1845,Siyanda,Ntuli,siyanda.ntuli15@yahoo.com,2024-08-13,Colenso,Male
1846,Refilwe,Cele,refilwe.cele78@gmail.com,2024-08-04,Phuthaditjhaba,Male
1847,Lungelo,Ntuli,lungelo.ntuli15@gmail.com,2024-09-15,Harrismith,Male
1848,Karen,Smith,karen.smith76@outlook.com,2024-11-08,Phuthaditjhaba,Female
1849,Lerato,Steyn,lerato.steyn34@gmail.com,2024-08-09,Harrismith,Male
1850,Refilwe,Dlamini,refilwe.dlamini60@outlook.com,2024-03-20,Harrismith,Female
1851,Robert,Ntuli,robert.ntuli46@gmail.com,2024-09-03,Harrismith,Female
1852,Nozipho,Zungu,nozipho.zungu64@gmail.com,2024-01-11,Phuthaditjhaba,Female
1853,Pieter,Sithole,pieter.sithole16@outlook.com,2024-07-14,Harrismith,Female
1854,Anna,Cele,anna.cele69@yahoo.com,2024-08-06,Phuthaditjhaba,Female
1855,Thandolwethu,Van der Merwe,thandolwethu.vandermerwe74@gmail.com,2024-02-12,Phuthaditjhaba,Female
1856,Nhlanhla,Ntuli,nhlanhla.ntuli84@outlook.com,2024-06-02,Harrismith,Female
1857,Bongani,Taylor,bongani.taylor27@gmail.com,2024-10-31,Harrismith,Male
1858,Karen,Van der Merwe,karen.vandermerwe51@gmail.com,2024-10-02,Phuthaditjhaba,Male
1859,Ayanda,Venter,ayanda.venter32@gmail.com,2024-03-19,Harrismith,Female
1860,Mthokozisi,Du Plessis,mthokozisi.duplessis35@yahoo.com,2024-10-10,Harrismith,Female
1861,Nthabiseng,Brown,nthabiseng.brown51@outlook.com,2024-03-30,Harrismith,Female
1862,Lungelo,Mhlongo,lungelo.mhlongo30@yahoo.com,2024-05-11,Phuthaditjhaba,Female
1863,Ayanda,Mnguni,ayanda.mnguni24@outlook.com,2024-07-13,Harrismith,Female
1864,Ntombi,Jones,ntombi.jones20@gmail.com,2024-08-25,Phuthaditjhaba,Male
1865,Refilwe,Steyn,refilwe.steyn59@outlook.com,2024-06-05,Harrismith,Female
1866,Nozipho,Botha,nozipho.botha88@yahoo.com,2024-08-20,Harrismith,Female
1867,Sifiso,Williams,sifiso.williams58@gmail.com,2024-05-25,Harrismith,Female
1868,Thandeka,Hadebe,thandeka.hadebe31@outlook.com,2024-07-11,Kestell,Female
1869,Robert,Gumede,robert.gumede94@yahoo.com,2024-10-14,Harrismith,Female
1870,Sipho,Mhlongo,sipho.mhlongo28@gmail.com,2024-11-06,Harrismith,Male
1871,Johannes,Mokoena,johannes.mokoena16@gmail.com,2024-09-03,Harrismith,Female
1872,Michael,Cele,michael.cele49@outlook.com,2024-02-06,Harrismith,Female
1873,Elmarie,Venter,elmarie.venter46@yahoo.com,2024-06-19,Phuthaditjhaba,Male
1874,Lwazi,Ntuli,lwazi.ntuli26@yahoo.com,2024-03-10,Phuthaditjhaba,Male
1875,Maria,Williams,maria.williams42@gmail.com,2024-08-28,Harrismith,Male
1876,Bongani,Venter,bongani.venter73@outlook.com,2024-04-10,Harrismith,Male
1877,David,Motaung,david.motaung10@yahoo.com,2024-03-20,Harrismith,Male
1878,Busisiwe,Mthembu,busisiwe.mthembu37@gmail.com,2024-04-07,Harrismith,Female
1879,Dineo,Buthelezi,dineo.buthelezi70@gmail.com,2024-01-03,Harrismith,Male
1880,Thabo,Mahlangu,thabo.mahlangu66@gmail.com,2024-01-07,Sterkfontein,Female
1881,Willem,Nkosi,willem.nkosi86@gmail.com,2024-09-13,Phuthaditjhaba,Female
1882,Sarah,Botha,sarah.botha80@gmail.com,2024-07-10,Harrismith,Male
1883,Lungelo,Motaung,lungelo.motaung90@gmail.com,2024-09-08,Phuthaditjhaba,Female
1884,Elmarie,Du Plessis,elmarie.duplessis36@gmail.com,2024-07-26,Harrismith,Male
1885,Maria,Mahlangu,maria.mahlangu28@gmail.com,2024-07-31,Sterkfontein,Female
1886,Mthokozisi,Zungu,mthokozisi.zungu54@gmail.com,2024-07-21,Bethlehem,Female
1887,Anri,Smith,anri.smith14@outlook.com,2024-07-10,Harrismith,Female
1888,Thandolwethu,Buthelezi,thandolwethu.buthelezi48@gmail.com,2024-07-15,Harrismith,Male
1889,Nokwanda,Brown,nokwanda.brown21@gmail.com,2024-09-07,Harrismith,Female
1890,Elmarie,Van der Merwe,elmarie.vandermerwe63@yahoo.com,2024-06-06,Vrede,Male
1891,Lindiwe,Gumede,lindiwe.gumede46@outlook.com,2024-11-24,Bethlehem,Female
1892,Sibusiso,Smith,sibusiso.smith86@gmail.com,2024-10-28,Phuthaditjhaba,Female
1893,Jennifer,Botha,jennifer.botha81@gmail.com,2024-02-06,Harrismith,Female
1894,Busisiwe,Gumede,busisiwe.gumede68@yahoo.com,2024-07-28,Harrismith,Female
1895,Palesa,Gumede,palesa.gumede14@gmail.com,2024-01-20,Bethlehem,Male
1896,Nokuthula,Mhlongo,nokuthula.mhlongo48@gmail.com,2024-03-04,Bethlehem,Female
1897,Michael,Radebe,michael.radebe58@outlook.com,2024-07-16,Harrismith,Male
1898,Ntombi,Jones,ntombi.jones80@gmail.com,2024-10-16,Harrismith,Male
1899,James,Radebe,james.radebe70@gmail.com,2024-03-24,Harrismith,Male
1900,Anri,Molefe,anri.molefe98@yahoo.com,2024-04-09,Kestell,Male
1901,Elmarie,Mnguni,elmarie.mnguni62@gmail.com,2024-08-11,Bethlehem,Male
1902,Sibusiso,Gumede,sibusiso.gumede99@gmail.com,2024-05-10,Bethlehem,Female
1903,Karen,Mkhize,karen.mkhize17@gmail.com,2024-06-27,Vrede,Male
1904,Palesa,Mnguni,palesa.mnguni90@gmail.com,2024-09-17,Bethlehem,Male
1905,Tebogo,Zulu,tebogo.zulu21@gmail.com,2024-12-29,Harrismith,Female
1906,Nthabiseng,Myeni,nthabiseng.myeni98@outlook.com,2024-09-07,Bethlehem,Female
1907,Zanele,Mthembu,zanele.mthembu46@gmail.com,2024-11-21,Harrismith,Female
1908,Palesa,Khumalo,palesa.khumalo50@gmail.com,2024-12-18,Harrismith,Male
1909,Heinrich,Zulu,heinrich.zulu83@yahoo.com,2024-07-07,Phuthaditjhaba,Female
1910,Nthabiseng,Dlamini,nthabiseng.dlamini26@yahoo.com,2024-12-22,Colenso,Male
1911,Khulekani,Motaung,khulekani.motaung90@gmail.com,2024-01-30,Bethlehem,Male
1912,Anri,Molefe,anri.molefe33@yahoo.com,2024-11-29,Phuthaditjhaba,Female
1913,Robert,Buthelezi,robert.buthelezi47@yahoo.com,2024-07-16,Harrismith,Female
1914,Nokuthula,Khumalo,nokuthula.khumalo13@gmail.com,2024-08-05,Bergville,Male
1915,Lwazi,Mahlangu,lwazi.mahlangu25@yahoo.com,2024-05-06,Sterkfontein,Female
1916,Pieter,Dlamini,pieter.dlamini88@yahoo.com,2024-05-04,Harrismith,Female
1917,Dineo,Ntuli,dineo.ntuli52@gmail.com,2024-09-01,Ladysmith,Male
1918,Lerato,Hadebe,lerato.hadebe91@gmail.com,2024-01-18,Harrismith,Male
1919,Sarah,Mhlongo,sarah.mhlongo91@gmail.com,2024-07-04,Harrismith,Male
1920,Tebogo,Williams,tebogo.williams46@gmail.com,2024-11-19,Phuthaditjhaba,Female
1921,Lindiwe,Zulu,lindiwe.zulu18@gmail.com,2024-12-27,Harrismith,Male
1922,Sarah,Cele,sarah.cele74@gmail.com,2024-12-12,Sterkfontein,Female
1923,Bongiwe,Gumede,bongiwe.gumede10@gmail.com,2024-01-15,Phuthaditjhaba,Female
1924,Johannes,Nkosi,johannes.nkosi52@gmail.com,2024-12-23,Harrismith,Female
1925,Mpho,Dlamini,mpho.dlamini82@yahoo.com,2024-12-06,Harrismith,Female
1926,Dineo,Mnguni,dineo.mnguni32@gmail.com,2024-11-26,Bethlehem,Male
1927,Palesa,Motaung,palesa.motaung53@yahoo.com,2024-03-16,Harrismith,Male
1928,Sifiso,Dlamini,sifiso.dlamini70@outlook.com,2024-05-13,Harrismith,Female
1929,Ayanda,Nkosi,ayanda.nkosi71@gmail.com,2024-11-05,Phuthaditjhaba,Male
1930,Palesa,Myeni,palesa.myeni68@outlook.com,2024-08-21,Ladysmith,Male
1931,Lisa,Pretorius,lisa.pretorius52@gmail.com,2024-12-14,Ladysmith,Male
1932,Thabo,Mnguni,thabo.mnguni62@yahoo.com,2024-03-16,Harrismith,Male
1933,Jennifer,Du Plessis,jennifer.duplessis76@gmail.com,2024-05-10,Ladysmith,Female
1934,Nhlanhla,Nkosi,nhlanhla.nkosi96@gmail.com,2024-05-06,Harrismith,Female
1935,Zanele,Hadebe,zanele.hadebe78@gmail.com,2024-11-04,Phuthaditjhaba,Female
1936,Nthabiseng,Mofokeng,nthabiseng.mofokeng83@outlook.com,2024-10-23,Harrismith,Female
1937,Sibusiso,Mkhize,sibusiso.mkhize55@gmail.com,2024-12-05,Phuthaditjhaba,Female
1938,Willem,Mokoena,willem.mokoena29@gmail.com,2024-03-23,Bethlehem,Male
1939,Sarah,Mokoena,sarah.mokoena13@gmail.com,2024-01-07,Harrismith,Female
1940,Lisa,Myeni,lisa.myeni58@outlook.com,2024-02-29,Phuthaditjhaba,Female
1941,Khulekani,Mahlangu,khulekani.mahlangu83@yahoo.com,2024-02-17,Vrede,Female
1942,Nthabiseng,Van der Merwe,nthabiseng.vandermerwe24@outlook.com,2024-11-25,Harrismith,Female
1943,Ayanda,Zungu,ayanda.zungu50@yahoo.com,2024-12-30,Harrismith,Female
1944,James,Myeni,james.myeni21@gmail.com,2024-07-15,Phuthaditjhaba,Male
1945,Busisiwe,Botha,busisiwe.botha40@gmail.com,2024-07-22,Bethlehem,Male
1946,Thandolwethu,Jones,thandolwethu.jones48@gmail.com,2024-12-27,Vrede,Male
1947,Sarah,Pretorius,sarah.pretorius48@gmail.com,2024-10-27,Vrede,Male
1948,Heinrich,Taylor,heinrich.taylor57@outlook.com,2024-02-11,Phuthaditjhaba,Female
1949,Lerato,Ndlovu,lerato.ndlovu21@gmail.com,2024-09-22,Harrismith,Female
1950,Zanele,Williams,zanele.williams13@outlook.com,2024-04-06,Phuthaditjhaba,Male
1951,Kagiso,Taylor,kagiso.taylor29@gmail.com,2024-08-04,Bethlehem,Male
1952,Sandile,Mhlongo,sandile.mhlongo71@outlook.com,2024-03-25,Harrismith,Male
1953,Anna,Van der Merwe,anna.vandermerwe51@gmail.com,2024-08-06,Harrismith,Male
1954,Ayanda,Buthelezi,ayanda.buthelezi22@outlook.com,2024-05-09,Harrismith,Female
1955,Nthabiseng,Steyn,nthabiseng.steyn96@yahoo.com,2024-12-20,Bergville,Female
1956,Refilwe,Ndlovu,refilwe.ndlovu14@gmail.com,2024-06-03,Harrismith,Female
1957,Lwazi,Mthembu,lwazi.mthembu76@gmail.com,2024-09-13,Harrismith,Male
1958,Karen,Ndlovu,karen.ndlovu49@outlook.com,2024-09-29,Phuthaditjhaba,Male
1959,Maria,Taylor,maria.taylor86@yahoo.com,2024-12-03,Bethlehem,Female
1960,James,Brown,james.brown15@gmail.com,2024-07-14,Phuthaditjhaba,Male
1961,Lisa,Brown,lisa.brown94@yahoo.com,2024-10-27,Harrismith,Female
1962,Jennifer,Cele,jennifer.cele49@yahoo.com,2024-06-06,Harrismith,Female
1963,Johannes,Zulu,johannes.zulu35@gmail.com,2024-07-29,Kestell,Male
1964,Elmarie,Dlamini,elmarie.dlamini45@gmail.com,2024-02-15,Harrismith,Female
1965,Nompumelelo,Radebe,nompumelelo.radebe66@yahoo.com,2024-02-25,Harrismith,Female
1966,Lisa,Ndlovu,lisa.ndlovu30@gmail.com,2024-11-21,Harrismith,Male
1967,Dineo,Gumede,dineo.gumede11@outlook.com,2024-10-20,Bethlehem,Female
1968,Johannes,Mofokeng,johannes.mofokeng23@gmail.com,2024-06-25,Phuthaditjhaba,Male
1969,Ayanda,Smith,ayanda.smith54@gmail.com,2024-03-14,Kestell,Female
1970,Anri,Mokoena,anri.mokoena44@gmail.com,2024-05-17,Bergville,Female
1971,Palesa,Myeni,palesa.myeni46@gmail.com,2024-04-17,Sterkfontein,Male
1972,Refilwe,Mthembu,refilwe.mthembu31@gmail.com,2024-07-22,Harrismith,Male
1973,Mpho,Buthelezi,mpho.buthelezi88@outlook.com,2024-12-23,Kestell,Male
1974,Sandile,Ntuli,sandile.ntuli16@gmail.com,2024-06-06,Harrismith,Male
1975,Thandeka,Cele,thandeka.cele70@yahoo.com,2024-01-04,Harrismith,Female
1976,Sibusiso,Pretorius,sibusiso.pretorius59@gmail.com,2024-03-27,Phuthaditjhaba,Female
1977,Nhlanhla,Mthembu,nhlanhla.mthembu64@gmail.com,2024-09-08,Colenso,Male
1978,Tebogo,Khumalo,tebogo.khumalo86@outlook.com,2024-01-01,Harrismith,Female
1979,Thandeka,Pretorius,thandeka.pretorius98@outlook.com,2024-02-19,Harrismith,Female
1980,Nompumelelo,Mnguni,nompumelelo.mnguni49@gmail.com,2024-02-05,Phuthaditjhaba,Female
1981,Michael,Mthembu,michael.mthembu35@outlook.com,2024-12-22,Bethlehem,Female
1982,Khulekani,Mkhize,khulekani.mkhize78@gmail.com,2024-08-01,Vrede,Male
1983,Ayanda,Venter,ayanda.venter69@gmail.com,2024-09-25,Harrismith,Male
1984,Lindiwe,Nkosi,lindiwe.nkosi21@outlook.com,2024-08-01,Ladysmith,Female
1985,Nhlanhla,Ntuli,nhlanhla.ntuli69@gmail.com,2024-12-01,Phuthaditjhaba,Female
1986,Bongiwe,Mahlangu,bongiwe.mahlangu49@outlook.com,2024-05-27,Ladysmith,Male
1987,Nompumelelo,Taylor,nompumelelo.taylor69@gmail.com,2024-08-08,Harrismith,Female
1988,James,Khumalo,james.khumalo38@gmail.com,2024-03-28,Harrismith,Male
1989,Palesa,Steyn,palesa.steyn88@gmail.com,2024-03-31,Harrismith,Male
1990,Sibusiso,Radebe,sibusiso.radebe56@gmail.com,2024-07-10,Kestell,Male
1991,Karen,Van der Merwe,karen.vandermerwe99@yahoo.com,2024-04-05,Harrismith,Female
1992,Khulekani,Brown,khulekani.brown51@gmail.com,2024-12-26,Bethlehem,Male
1993,Jennifer,Mnguni,jennifer.mnguni13@gmail.com,2024-03-09,Phuthaditjhaba,Female
1994,Sifiso,Smith,sifiso.smith24@gmail.com,2024-04-11,Harrismith,Female
1995,Kagiso,Brown,kagiso.brown69@yahoo.com,2024-09-06,Phuthaditjhaba,Male
1996,Lungelo,Molefe,lungelo.molefe54@yahoo.com,2024-04-03,Harrismith,Male
1997,Nhlanhla,Ndlovu,nhlanhla.ndlovu23@gmail.com,2024-09-14,Phuthaditjhaba,Male
1998,Kagiso,Hadebe,kagiso.hadebe23@gmail.com,2024-02-26,Harrismith,Female
1999,Sandile,Jones,sandile.jones93@gmail.com,2024-08-18,Harrismith,Male
2000,Maria,Zulu,maria.zulu48@gmail.com,2024-10-17,Phuthaditjhaba,Male
2001,Lindiwe,Mokoena,lindiwe.mokoena61@gmail.com,2024-04-18,Harrismith,Male
2002,Refilwe,Mofokeng,refilwe.mofokeng40@outlook.com,2024-04-05,Vrede,Male
2003,Thabo,Buthelezi,thabo.buthelezi71@gmail.com,2024-04-12,Harrismith,Female
2004,Thandolwethu,Khumalo,thandolwethu.khumalo53@gmail.com,2024-01-31,Phuthaditjhaba,Female
2005,Michael,Smith,michael.smith98@gmail.com,2024-04-03,Harrismith,Male
2006,Musa,Taylor,musa.taylor65@gmail.com,2024-04-08,Harrismith,Female
2007,Palesa,Venter,palesa.venter53@gmail.com,2024-05-12,Vrede,Female
2008,Sipho,Nkosi,sipho.nkosi40@gmail.com,2024-07-28,Harrismith,Female
2009,Nomsa,Pretorius,nomsa.pretorius95@gmail.com,2024-08-13,Harrismith,Female
2010,Lisa,Shabalala,lisa.shabalala83@yahoo.com,2024-11-16,Sterkfontein,Male
2011,Kagiso,Gumede,kagiso.gumede86@gmail.com,2024-11-15,Ladysmith,Female
2012,Ayanda,Buthelezi,ayanda.buthelezi81@gmail.com,2024-02-25,Phuthaditjhaba,Female
2013,Musa,Jones,musa.jones66@gmail.com,2024-11-21,Colenso,Female
2014,Mthokozisi,Brown,mthokozisi.brown61@gmail.com,2024-03-26,Phuthaditjhaba,Male
2015,Khulekani,Mofokeng,khulekani.mofokeng23@outlook.com,2024-02-10,Colenso,Female
2016,Sarah,Mkhize,sarah.mkhize58@gmail.com,2024-05-30,Bethlehem,Male
2017,Lungelo,Brown,lungelo.brown92@yahoo.com,2024-02-13,Harrismith,Male
2018,Thabo,Ndlovu,thabo.ndlovu27@outlook.com,2024-07-12,Bethlehem,Female
2019,Robert,Du Plessis,robert.duplessis91@outlook.com,2024-03-04,Phuthaditjhaba,Male
2020,Kagiso,Van der Merwe,kagiso.vandermerwe94@gmail.com,2024-05-21,Kestell,Male
2021,James,Khumalo,james.khumalo78@gmail.com,2024-02-02,Harrismith,Male
2022,James,Ndlovu,james.ndlovu88@gmail.com,2024-06-24,Harrismith,Female
2023,Heinrich,Pretorius,heinrich.pretorius35@gmail.com,2024-01-16,Colenso,Male
2024,Dineo,Mahlangu,dineo.mahlangu50@gmail.com,2024-10-26,Harrismith,Female
2025,Lindiwe,Brown,lindiwe.brown96@gmail.com,2024-04-30,Bethlehem,Male
2026,Nomsa,Mahlangu,nomsa.mahlangu65@outlook.com,2024-09-01,Harrismith,Female
2027,Mpho,Brown,mpho.brown21@gmail.com,2024-09-05,Harrismith,Female
2028,James,Venter,james.venter88@yahoo.com,2024-12-10,Kestell,Male
2029,Thandeka,Williams,thandeka.williams26@yahoo.com,2024-02-21,Sterkfontein,Male
2030,Bongani,Mokoena,bongani.mokoena80@yahoo.com,2024-01-05,Kestell,Female
2031,Anna,Ndlovu,anna.ndlovu81@yahoo.com,2024-02-01,Phuthaditjhaba,Male
2032,Sarah,Dlamini,sarah.dlamini46@yahoo.com,2024-05-16,Harrismith,Female
2033,Bongani,Steyn,bongani.steyn99@gmail.com,2024-01-04,Phuthaditjhaba,Female
2034,Robert,Shabalala,robert.shabalala90@gmail.com,2024-12-06,Sterkfontein,Male
2035,Mthokozisi,Williams,mthokozisi.williams58@gmail.com,2024-10-25,Ladysmith,Female
2036,Nozipho,Pretorius,nozipho.pretorius65@gmail.com,2024-01-22,Harrismith,Female
2037,Nomsa,Mokoena,nomsa.mokoena94@gmail.com,2024-02-19,Ladysmith,Male
2038,Nokwanda,Molefe,nokwanda.molefe27@gmail.com,2024-04-18,Harrismith,Male
2039,Nokwanda,Ndlovu,nokwanda.ndlovu59@yahoo.com,2024-09-24,Harrismith,Male
2040,Robert,Mkhize,robert.mkhize63@gmail.com,2024-01-04,Harrismith,Male
2041,Refilwe,Mofokeng,refilwe.mofokeng95@gmail.com,2024-07-11,Harrismith,Female
2042,Zanele,Shabalala,zanele.shabalala11@gmail.com,2024-11-04,Harrismith,Female
2043,Nthabiseng,Hadebe,nthabiseng.hadebe12@gmail.com,2024-09-23,Kestell,Male
2044,Thandeka,Motaung,thandeka.motaung72@outlook.com,2024-05-16,Phuthaditjhaba,Male
2045,Lisa,Mokoena,lisa.mokoena27@gmail.com,2024-09-05,Harrismith,Male
2046,Khulekani,Nkosi,khulekani.nkosi92@outlook.com,2024-08-30,Ladysmith,Male
2047,Willem,Ndlovu,willem.ndlovu99@yahoo.com,2024-06-21,Vrede,Female
2048,Sifiso,Jones,sifiso.jones33@gmail.com,2024-11-05,Harrismith,Male
2049,Sifiso,Ndlovu,sifiso.ndlovu64@gmail.com,2024-08-07,Phuthaditjhaba,Male
2050,Nokuthula,Venter,nokuthula.venter67@gmail.com,2024-06-21,Bethlehem,Female
2051,Sandile,Brown,sandile.brown38@gmail.com,2024-07-08,Phuthaditjhaba,Female
2052,Ntombi,Dlamini,ntombi.dlamini87@gmail.com,2024-12-15,Bethlehem,Female
2053,Jennifer,Du Plessis,jennifer.duplessis73@yahoo.com,2024-06-24,Harrismith,Male
2054,Pieter,Motaung,pieter.motaung74@gmail.com,2024-06-10,Harrismith,Male
2055,Heinrich,Brown,heinrich.brown79@gmail.com,2024-05-02,Phuthaditjhaba,Male
2056,Heinrich,Ndlovu,heinrich.ndlovu14@outlook.com,2024-07-03,Colenso,Male
2057,Refilwe,Van der Merwe,refilwe.vandermerwe57@gmail.com,2024-12-06,Phuthaditjhaba,Male
2058,Karen,Myeni,karen.myeni71@yahoo.com,2024-07-23,Kestell,Male
2059,Elmarie,Radebe,elmarie.radebe77@outlook.com,2024-07-12,Harrismith,Female
2060,Refilwe,Brown,refilwe.brown45@gmail.com,2024-11-08,Ladysmith,Male
2061,Robert,Radebe,robert.radebe20@gmail.com,2024-01-30,Harrismith,Male
2062,Nokuthula,Molefe,nokuthula.molefe88@gmail.com,2024-07-01,Harrismith,Female
2063,Nomsa,Pretorius,nomsa.pretorius70@outlook.com,2024-06-18,Kestell,Male
2064,Nokuthula,Steyn,nokuthula.steyn95@gmail.com,2024-02-21,Ladysmith,Female
2065,Nompumelelo,Pretorius,nompumelelo.pretorius91@gmail.com,2024-01-02,Phuthaditjhaba,Female
2066,Lungelo,Gumede,lungelo.gumede84@gmail.com,2024-08-21,Harrismith,Male
2067,Khulekani,Mahlangu,khulekani.mahlangu16@outlook.com,2024-12-23,Bethlehem,Male
2068,Bongiwe,Khumalo,bongiwe.khumalo11@gmail.com,2024-07-24,Sterkfontein,Female
2069,Mthokozisi,Radebe,mthokozisi.radebe75@outlook.com,2024-03-12,Sterkfontein,Male
2070,Bongiwe,Mofokeng,bongiwe.mofokeng52@gmail.com,2024-01-14,Harrismith,Male
2071,Mpho,Pretorius,mpho.pretorius47@gmail.com,2024-11-04,Vrede,Female
2072,Lwazi,Motaung,lwazi.motaung14@outlook.com,2024-03-03,Harrismith,Female
2073,Zanele,Steyn,zanele.steyn48@outlook.com,2024-09-28,Bethlehem,Female
2074,Siyanda,Cele,siyanda.cele17@outlook.com,2024-05-23,Phuthaditjhaba,Male
2075,Nthabiseng,Khumalo,nthabiseng.khumalo83@gmail.com,2024-12-24,Ladysmith,Female
2076,Lindiwe,Williams,lindiwe.williams47@outlook.com,2024-05-07,Phuthaditjhaba,Female
2077,Lisa,Botha,lisa.botha46@gmail.com,2024-07-07,Vrede,Female
2078,Bongani,Van der Merwe,bongani.vandermerwe26@gmail.com,2024-08-19,Harrismith,Male
2079,Siyanda,Gumede,siyanda.gumede45@gmail.com,2024-11-12,Harrismith,Female
2080,Thabo,Zungu,thabo.zungu88@gmail.com,2024-12-17,Bergville,Female
2081,Willem,Mhlongo,willem.mhlongo42@gmail.com,2024-12-03,Harrismith,Male
2082,Heinrich,Mokoena,heinrich.mokoena24@outlook.com,2024-08-31,Phuthaditjhaba,Female
2083,Ayanda,Molefe,ayanda.molefe29@yahoo.com,2024-09-20,Vrede,Female
2084,Sifiso,Steyn,sifiso.steyn32@gmail.com,2024-07-30,Phuthaditjhaba,Female
2085,James,Dlamini,james.dlamini99@gmail.com,2024-12-04,Bethlehem,Male
2086,Kagiso,Taylor,kagiso.taylor33@outlook.com,2024-04-06,Vrede,Female
2087,Sipho,Smith,sipho.smith53@outlook.com,2024-01-02,Harrismith,Male
2088,Sandile,Brown,sandile.brown86@yahoo.com,2024-11-22,Phuthaditjhaba,Male
2089,Kagiso,Smith,kagiso.smith73@yahoo.com,2024-06-13,Phuthaditjhaba,Female
2090,Thandolwethu,Shabalala,thandolwethu.shabalala59@gmail.com,2024-01-09,Bethlehem,Male
2091,Kagiso,Smith,kagiso.smith66@yahoo.com,2024-11-20,Bethlehem,Female
2092,Ayanda,Mofokeng,ayanda.mofokeng83@yahoo.com,2024-07-03,Phuthaditjhaba,Male
2093,Anri,Molefe,anri.molefe92@gmail.com,2024-01-24,Phuthaditjhaba,Female
2094,Bongani,Steyn,bongani.steyn24@gmail.com,2024-06-15,Colenso,Female
2095,Nozipho,Venter,nozipho.venter69@gmail.com,2024-12-13,Harrismith,Female
2096,Sandile,Zungu,sandile.zungu48@gmail.com,2024-08-15,Sterkfontein,Male
2097,Mpho,Cele,mpho.cele78@gmail.com,2024-04-29,Bethlehem,Female
2098,Mthokozisi,Venter,mthokozisi.venter97@yahoo.com,2024-11-06,Harrismith,Male
2099,Karen,Mkhize,karen.mkhize28@gmail.com,2024-09-05,Bethlehem,Male
2100,Lwazi,Taylor,lwazi.taylor65@gmail.com,2024-07-23,Bethlehem,Male
2101,Nhlanhla,Venter,nhlanhla.venter67@gmail.com,2024-11-09,Colenso,Female
2102,Elmarie,Du Plessis,elmarie.duplessis50@outlook.com,2024-02-11,Ladysmith,Female
2103,Thandeka,Gumede,thandeka.gumede15@gmail.com,2024-06-27,Bethlehem,Female
2104,Michael,Van der Merwe,michael.vandermerwe78@outlook.com,2024-08-07,Harrismith,Female
2105,Sandile,Venter,sandile.venter65@outlook.com,2024-08-31,Harrismith,Female
2106,Busisiwe,Brown,busisiwe.brown44@gmail.com,2024-12-03,Harrismith,Female
2107,Nokwanda,Pretorius,nokwanda.pretorius44@yahoo.com,2024-12-24,Sterkfontein,Female
2108,Palesa,Taylor,palesa.taylor84@gmail.com,2024-02-21,Phuthaditjhaba,Male
2109,Nokwanda,Williams,nokwanda.williams96@outlook.com,2024-07-16,Harrismith,Female
2110,Bongani,Sithole,bongani.sithole85@outlook.com,2024-05-30,Harrismith,Female
2111,Nomsa,Zungu,nomsa.zungu96@yahoo.com,2024-11-06,Harrismith,Male
2112,Siyanda,Mnguni,siyanda.mnguni80@gmail.com,2024-04-09,Phuthaditjhaba,Male
2113,Refilwe,Mkhize,refilwe.mkhize11@yahoo.com,2024-12-30,Harrismith,Male
2114,Sifiso,Nkosi,sifiso.nkosi22@gmail.com,2024-03-14,Kestell,Female
2115,Nompumelelo,Mhlongo,nompumelelo.mhlongo97@gmail.com,2024-09-23,Harrismith,Female
2116,Robert,Ntuli,robert.ntuli38@yahoo.com,2024-10-19,Phuthaditjhaba,Male
2117,Kagiso,Shabalala,kagiso.shabalala14@gmail.com,2024-09-15,Harrismith,Female
2118,Heinrich,Du Plessis,heinrich.duplessis21@gmail.com,2024-01-17,Harrismith,Female
2119,Thandeka,Khumalo,thandeka.khumalo86@outlook.com,2024-03-06,Vrede,Male
2120,Anri,Motaung,anri.motaung86@outlook.com,2024-09-11,Harrismith,Female
2121,Ayanda,Gumede,ayanda.gumede25@gmail.com,2024-02-14,Phuthaditjhaba,Male
2122,Refilwe,Molefe,refilwe.molefe87@gmail.com,2024-06-03,Phuthaditjhaba,Male
2123,Ayanda,Steyn,ayanda.steyn94@outlook.com,2024-12-10,Bethlehem,Male
2124,Anna,Van der Merwe,anna.vandermerwe33@outlook.com,2024-10-07,Harrismith,Female
2125,Palesa,Botha,palesa.botha42@gmail.com,2024-08-27,Harrismith,Female
2126,David,Mahlangu,david.mahlangu94@outlook.com,2024-03-27,Harrismith,Female
2127,Michael,Mofokeng,michael.mofokeng45@outlook.com,2024-08-16,Harrismith,Male
2128,Sarah,Brown,sarah.brown95@yahoo.com,2024-02-29,Ladysmith,Female
2129,Heinrich,Khumalo,heinrich.khumalo30@yahoo.com,2024-09-03,Harrismith,Male
2130,Zanele,Shabalala,zanele.shabalala17@gmail.com,2024-12-05,Phuthaditjhaba,Male
2131,Sifiso,Cele,sifiso.cele52@yahoo.com,2024-10-03,Bethlehem,Female
2132,Sipho,Taylor,sipho.taylor43@gmail.com,2024-05-03,Harrismith,Female
2133,Elmarie,Mnguni,elmarie.mnguni18@gmail.com,2024-05-04,Phuthaditjhaba,Male
2134,Nompumelelo,Hadebe,nompumelelo.hadebe35@yahoo.com,2024-04-18,Harrismith,Male
2135,Tebogo,Motaung,tebogo.motaung72@gmail.com,2024-03-28,Harrismith,Female
2136,Sifiso,Mnguni,sifiso.mnguni79@yahoo.com,2024-12-03,Phuthaditjhaba,Female
2137,Mpho,Mthembu,mpho.mthembu92@gmail.com,2024-12-24,Harrismith,Male
2138,Lerato,Williams,lerato.williams66@yahoo.com,2024-02-15,Harrismith,Female
2139,Zanele,Mnguni,zanele.mnguni19@gmail.com,2024-02-24,Harrismith,Male
2140,Sandile,Ndlovu,sandile.ndlovu42@yahoo.com,2024-08-10,Ladysmith,Male
2141,Nozipho,Mokoena,nozipho.mokoena73@gmail.com,2024-01-15,Phuthaditjhaba,Female
2142,Robert,Van der Merwe,robert.vandermerwe91@gmail.com,2024-03-23,Ladysmith,Male
2143,Karen,Jones,karen.jones14@yahoo.com,2024-06-16,Harrismith,Female
2144,Lerato,Radebe,lerato.radebe99@gmail.com,2024-07-15,Harrismith,Female
2145,Khulekani,Mthembu,khulekani.mthembu60@gmail.com,2024-05-23,Harrismith,Male
2146,Nozipho,Taylor,nozipho.taylor75@outlook.com,2024-04-22,Harrismith,Female
2147,Palesa,Smith,palesa.smith71@gmail.com,2024-05-11,Phuthaditjhaba,Male
2148,Robert,Mofokeng,robert.mofokeng18@gmail.com,2024-12-06,Harrismith,Male
2149,Sipho,Mokoena,sipho.mokoena10@gmail.com,2024-08-31,Bethlehem,Male
2150,Khulekani,Dlamini,khulekani.dlamini98@yahoo.com,2024-12-09,Bethlehem,Female
2151,Khulekani,Mokoena,khulekani.mokoena82@gmail.com,2024-03-04,Phuthaditjhaba,Female
2152,Lindiwe,Botha,lindiwe.botha55@gmail.com,2024-12-06,Kestell,Female
2153,James,Buthelezi,james.buthelezi48@gmail.com,2024-03-10,Harrismith,Female
2154,Jennifer,Hadebe,jennifer.hadebe90@outlook.com,2024-09-30,Harrismith,Male
2155,Busisiwe,Myeni,busisiwe.myeni56@gmail.com,2024-11-20,Sterkfontein,Female
2156,Heinrich,Buthelezi,heinrich.buthelezi53@gmail.com,2024-09-08,Phuthaditjhaba,Female
2157,Palesa,Shabalala,palesa.shabalala68@yahoo.com,2024-02-16,Harrismith,Female
2158,Lindiwe,Williams,lindiwe.williams35@gmail.com,2024-12-20,Harrismith,Male
2159,Karen,Taylor,karen.taylor15@outlook.com,2024-06-19,Phuthaditjhaba,Female
2160,Elmarie,Mhlongo,elmarie.mhlongo48@outlook.com,2024-04-24,Vrede,Female
2161,Mthokozisi,Hadebe,mthokozisi.hadebe90@yahoo.com,2024-10-21,Harrismith,Male
2162,Sarah,Mahlangu,sarah.mahlangu90@gmail.com,2024-11-03,Kestell,Female
2163,Zanele,Jones,zanele.jones34@gmail.com,2024-02-03,Phuthaditjhaba,Female
2164,James,Nkosi,james.nkosi34@gmail.com,2024-11-25,Phuthaditjhaba,Female
2165,Johannes,Cele,johannes.cele85@gmail.com,2024-06-24,Harrismith,Female
2166,Willem,Mokoena,willem.mokoena59@gmail.com,2024-07-12,Harrismith,Female
2167,Dineo,Du Plessis,dineo.duplessis79@yahoo.com,2024-07-14,Bethlehem,Male
2168,Tebogo,Motaung,tebogo.motaung67@yahoo.com,2024-11-30,Phuthaditjhaba,Female
2169,Lwazi,Ndlovu,lwazi.ndlovu53@gmail.com,2024-11-24,Phuthaditjhaba,Female
2170,Lungelo,Sithole,lungelo.sithole15@gmail.com,2024-10-14,Vrede,Female
2171,Siyanda,Mahlangu,siyanda.mahlangu37@outlook.com,2024-08-11,Harrismith,Female
2172,Dineo,Jones,dineo.jones68@outlook.com,2024-04-29,Ladysmith,Male
2173,Willem,Steyn,willem.steyn78@gmail.com,2024-04-24,Bethlehem,Male
2174,Ayanda,Smith,ayanda.smith84@gmail.com,2024-05-12,Kestell,Female
2175,Sarah,Mhlongo,sarah.mhlongo19@gmail.com,2024-02-29,Harrismith,Female
2176,Kagiso,Ntuli,kagiso.ntuli28@gmail.com,2024-05-28,Vrede,Female
2177,Lwazi,Myeni,lwazi.myeni12@gmail.com,2024-02-14,Phuthaditjhaba,Male
2178,Anna,Cele,anna.cele89@gmail.com,2024-02-27,Colenso,Female
2179,Khulekani,Jones,khulekani.jones99@yahoo.com,2024-02-15,Phuthaditjhaba,Female
2180,Lisa,Cele,lisa.cele90@gmail.com,2024-06-23,Harrismith,Female
2181,Sipho,Mokoena,sipho.mokoena49@yahoo.com,2024-10-30,Bethlehem,Female
2182,Anri,Shabalala,anri.shabalala88@gmail.com,2024-04-06,Phuthaditjhaba,Male
2183,Zanele,Shabalala,zanele.shabalala85@gmail.com,2024-02-29,Bethlehem,Male
2184,Tebogo,Venter,tebogo.venter23@gmail.com,2024-10-20,Harrismith,Male
2185,Mpho,Khumalo,mpho.khumalo86@yahoo.com,2024-07-07,Bethlehem,Female
2186,Tebogo,Steyn,tebogo.steyn35@gmail.com,2024-03-06,Phuthaditjhaba,Male
2187,Thandeka,Mthembu,thandeka.mthembu96@gmail.com,2024-06-09,Phuthaditjhaba,Male
2188,Ntombi,Sithole,ntombi.sithole25@outlook.com,2024-07-13,Phuthaditjhaba,Female
2189,Anna,Nkosi,anna.nkosi27@gmail.com,2024-10-22,Vrede,Male
2190,David,Smith,david.smith37@outlook.com,2024-01-01,Harrismith,Male
2191,Thabo,Mokoena,thabo.mokoena52@gmail.com,2024-06-08,Harrismith,Male
2192,Lwazi,Radebe,lwazi.radebe45@gmail.com,2024-02-01,Bethlehem,Female
2193,Michael,Van der Merwe,michael.vandermerwe63@gmail.com,2024-10-29,Harrismith,Male
2194,Anri,Myeni,anri.myeni57@gmail.com,2024-10-01,Bethlehem,Male
2195,Willem,Mkhize,willem.mkhize66@gmail.com,2024-04-07,Phuthaditjhaba,Female
2196,Nomsa,Radebe,nomsa.radebe84@gmail.com,2024-07-17,Bethlehem,Female
2197,Nhlanhla,Smith,nhlanhla.smith22@outlook.com,2024-08-04,Harrismith,Male
2198,Jennifer,Mofokeng,jennifer.mofokeng58@yahoo.com,2024-06-12,Harrismith,Female
2199,Maria,Mhlongo,maria.mhlongo72@gmail.com,2024-07-05,Ladysmith,Female
2200,Nokuthula,Buthelezi,nokuthula.buthelezi10@gmail.com,2024-12-13,Kestell,Male
2201,Khulekani,Taylor,khulekani.taylor21@outlook.com,2024-03-05,Ladysmith,Female
2202,Sarah,Mkhize,sarah.mkhize46@gmail.com,2024-09-23,Harrismith,Male
2203,Mthokozisi,Mkhize,mthokozisi.mkhize70@yahoo.com,2024-12-05,Sterkfontein,Female
2204,Heinrich,Mofokeng,heinrich.mofokeng91@gmail.com,2024-11-04,Bethlehem,Male
2205,Khulekani,Taylor,khulekani.taylor67@gmail.com,2024-10-29,Harrismith,Female
2206,Nomsa,Nkosi,nomsa.nkosi32@yahoo.com,2024-04-23,Bergville,Female
2207,Bongiwe,Zungu,bongiwe.zungu33@outlook.com,2024-02-24,Kestell,Female
2208,Palesa,Shabalala,palesa.shabalala21@outlook.com,2024-07-21,Harrismith,Male
2209,Lisa,Mofokeng,lisa.mofokeng54@gmail.com,2024-01-05,Harrismith,Male
2210,Musa,Brown,musa.brown81@gmail.com,2024-10-02,Harrismith,Male
2211,Kagiso,Dlamini,kagiso.dlamini25@outlook.com,2024-08-23,Ladysmith,Female
2212,Heinrich,Ntuli,heinrich.ntuli89@gmail.com,2024-06-10,Phuthaditjhaba,Male
2213,Ayanda,Ntuli,ayanda.ntuli79@gmail.com,2024-03-15,Harrismith,Male
2214,Sarah,Pretorius,sarah.pretorius69@outlook.com,2024-05-31,Bethlehem,Male
2215,Thandeka,Khumalo,thandeka.khumalo45@gmail.com,2024-04-22,Harrismith,Female
2216,Lerato,Mokoena,lerato.mokoena24@outlook.com,2024-09-12,Harrismith,Male
2217,Mthokozisi,Mnguni,mthokozisi.mnguni70@gmail.com,2024-12-14,Harrismith,Male
2218,Sifiso,Mkhize,sifiso.mkhize30@yahoo.com,2024-08-21,Phuthaditjhaba,Female
2219,Nthabiseng,Williams,nthabiseng.williams92@gmail.com,2024-03-16,Harrismith,Female
2220,Thandolwethu,Venter,thandolwethu.venter36@gmail.com,2024-11-03,Bethlehem,Female
2221,Siyanda,Zungu,siyanda.zungu52@outlook.com,2024-05-25,Phuthaditjhaba,Male
2222,Refilwe,Mhlongo,refilwe.mhlongo68@gmail.com,2024-03-15,Harrismith,Male
2223,Lisa,Sithole,lisa.sithole16@yahoo.com,2024-12-06,Phuthaditjhaba,Male
2224,Thabo,Botha,thabo.botha13@gmail.com,2024-12-25,Bethlehem,Male
2225,Lisa,Gumede,lisa.gumede24@gmail.com,2024-01-18,Harrismith,Female
2226,Willem,Myeni,willem.myeni40@outlook.com,2024-11-02,Ladysmith,Female
2227,Zanele,Venter,zanele.venter51@gmail.com,2024-06-12,Phuthaditjhaba,Female
2228,Sandile,Brown,sandile.brown96@yahoo.com,2024-06-07,Phuthaditjhaba,Female
2229,Thandeka,Taylor,thandeka.taylor24@gmail.com,2024-09-14,Ladysmith,Female
2230,Anri,Sithole,anri.sithole22@gmail.com,2024-12-18,Harrismith,Male
2231,Thandeka,Jones,thandeka.jones62@yahoo.com,2024-03-04,Harrismith,Male
2232,Busisiwe,Jones,busisiwe.jones38@gmail.com,2024-05-20,Colenso,Female
2233,Nokwanda,Mhlongo,nokwanda.mhlongo84@gmail.com,2024-12-27,Harrismith,Female
2234,Sarah,Mkhize,sarah.mkhize65@gmail.com,2024-10-20,Harrismith,Female
2235,Thandolwethu,Steyn,thandolwethu.steyn88@gmail.com,2024-09-01,Harrismith,Male
2236,Kagiso,Ndlovu,kagiso.ndlovu59@gmail.com,2024-11-19,Harrismith,Female
2237,David,Molefe,david.molefe68@outlook.com,2024-04-20,Ladysmith,Female
2238,Thandolwethu,Venter,thandolwethu.venter44@gmail.com,2024-09-10,Phuthaditjhaba,Female
2239,Palesa,Sithole,palesa.sithole26@gmail.com,2024-05-29,Vrede,Female
2240,Willem,Van der Merwe,willem.vandermerwe82@gmail.com,2024-12-26,Harrismith,Female
2241,James,Steyn,james.steyn27@gmail.com,2024-07-11,Bethlehem,Male
2242,James,Sithole,james.sithole69@gmail.com,2024-01-31,Colenso,Female
2243,Nthabiseng,Mkhize,nthabiseng.mkhize31@yahoo.com,2024-06-19,Bethlehem,Male
2244,Anri,Williams,anri.williams47@outlook.com,2024-03-19,Phuthaditjhaba,Female
2245,Lisa,Mahlangu,lisa.mahlangu91@outlook.com,2024-04-17,Harrismith,Male
2246,Nokwanda,Hadebe,nokwanda.hadebe83@outlook.com,2024-04-25,Harrismith,Male
2247,Pieter,Brown,pieter.brown21@gmail.com,2024-12-24,Vrede,Female
2248,Nhlanhla,Motaung,nhlanhla.motaung76@gmail.com,2024-01-27,Phuthaditjhaba,Female
2249,Sifiso,Molefe,sifiso.molefe37@gmail.com,2024-04-01,Harrismith,Female
2250,David,Brown,david.brown69@gmail.com,2024-09-06,Sterkfontein,Male
2251,Nompumelelo,Mofokeng,nompumelelo.mofokeng64@yahoo.com,2024-07-19,Vrede,Female
2252,Musa,Mkhize,musa.mkhize51@gmail.com,2024-06-02,Ladysmith,Male
2253,Bongani,Gumede,bongani.gumede38@outlook.com,2024-12-03,Phuthaditjhaba,Female
2254,Palesa,Mnguni,palesa.mnguni29@outlook.com,2024-03-22,Bethlehem,Female
2255,Ntombi,Mkhize,ntombi.mkhize63@yahoo.com,2024-01-12,Sterkfontein,Female
2256,Willem,Radebe,willem.radebe70@outlook.com,2024-10-07,Phuthaditjhaba,Male
2257,Dineo,Gumede,dineo.gumede64@gmail.com,2024-07-19,Harrismith,Female
2258,David,Du Plessis,david.duplessis71@outlook.com,2024-06-21,Phuthaditjhaba,Female
2259,Palesa,Molefe,palesa.molefe22@gmail.com,2024-08-04,Harrismith,Female
2260,Thabo,Mkhize,thabo.mkhize40@gmail.com,2024-12-13,Phuthaditjhaba,Male
2261,Kagiso,Venter,kagiso.venter11@yahoo.com,2024-08-30,Harrismith,Male
2262,Sibusiso,Shabalala,sibusiso.shabalala37@gmail.com,2024-06-27,Phuthaditjhaba,Male
2263,Refilwe,Zulu,refilwe.zulu47@gmail.com,2024-07-19,Harrismith,Female
2264,Karen,Jones,karen.jones21@gmail.com,2024-07-19,Vrede,Female
2265,Karen,Dlamini,karen.dlamini95@gmail.com,2024-02-06,Harrismith,Female
2266,Lwazi,Gumede,lwazi.gumede68@outlook.com,2024-09-27,Vrede,Female
2267,Sarah,Molefe,sarah.molefe13@yahoo.com,2024-05-24,Harrismith,Female
2268,Nokwanda,Zungu,nokwanda.zungu27@yahoo.com,2024-05-24,Harrismith,Male
2269,Heinrich,Brown,heinrich.brown57@outlook.com,2024-12-22,Sterkfontein,Female
2270,Michael,Hadebe,michael.hadebe10@yahoo.com,2024-04-09,Harrismith,Male
2271,James,Gumede,james.gumede98@gmail.com,2024-12-24,Harrismith,Male
2272,Johannes,Motaung,johannes.motaung14@gmail.com,2024-10-07,Phuthaditjhaba,Male
2273,Dineo,Gumede,dineo.gumede44@outlook.com,2024-07-20,Harrismith,Female
2274,Lisa,Motaung,lisa.motaung83@outlook.com,2024-02-19,Phuthaditjhaba,Female
2275,Khulekani,Shabalala,khulekani.shabalala20@yahoo.com,2024-03-08,Phuthaditjhaba,Female
2276,Michael,Gumede,michael.gumede17@gmail.com,2024-06-14,Harrismith,Male
2277,Pieter,Radebe,pieter.radebe96@gmail.com,2024-10-24,Phuthaditjhaba,Male
2278,Anri,Ndlovu,anri.ndlovu16@gmail.com,2024-01-28,Phuthaditjhaba,Male
2279,Tebogo,Nkosi,tebogo.nkosi56@gmail.com,2024-12-29,Sterkfontein,Female
2280,Nhlanhla,Buthelezi,nhlanhla.buthelezi15@gmail.com,2024-06-04,Phuthaditjhaba,Female
2281,Ayanda,Du Plessis,ayanda.duplessis32@outlook.com,2024-08-22,Colenso,Female
2282,Nthabiseng,Mthembu,nthabiseng.mthembu81@yahoo.com,2024-12-01,Bergville,Female
2283,Robert,Pretorius,robert.pretorius52@gmail.com,2024-03-24,Bethlehem,Female
2284,Pieter,Buthelezi,pieter.buthelezi24@outlook.com,2024-10-22,Harrismith,Female
2285,Sandile,Mnguni,sandile.mnguni84@outlook.com,2024-03-11,Phuthaditjhaba,Female
2286,Ntombi,Du Plessis,ntombi.duplessis38@gmail.com,2024-08-14,Harrismith,Female
2287,Willem,Radebe,willem.radebe44@gmail.com,2024-12-22,Sterkfontein,Male
2288,Sipho,Mhlongo,sipho.mhlongo64@gmail.com,2024-09-04,Harrismith,Male
2289,Tebogo,Gumede,tebogo.gumede18@gmail.com,2024-05-29,Harrismith,Female
2290,Nompumelelo,Hadebe,nompumelelo.hadebe67@gmail.com,2024-03-15,Ladysmith,Female
2291,James,Sithole,james.sithole77@yahoo.com,2024-04-17,Harrismith,Male
2292,Thandolwethu,Sithole,thandolwethu.sithole78@outlook.com,2024-04-21,Ladysmith,Male
2293,Pieter,Pretorius,pieter.pretorius47@gmail.com,2024-04-10,Kestell,Female
2294,Pieter,Mnguni,pieter.mnguni57@outlook.com,2024-11-29,Harrismith,Male
2295,Lwazi,Williams,lwazi.williams18@gmail.com,2024-01-05,Phuthaditjhaba,Female
2296,Busisiwe,Mnguni,busisiwe.mnguni68@gmail.com,2024-07-04,Ladysmith,Female
2297,Nokwanda,Mthembu,nokwanda.mthembu60@yahoo.com,2024-10-21,Phuthaditjhaba,Female
2298,Sarah,Shabalala,sarah.shabalala19@gmail.com,2024-02-22,Phuthaditjhaba,Female
2299,Sipho,Mnguni,sipho.mnguni45@gmail.com,2024-12-13,Vrede,Female
2300,Musa,Ntuli,musa.ntuli28@gmail.com,2024-03-16,Ladysmith,Male
2301,David,Mofokeng,david.mofokeng36@gmail.com,2024-07-11,Harrismith,Female
2302,Karen,Mokoena,karen.mokoena90@gmail.com,2024-08-06,Harrismith,Male
2303,Dineo,Van der Merwe,dineo.vandermerwe63@outlook.com,2024-12-13,Harrismith,Male
2304,Lungelo,Steyn,lungelo.steyn26@gmail.com,2024-03-27,Bethlehem,Female
2305,Heinrich,Mthembu,heinrich.mthembu63@gmail.com,2024-01-29,Kestell,Male
2306,Lungelo,Shabalala,lungelo.shabalala92@gmail.com,2024-02-19,Sterkfontein,Male
2307,Jennifer,Botha,jennifer.botha34@gmail.com,2024-07-01,Phuthaditjhaba,Female
2308,Anri,Jones,anri.jones39@outlook.com,2024-08-30,Harrismith,Female
2309,Thabo,Ndlovu,thabo.ndlovu52@gmail.com,2024-04-01,Bethlehem,Male
2310,Sibusiso,Shabalala,sibusiso.shabalala53@outlook.com,2024-01-27,Harrismith,Female
2311,Nokwanda,Sithole,nokwanda.sithole72@gmail.com,2024-03-01,Phuthaditjhaba,Male
2312,Willem,Van der Merwe,willem.vandermerwe99@gmail.com,2024-09-20,Harrismith,Male
2313,Busisiwe,Ntuli,busisiwe.ntuli80@gmail.com,2024-11-28,Harrismith,Female
2314,Nokwanda,Jones,nokwanda.jones48@gmail.com,2024-06-22,Phuthaditjhaba,Male
2315,Bongani,Mofokeng,bongani.mofokeng49@gmail.com,2024-10-30,Ladysmith,Male
2316,James,Radebe,james.radebe43@gmail.com,2024-08-10,Sterkfontein,Male
2317,Mpho,Molefe,mpho.molefe57@outlook.com,2024-03-17,Harrismith,Male
2318,Dineo,Ntuli,dineo.ntuli16@gmail.com,2024-11-17,Colenso,Male
2319,Nokuthula,Ntuli,nokuthula.ntuli46@gmail.com,2024-07-25,Harrismith,Female
2320,Ayanda,Zulu,ayanda.zulu31@yahoo.com,2024-05-05,Ladysmith,Male
2321,Anna,Jones,anna.jones78@gmail.com,2024-01-18,Harrismith,Female
2322,Busisiwe,Mnguni,busisiwe.mnguni32@outlook.com,2024-03-01,Phuthaditjhaba,Male
2323,Zanele,Pretorius,zanele.pretorius95@yahoo.com,2024-05-03,Harrismith,Female
2324,Dineo,Mnguni,dineo.mnguni24@gmail.com,2024-07-22,Bethlehem,Male
2325,Nozipho,Radebe,nozipho.radebe50@gmail.com,2024-09-07,Harrismith,Female
2326,Michael,Venter,michael.venter66@gmail.com,2024-06-03,Phuthaditjhaba,Male
2327,Pieter,Du Plessis,pieter.duplessis33@gmail.com,2024-12-18,Harrismith,Female
2328,Tebogo,Du Plessis,tebogo.duplessis14@outlook.com,2024-11-01,Harrismith,Female
2329,Mthokozisi,Pretorius,mthokozisi.pretorius28@gmail.com,2024-03-29,Harrismith,Female
2330,Thandolwethu,Hadebe,thandolwethu.hadebe79@outlook.com,2024-11-30,Bethlehem,Male
2331,Khulekani,Mokoena,khulekani.mokoena25@yahoo.com,2024-07-11,Phuthaditjhaba,Female
2332,Sarah,Molefe,sarah.molefe73@outlook.com,2024-12-20,Harrismith,Female
2333,Michael,Motaung,michael.motaung50@gmail.com,2024-12-09,Harrismith,Female
2334,Sipho,Zulu,sipho.zulu79@yahoo.com,2024-12-03,Phuthaditjhaba,Female
2335,Nokuthula,Pretorius,nokuthula.pretorius47@gmail.com,2024-02-15,Kestell,Female
2336,Bongani,Molefe,bongani.molefe47@outlook.com,2024-08-25,Harrismith,Female
2337,Nthabiseng,Molefe,nthabiseng.molefe83@outlook.com,2024-11-28,Harrismith,Male
2338,Mthokozisi,Van der Merwe,mthokozisi.vandermerwe66@gmail.com,2024-07-14,Kestell,Female
2339,Nozipho,Mahlangu,nozipho.mahlangu24@outlook.com,2024-05-20,Harrismith,Male
2340,Kagiso,Venter,kagiso.venter27@yahoo.com,2024-11-19,Harrismith,Male
2341,Sandile,Van der Merwe,sandile.vandermerwe13@gmail.com,2024-11-30,Harrismith,Female
2342,Nompumelelo,Taylor,nompumelelo.taylor38@gmail.com,2024-08-15,Harrismith,Female
2343,Zanele,Gumede,zanele.gumede21@gmail.com,2024-07-07,Ladysmith,Female
2344,Elmarie,Mahlangu,elmarie.mahlangu87@outlook.com,2024-01-06,Ladysmith,Male
2345,Lungelo,Pretorius,lungelo.pretorius38@outlook.com,2024-03-02,Phuthaditjhaba,Male
2346,Khulekani,Motaung,khulekani.motaung35@gmail.com,2024-02-29,Harrismith,Female
2347,Mthokozisi,Brown,mthokozisi.brown78@outlook.com,2024-02-12,Ladysmith,Male
2348,Thandolwethu,Shabalala,thandolwethu.shabalala21@yahoo.com,2024-03-03,Sterkfontein,Male
2349,Lungelo,Khumalo,lungelo.khumalo72@gmail.com,2024-09-07,Harrismith,Female
2350,Heinrich,Ndlovu,heinrich.ndlovu87@gmail.com,2024-11-24,Harrismith,Female
2351,Siyanda,Taylor,siyanda.taylor17@yahoo.com,2024-12-08,Harrismith,Female
2352,Ayanda,Hadebe,ayanda.hadebe28@yahoo.com,2024-09-17,Phuthaditjhaba,Male
2353,Refilwe,Pretorius,refilwe.pretorius59@gmail.com,2024-04-25,Harrismith,Female
2354,Lerato,Williams,lerato.williams46@gmail.com,2024-01-12,Harrismith,Female
2355,Sipho,Mhlongo,sipho.mhlongo49@outlook.com,2024-10-27,Phuthaditjhaba,Male
2356,Tebogo,Gumede,tebogo.gumede21@gmail.com,2024-10-20,Sterkfontein,Male
2357,Nomsa,Venter,nomsa.venter66@yahoo.com,2024-10-20,Bergville,Male
2358,Kagiso,Dlamini,kagiso.dlamini66@gmail.com,2024-09-02,Harrismith,Male
2359,Johannes,Ndlovu,johannes.ndlovu64@yahoo.com,2024-05-20,Harrismith,Male
2360,Maria,Mhlongo,maria.mhlongo85@gmail.com,2024-12-21,Bethlehem,Male
2361,Elmarie,Jones,elmarie.jones28@gmail.com,2024-02-18,Bethlehem,Male
2362,Nokwanda,Khumalo,nokwanda.khumalo70@outlook.com,2024-10-30,Harrismith,Male
2363,Nthabiseng,Mnguni,nthabiseng.mnguni52@gmail.com,2024-04-02,Colenso,Female
2364,Jennifer,Taylor,jennifer.taylor85@yahoo.com,2024-07-15,Harrismith,Female
2365,Willem,Ntuli,willem.ntuli62@yahoo.com,2024-09-04,Bethlehem,Male
2366,Robert,Mofokeng,robert.mofokeng32@gmail.com,2024-11-26,Ladysmith,Female
2367,Nozipho,Ntuli,nozipho.ntuli82@yahoo.com,2024-12-25,Sterkfontein,Male
2368,Lindiwe,Gumede,lindiwe.gumede33@yahoo.com,2024-08-10,Vrede,Female
2369,Siyanda,Pretorius,siyanda.pretorius72@gmail.com,2024-06-01,Phuthaditjhaba,Male
2370,Lindiwe,Venter,lindiwe.venter48@yahoo.com,2024-10-19,Harrismith,Male
2371,Zanele,Du Plessis,zanele.duplessis81@yahoo.com,2024-03-05,Harrismith,Female
2372,Nokuthula,Smith,nokuthula.smith10@gmail.com,2024-02-20,Phuthaditjhaba,Female
2373,Pieter,Molefe,pieter.molefe48@outlook.com,2024-06-15,Vrede,Female
2374,Nokuthula,Gumede,nokuthula.gumede70@gmail.com,2024-02-02,Harrismith,Female
2375,Nozipho,Smith,nozipho.smith95@yahoo.com,2024-12-31,Sterkfontein,Male
2376,Nthabiseng,Zulu,nthabiseng.zulu72@outlook.com,2024-10-02,Harrismith,Male
2377,Sarah,Mthembu,sarah.mthembu13@gmail.com,2024-04-04,Phuthaditjhaba,Male
2378,Karen,Mokoena,karen.mokoena45@gmail.com,2024-07-26,Harrismith,Male
2379,Nokwanda,Mhlongo,nokwanda.mhlongo18@gmail.com,2024-12-24,Harrismith,Male
2380,Sandile,Nkosi,sandile.nkosi56@gmail.com,2024-01-11,Harrismith,Female
2381,Anri,Sithole,anri.sithole82@gmail.com,2024-07-20,Colenso,Female
2382,Mthokozisi,Radebe,mthokozisi.radebe43@yahoo.com,2024-10-11,Phuthaditjhaba,Female
2383,Mpho,Shabalala,mpho.shabalala98@yahoo.com,2024-10-01,Harrismith,Female
2384,Anri,Mhlongo,anri.mhlongo83@gmail.com,2024-09-28,Kestell,Female
2385,Mpho,Dlamini,mpho.dlamini43@gmail.com,2024-09-07,Vrede,Female
2386,Lwazi,Mofokeng,lwazi.mofokeng17@gmail.com,2024-02-02,Phuthaditjhaba,Male
2387,Thabo,Zungu,thabo.zungu69@yahoo.com,2024-09-22,Harrismith,Male
2388,Anri,Molefe,anri.molefe30@gmail.com,2024-10-26,Phuthaditjhaba,Female
2389,Kagiso,Steyn,kagiso.steyn56@gmail.com,2024-10-02,Harrismith,Male
2390,Nozipho,Radebe,nozipho.radebe55@gmail.com,2024-12-31,Bethlehem,Male
2391,Michael,Pretorius,michael.pretorius47@gmail.com,2024-11-29,Ladysmith,Female
2392,Siyanda,Ndlovu,siyanda.ndlovu19@gmail.com,2024-03-04,Harrismith,Male
2393,Bongani,Williams,bongani.williams90@gmail.com,2024-04-16,Harrismith,Male
2394,Heinrich,Botha,heinrich.botha22@gmail.com,2024-12-03,Phuthaditjhaba,Female
2395,Johannes,Ndlovu,johannes.ndlovu31@gmail.com,2024-03-01,Ladysmith,Male
2396,Karen,Williams,karen.williams50@outlook.com,2024-04-02,Colenso,Female
2397,Refilwe,Radebe,refilwe.radebe48@gmail.com,2024-11-02,Harrismith,Male
2398,Mthokozisi,Zulu,mthokozisi.zulu99@yahoo.com,2024-12-21,Vrede,Female
2399,Elmarie,Taylor,elmarie.taylor84@gmail.com,2024-04-02,Harrismith,Male
2400,Ayanda,Steyn,ayanda.steyn28@gmail.com,2024-01-03,Phuthaditjhaba,Male
2401,Mpho,Buthelezi,mpho.buthelezi76@gmail.com,2024-10-11,Harrismith,Female
2402,Anri,Mofokeng,anri.mofokeng72@gmail.com,2024-08-16,Colenso,Female
2403,Refilwe,Ndlovu,refilwe.ndlovu30@gmail.com,2024-06-09,Harrismith,Female
2404,Nhlanhla,Mokoena,nhlanhla.mokoena29@gmail.com,2024-03-03,Vrede,Male
2405,Pieter,Dlamini,pieter.dlamini34@outlook.com,2024-01-21,Harrismith,Female
2406,James,Ntuli,james.ntuli98@outlook.com,2024-03-06,Harrismith,Female
2407,Lungelo,Cele,lungelo.cele78@outlook.com,2024-10-21,Harrismith,Male
2408,Nthabiseng,Khumalo,nthabiseng.khumalo24@gmail.com,2024-04-15,Phuthaditjhaba,Male
2409,Pieter,Molefe,pieter.molefe19@gmail.com,2024-11-30,Harrismith,Female
2410,Robert,Buthelezi,robert.buthelezi26@yahoo.com,2024-03-23,Harrismith,Male
2411,Johannes,Myeni,johannes.myeni49@yahoo.com,2024-02-14,Bethlehem,Female
2412,Robert,Shabalala,robert.shabalala66@outlook.com,2024-10-14,Phuthaditjhaba,Female
2413,Kagiso,Dlamini,kagiso.dlamini53@gmail.com,2024-05-11,Bethlehem,Male
2414,Ayanda,Dlamini,ayanda.dlamini48@gmail.com,2024-01-18,Harrismith,Male
2415,Kagiso,Smith,kagiso.smith25@gmail.com,2024-02-13,Ladysmith,Female
2416,Lerato,Sithole,lerato.sithole98@gmail.com,2024-03-04,Colenso,Male
2417,Lwazi,Mofokeng,lwazi.mofokeng39@gmail.com,2024-09-16,Kestell,Female
2418,Anna,Molefe,anna.molefe36@gmail.com,2024-06-01,Ladysmith,Male
2419,Palesa,Cele,palesa.cele20@gmail.com,2024-07-05,Harrismith,Male
2420,Thabo,Khumalo,thabo.khumalo24@gmail.com,2024-10-05,Vrede,Female
2421,Robert,Buthelezi,robert.buthelezi71@yahoo.com,2024-03-28,Harrismith,Male
2422,Nozipho,Brown,nozipho.brown23@gmail.com,2024-08-04,Ladysmith,Female
2423,Ntombi,Ndlovu,ntombi.ndlovu94@gmail.com,2024-12-02,Harrismith,Male
2424,Nompumelelo,Mokoena,nompumelelo.mokoena17@gmail.com,2024-01-01,Harrismith,Female
2425,Nomsa,Mokoena,nomsa.mokoena42@gmail.com,2024-05-07,Bethlehem,Male
2426,Sifiso,Venter,sifiso.venter48@outlook.com,2024-06-02,Bethlehem,Female
2427,Nompumelelo,Williams,nompumelelo.williams25@yahoo.com,2024-01-24,Vrede,Female
2428,Sarah,Steyn,sarah.steyn35@gmail.com,2024-09-22,Ladysmith,Female
2429,Kagiso,Molefe,kagiso.molefe54@gmail.com,2024-05-30,Kestell,Female
2430,Ntombi,Brown,ntombi.brown28@outlook.com,2024-12-03,Ladysmith,Male
2431,Sandile,Molefe,sandile.molefe84@gmail.com,2024-09-30,Ladysmith,Female
2432,Sifiso,Mahlangu,sifiso.mahlangu30@outlook.com,2024-08-15,Phuthaditjhaba,Female
2433,Johannes,Khumalo,johannes.khumalo88@gmail.com,2024-03-12,Colenso,Female
2434,Sandile,Myeni,sandile.myeni82@gmail.com,2024-10-22,Colenso,Female
2435,Mthokozisi,Dlamini,mthokozisi.dlamini84@outlook.com,2024-09-08,Harrismith,Male
2436,Nhlanhla,Radebe,nhlanhla.radebe34@yahoo.com,2024-12-21,Bergville,Female
2437,Nokuthula,Shabalala,nokuthula.shabalala78@gmail.com,2024-06-09,Phuthaditjhaba,Male
2438,Mpho,Jones,mpho.jones22@outlook.com,2024-09-24,Phuthaditjhaba,Male
2439,Nozipho,Ntuli,nozipho.ntuli70@gmail.com,2024-06-29,Bethlehem,Female
2440,Khulekani,Mahlangu,khulekani.mahlangu85@gmail.com,2024-11-06,Ladysmith,Female
2441,Sibusiso,Motaung,sibusiso.motaung96@yahoo.com,2024-10-02,Harrismith,Female
2442,Ntombi,Shabalala,ntombi.shabalala55@yahoo.com,2024-09-18,Colenso,Male
2443,Lwazi,Ntuli,lwazi.ntuli75@gmail.com,2024-04-17,Phuthaditjhaba,Male
2444,Nozipho,Ndlovu,nozipho.ndlovu24@yahoo.com,2024-12-18,Bergville,Female
2445,Musa,Mokoena,musa.mokoena69@gmail.com,2024-02-20,Harrismith,Male
2446,Mthokozisi,Molefe,mthokozisi.molefe27@gmail.com,2024-12-05,Kestell,Male
2447,Lungelo,Sithole,lungelo.sithole56@outlook.com,2024-01-23,Harrismith,Female
2448,Mthokozisi,Brown,mthokozisi.brown15@gmail.com,2024-05-01,Bethlehem,Male
2449,Busisiwe,Jones,busisiwe.jones73@gmail.com,2024-01-19,Harrismith,Female
2450,Sipho,Mofokeng,sipho.mofokeng46@gmail.com,2024-04-06,Bergville,Male
2451,Refilwe,Venter,refilwe.venter49@outlook.com,2024-03-13,Ladysmith,Male
2452,Heinrich,Molefe,heinrich.molefe38@gmail.com,2024-06-02,Harrismith,Female
2453,Sipho,Van der Merwe,sipho.vandermerwe47@yahoo.com,2024-04-20,Phuthaditjhaba,Female
2454,Karen,Pretorius,karen.pretorius18@outlook.com,2024-03-09,Harrismith,Male
2455,Maria,Ndlovu,maria.ndlovu96@gmail.com,2024-11-04,Harrismith,Female
2456,Sibusiso,Van der Merwe,sibusiso.vandermerwe11@yahoo.com,2024-10-09,Harrismith,Male
2457,Musa,Du Plessis,musa.duplessis23@gmail.com,2024-04-20,Harrismith,Male
2458,Zanele,Nkosi,zanele.nkosi76@yahoo.com,2024-10-29,Bethlehem,Female
2459,Kagiso,Steyn,kagiso.steyn28@gmail.com,2024-07-02,Ladysmith,Male
2460,Tebogo,Ntuli,tebogo.ntuli98@gmail.com,2024-05-22,Harrismith,Male
2461,Nompumelelo,Myeni,nompumelelo.myeni23@outlook.com,2024-03-06,Harrismith,Female
2462,Willem,Hadebe,willem.hadebe31@gmail.com,2024-11-14,Bethlehem,Male
2463,Lindiwe,Zungu,lindiwe.zungu35@gmail.com,2024-08-04,Vrede,Female
2464,Nhlanhla,Taylor,nhlanhla.taylor86@yahoo.com,2024-02-08,Vrede,Male
2465,Musa,Du Plessis,musa.duplessis39@outlook.com,2024-10-08,Phuthaditjhaba,Female
2466,Michael,Zulu,michael.zulu45@outlook.com,2024-05-10,Harrismith,Male
2467,Maria,Van der Merwe,maria.vandermerwe85@gmail.com,2024-05-13,Harrismith,Male
2468,Jennifer,Gumede,jennifer.gumede92@yahoo.com,2024-07-14,Harrismith,Female
2469,David,Brown,david.brown95@yahoo.com,2024-11-28,Harrismith,Male
2470,Palesa,Sithole,palesa.sithole72@gmail.com,2024-03-24,Bethlehem,Female
2471,Siyanda,Van der Merwe,siyanda.vandermerwe28@yahoo.com,2024-07-23,Phuthaditjhaba,Male
2472,Mpho,Gumede,mpho.gumede42@gmail.com,2024-08-21,Harrismith,Male
2473,James,Khumalo,james.khumalo39@yahoo.com,2024-02-12,Phuthaditjhaba,Female
2474,Kagiso,Myeni,kagiso.myeni22@outlook.com,2024-05-10,Harrismith,Female
2475,Nompumelelo,Dlamini,nompumelelo.dlamini73@outlook.com,2024-12-12,Sterkfontein,Male
2476,Dineo,Williams,dineo.williams58@yahoo.com,2024-08-05,Phuthaditjhaba,Female
2477,Thandeka,Venter,thandeka.venter48@yahoo.com,2024-12-21,Colenso,Female
2478,Anri,Molefe,anri.molefe19@outlook.com,2024-03-14,Phuthaditjhaba,Female
2479,Bongani,Brown,bongani.brown73@yahoo.com,2024-10-01,Harrismith,Female
2480,Nokwanda,Motaung,nokwanda.motaung94@gmail.com,2024-04-14,Ladysmith,Female
2481,Khulekani,Williams,khulekani.williams74@gmail.com,2024-02-06,Harrismith,Male
2482,Sandile,Mnguni,sandile.mnguni53@outlook.com,2024-11-18,Phuthaditjhaba,Female
2483,Nozipho,Mkhize,nozipho.mkhize12@yahoo.com,2024-05-17,Harrismith,Female
2484,Sibusiso,Cele,sibusiso.cele65@yahoo.com,2024-11-20,Harrismith,Female
2485,Nozipho,Khumalo,nozipho.khumalo67@gmail.com,2024-12-22,Sterkfontein,Male
2486,Anna,Nkosi,anna.nkosi58@gmail.com,2024-11-26,Bethlehem,Male
2487,Lisa,Khumalo,lisa.khumalo14@gmail.com,2024-04-08,Harrismith,Male
2488,Maria,Dlamini,maria.dlamini81@outlook.com,2024-12-31,Bethlehem,Male
2489,Zanele,Botha,zanele.botha31@gmail.com,2024-07-09,Harrismith,Male
2490,Anna,Ntuli,anna.ntuli27@gmail.com,2024-10-15,Phuthaditjhaba,Female
2491,Thabo,Mthembu,thabo.mthembu59@gmail.com,2024-12-02,Phuthaditjhaba,Female
2492,Mpho,Zulu,mpho.zulu24@gmail.com,2024-11-27,Harrismith,Female
2493,Michael,Taylor,michael.taylor72@outlook.com,2024-09-18,Phuthaditjhaba,Female
2494,Thandeka,Hadebe,thandeka.hadebe83@gmail.com,2024-11-05,Harrismith,Male
2495,Anri,Du Plessis,anri.duplessis81@outlook.com,2024-03-24,Colenso,Female
2496,Maria,Hadebe,maria.hadebe60@gmail.com,2024-08-02,Bergville,Female
2497,Nozipho,Motaung,nozipho.motaung85@outlook.com,2024-03-19,Bergville,Male
2498,Nompumelelo,Mofokeng,nompumelelo.mofokeng55@yahoo.com,2024-06-10,Harrismith,Male
2499,Nozipho,Taylor,nozipho.taylor17@gmail.com,2024-08-10,Vrede,Male
2500,Mpho,Ndlovu,mpho.ndlovu15@gmail.com,2024-07-13,Vrede,Female
2501,Karen,Mnguni,karen.mnguni56@gmail.com,2024-01-14,Phuthaditjhaba,Female
2502,Pieter,Mnguni,pieter.mnguni84@gmail.com,2024-11-05,Harrismith,Female
2503,Mthokozisi,Mahlangu,mthokozisi.mahlangu90@gmail.com,2024-05-06,Harrismith,Male
2504,Maria,Pretorius,maria.pretorius22@gmail.com,2024-02-09,Harrismith,Male
2505,Lungelo,Ndlovu,lungelo.ndlovu55@gmail.com,2024-05-18,Phuthaditjhaba,Female
2506,Nozipho,Steyn,nozipho.steyn17@yahoo.com,2024-03-04,Harrismith,Male
2507,Sandile,Ndlovu,sandile.ndlovu92@gmail.com,2024-09-29,Harrismith,Male
2508,James,Hadebe,james.hadebe20@yahoo.com,2024-02-26,Harrismith,Male
2509,Lerato,Ntuli,lerato.ntuli49@gmail.com,2024-12-16,Phuthaditjhaba,Male
2510,Nokuthula,Mahlangu,nokuthula.mahlangu31@gmail.com,2024-10-07,Vrede,Male
2511,Lisa,Mnguni,lisa.mnguni51@gmail.com,2024-07-27,Bethlehem,Male
2512,Tebogo,Venter,tebogo.venter94@outlook.com,2024-02-03,Harrismith,Male
2513,Nokuthula,Taylor,nokuthula.taylor63@gmail.com,2024-06-17,Phuthaditjhaba,Male
2514,Sandile,Khumalo,sandile.khumalo99@gmail.com,2024-11-23,Harrismith,Male
2515,Busisiwe,Steyn,busisiwe.steyn12@yahoo.com,2024-02-15,Harrismith,Female
2516,Bongani,Mofokeng,bongani.mofokeng59@gmail.com,2024-07-04,Phuthaditjhaba,Male
2517,Mthokozisi,Van der Merwe,mthokozisi.vandermerwe22@yahoo.com,2024-06-19,Harrismith,Male
2518,Anri,Zulu,anri.zulu96@gmail.com,2024-05-19,Bergville,Male
2519,Ayanda,Van der Merwe,ayanda.vandermerwe73@gmail.com,2024-03-15,Sterkfontein,Male
2520,Refilwe,Ndlovu,refilwe.ndlovu95@gmail.com,2024-04-25,Harrismith,Female
2521,Busisiwe,Mofokeng,busisiwe.mofokeng88@gmail.com,2024-05-20,Colenso,Male
2522,Willem,Sithole,willem.sithole65@gmail.com,2024-01-06,Harrismith,Female
2523,Thandeka,Mhlongo,thandeka.mhlongo91@outlook.com,2024-02-20,Harrismith,Female
2524,Musa,Zulu,musa.zulu78@gmail.com,2024-07-12,Harrismith,Male
2525,Sipho,Steyn,sipho.steyn43@gmail.com,2024-04-23,Harrismith,Male
2526,Sipho,Mkhize,sipho.mkhize83@gmail.com,2024-07-12,Harrismith,Female
2527,Refilwe,Sithole,refilwe.sithole38@outlook.com,2024-02-23,Phuthaditjhaba,Male
2528,Sarah,Dlamini,sarah.dlamini84@gmail.com,2024-03-04,Harrismith,Male
2529,Thandeka,Molefe,thandeka.molefe53@gmail.com,2024-03-30,Harrismith,Male
2530,Lungelo,Dlamini,lungelo.dlamini82@yahoo.com,2024-09-26,Harrismith,Female
2531,Nthabiseng,Radebe,nthabiseng.radebe36@gmail.com,2024-06-05,Bethlehem,Female
2532,Michael,Gumede,michael.gumede19@yahoo.com,2024-10-28,Ladysmith,Male
2533,Musa,Jones,musa.jones48@gmail.com,2024-09-07,Ladysmith,Male
2534,Pieter,Myeni,pieter.myeni79@gmail.com,2024-02-18,Bethlehem,Male
2535,Anri,Myeni,anri.myeni63@gmail.com,2024-09-27,Colenso,Female
2536,Maria,Botha,maria.botha89@gmail.com,2024-06-27,Harrismith,Female
2537,Lwazi,Radebe,lwazi.radebe95@yahoo.com,2024-12-24,Phuthaditjhaba,Female
2538,Nompumelelo,Williams,nompumelelo.williams12@outlook.com,2024-10-19,Bethlehem,Female
2539,Ayanda,Molefe,ayanda.molefe33@gmail.com,2024-05-24,Harrismith,Male
2540,Michael,Pretorius,michael.pretorius37@outlook.com,2024-10-09,Ladysmith,Female
2541,Willem,Sithole,willem.sithole69@gmail.com,2024-05-18,Bethlehem,Male
2542,Karen,Nkosi,karen.nkosi91@gmail.com,2024-11-07,Colenso,Male
2543,Nompumelelo,Smith,nompumelelo.smith88@outlook.com,2024-02-20,Colenso,Male
2544,Sibusiso,Mofokeng,sibusiso.mofokeng82@yahoo.com,2024-01-25,Bergville,Male
2545,Nokwanda,Pretorius,nokwanda.pretorius35@gmail.com,2024-03-28,Phuthaditjhaba,Female
2546,Willem,Myeni,willem.myeni28@gmail.com,2024-06-11,Bergville,Female
2547,Busisiwe,Khumalo,busisiwe.khumalo97@outlook.com,2024-07-18,Bethlehem,Female
2548,Lungelo,Botha,lungelo.botha62@gmail.com,2024-04-02,Bethlehem,Female
2549,Sarah,Khumalo,sarah.khumalo18@outlook.com,2024-06-25,Phuthaditjhaba,Male
2550,Nokuthula,Gumede,nokuthula.gumede44@outlook.com,2024-12-13,Harrismith,Female
2551,Willem,Mhlongo,willem.mhlongo42@yahoo.com,2024-09-29,Sterkfontein,Female
2552,Palesa,Hadebe,palesa.hadebe40@gmail.com,2024-10-09,Ladysmith,Female
2553,Sipho,Williams,sipho.williams34@gmail.com,2024-10-31,Phuthaditjhaba,Female
2554,Ayanda,Zulu,ayanda.zulu49@gmail.com,2024-07-25,Bethlehem,Male
2555,Maria,Gumede,maria.gumede81@yahoo.com,2024-09-01,Phuthaditjhaba,Female
2556,Bongiwe,Radebe,bongiwe.radebe14@gmail.com,2024-10-30,Harrismith,Female
2557,Heinrich,Williams,heinrich.williams44@gmail.com,2024-03-06,Harrismith,Male
2558,Heinrich,Radebe,heinrich.radebe43@yahoo.com,2024-05-12,Phuthaditjhaba,Female
2559,Nthabiseng,Botha,nthabiseng.botha80@gmail.com,2024-01-05,Kestell,Female
2560,Maria,Mokoena,maria.mokoena15@yahoo.com,2024-12-17,Harrismith,Male
2561,Lungelo,Sithole,lungelo.sithole12@gmail.com,2024-09-19,Ladysmith,Male
2562,Nozipho,Buthelezi,nozipho.buthelezi20@gmail.com,2024-12-31,Bergville,Male
2563,Maria,Hadebe,maria.hadebe48@outlook.com,2024-03-20,Harrismith,Male
2564,Michael,Dlamini,michael.dlamini62@outlook.com,2024-12-02,Harrismith,Female
2565,Busisiwe,Mthembu,busisiwe.mthembu21@gmail.com,2024-03-05,Bergville,Male
2566,Johannes,Dlamini,johannes.dlamini27@gmail.com,2024-03-14,Bethlehem,Male
2567,Nomsa,Van der Merwe,nomsa.vandermerwe83@outlook.com,2024-07-12,Phuthaditjhaba,Female
2568,Anna,Mthembu,anna.mthembu76@outlook.com,2024-10-17,Colenso,Female
2569,Palesa,Cele,palesa.cele77@gmail.com,2024-05-16,Harrismith,Female
2570,Nhlanhla,Williams,nhlanhla.williams21@gmail.com,2024-01-28,Harrismith,Female
2571,Thandeka,Brown,thandeka.brown25@yahoo.com,2024-11-23,Phuthaditjhaba,Female
2572,Anri,Mahlangu,anri.mahlangu84@outlook.com,2024-07-08,Harrismith,Male
2573,Zanele,Mkhize,zanele.mkhize40@yahoo.com,2024-12-28,Harrismith,Male
2574,Lwazi,Mthembu,lwazi.mthembu23@gmail.com,2024-05-07,Phuthaditjhaba,Male
2575,Bongiwe,Motaung,bongiwe.motaung45@gmail.com,2024-12-13,Harrismith,Female
2576,Busisiwe,Buthelezi,busisiwe.buthelezi42@yahoo.com,2024-11-07,Ladysmith,Female
2577,Mthokozisi,Venter,mthokozisi.venter78@gmail.com,2024-08-02,Harrismith,Female
2578,Sifiso,Van der Merwe,sifiso.vandermerwe24@gmail.com,2024-12-27,Vrede,Male
2579,Lerato,Motaung,lerato.motaung64@gmail.com,2024-08-22,Bergville,Male
2580,Nomsa,Venter,nomsa.venter41@outlook.com,2024-04-03,Kestell,Female
2581,Dineo,Pretorius,dineo.pretorius28@gmail.com,2024-08-12,Harrismith,Female
2582,Nthabiseng,Khumalo,nthabiseng.khumalo57@yahoo.com,2024-06-30,Kestell,Female
2583,Musa,Williams,musa.williams87@gmail.com,2024-08-27,Bethlehem,Female
2584,Robert,Sithole,robert.sithole94@yahoo.com,2024-09-14,Bethlehem,Female
2585,Bongiwe,Hadebe,bongiwe.hadebe95@gmail.com,2024-05-26,Phuthaditjhaba,Female
2586,Bongani,Zulu,bongani.zulu80@gmail.com,2024-05-21,Ladysmith,Female
2587,Khulekani,Mkhize,khulekani.mkhize91@yahoo.com,2024-08-07,Harrismith,Male
2588,Lisa,Buthelezi,lisa.buthelezi97@gmail.com,2024-09-23,Harrismith,Female
2589,Bongiwe,Myeni,bongiwe.myeni40@yahoo.com,2024-04-27,Harrismith,Female
2590,Karen,Mthembu,karen.mthembu60@outlook.com,2024-06-05,Phuthaditjhaba,Female
2591,Bongiwe,Taylor,bongiwe.taylor48@gmail.com,2024-11-21,Harrismith,Female
2592,Sandile,Khumalo,sandile.khumalo40@gmail.com,2024-02-14,Phuthaditjhaba,Female
2593,Dineo,Mhlongo,dineo.mhlongo30@outlook.com,2024-06-05,Sterkfontein,Female
2594,Ntombi,Du Plessis,ntombi.duplessis92@gmail.com,2024-07-27,Harrismith,Female
2595,Nokwanda,Steyn,nokwanda.steyn14@gmail.com,2024-06-09,Harrismith,Male
2596,Sifiso,Venter,sifiso.venter20@outlook.com,2024-02-16,Phuthaditjhaba,Male
2597,Thabo,Ndlovu,thabo.ndlovu70@outlook.com,2024-11-20,Harrismith,Female
2598,Palesa,Mhlongo,palesa.mhlongo52@outlook.com,2024-02-10,Harrismith,Male
2599,Nokwanda,Dlamini,nokwanda.dlamini22@outlook.com,2024-02-09,Ladysmith,Female
2600,Musa,Williams,musa.williams74@gmail.com,2024-05-02,Bethlehem,Male
2601,Michael,Zungu,michael.zungu63@outlook.com,2024-02-17,Phuthaditjhaba,Male
2602,Mpho,Du Plessis,mpho.duplessis51@gmail.com,2024-03-25,Harrismith,Female
2603,Lindiwe,Steyn,lindiwe.steyn13@outlook.com,2024-10-21,Vrede,Female
2604,Thandeka,Van der Merwe,thandeka.vandermerwe33@outlook.com,2024-01-30,Vrede,Male
2605,Lwazi,Mhlongo,lwazi.mhlongo27@gmail.com,2024-02-13,Harrismith,Female
2606,Lerato,Williams,lerato.williams35@yahoo.com,2024-05-26,Harrismith,Male
2607,Musa,Gumede,musa.gumede20@gmail.com,2024-10-10,Harrismith,Female
2608,Thabo,Zungu,thabo.zungu41@gmail.com,2024-09-09,Phuthaditjhaba,Female
2609,Johannes,Mnguni,johannes.mnguni93@outlook.com,2024-01-06,Phuthaditjhaba,Male
2610,Nthabiseng,Van der Merwe,nthabiseng.vandermerwe97@gmail.com,2024-08-05,Harrismith,Female
2611,Karen,Mahlangu,karen.mahlangu50@gmail.com,2024-12-12,Phuthaditjhaba,Male
2612,Tebogo,Dlamini,tebogo.dlamini27@gmail.com,2024-09-17,Harrismith,Female
2613,Lerato,Motaung,lerato.motaung97@gmail.com,2024-03-10,Bethlehem,Male
2614,Lindiwe,Nkosi,lindiwe.nkosi51@yahoo.com,2024-09-02,Harrismith,Male
2615,Mpho,Buthelezi,mpho.buthelezi63@gmail.com,2024-09-11,Harrismith,Female
2616,Nomsa,Mnguni,nomsa.mnguni60@outlook.com,2024-09-20,Harrismith,Female
2617,Musa,Jones,musa.jones83@gmail.com,2024-12-16,Vrede,Female
2618,Nompumelelo,Dlamini,nompumelelo.dlamini12@outlook.com,2024-12-12,Harrismith,Male
2619,Willem,Smith,willem.smith90@gmail.com,2024-09-29,Phuthaditjhaba,Male
2620,Jennifer,Dlamini,jennifer.dlamini21@yahoo.com,2024-12-23,Harrismith,Male
2621,Thandeka,Brown,thandeka.brown99@yahoo.com,2024-03-04,Bethlehem,Male
2622,Nompumelelo,Steyn,nompumelelo.steyn89@gmail.com,2024-07-26,Harrismith,Female
2623,Bongani,Mokoena,bongani.mokoena43@gmail.com,2024-01-08,Kestell,Male
2624,James,Ntuli,james.ntuli57@gmail.com,2024-11-11,Colenso,Male
2625,Heinrich,Myeni,heinrich.myeni82@gmail.com,2024-04-07,Kestell,Female
2626,Ntombi,Van der Merwe,ntombi.vandermerwe77@gmail.com,2024-01-04,Bethlehem,Female
2627,Maria,Motaung,maria.motaung68@yahoo.com,2024-12-31,Ladysmith,Female
2628,David,Gumede,david.gumede38@yahoo.com,2024-08-05,Phuthaditjhaba,Male
2629,Karen,Zulu,karen.zulu44@gmail.com,2024-12-25,Ladysmith,Female
2630,Lungelo,Mahlangu,lungelo.mahlangu73@gmail.com,2024-09-30,Bethlehem,Female
2631,Heinrich,Pretorius,heinrich.pretorius65@outlook.com,2024-06-25,Bethlehem,Female
2632,David,Ndlovu,david.ndlovu46@yahoo.com,2024-05-05,Bethlehem,Female
2633,Sandile,Mthembu,sandile.mthembu33@gmail.com,2024-12-04,Phuthaditjhaba,Male
2634,Nokuthula,Buthelezi,nokuthula.buthelezi28@gmail.com,2024-09-27,Vrede,Male
2635,Sipho,Myeni,sipho.myeni43@gmail.com,2024-12-16,Phuthaditjhaba,Male
2636,Sibusiso,Motaung,sibusiso.motaung67@yahoo.com,2024-11-07,Harrismith,Male
2637,Lwazi,Williams,lwazi.williams97@yahoo.com,2024-01-22,Harrismith,Male
2638,Jennifer,Mhlongo,jennifer.mhlongo70@gmail.com,2024-11-06,Phuthaditjhaba,Male
2639,Refilwe,Ndlovu,refilwe.ndlovu51@yahoo.com,2024-08-17,Bethlehem,Female
2640,Anri,Mokoena,anri.mokoena37@outlook.com,2024-03-27,Phuthaditjhaba,Female
2641,Busisiwe,Hadebe,busisiwe.hadebe86@gmail.com,2024-12-11,Harrismith,Female
2642,Lerato,Molefe,lerato.molefe22@gmail.com,2024-09-25,Harrismith,Female
2643,Nomsa,Taylor,nomsa.taylor16@gmail.com,2024-04-25,Bethlehem,Male
2644,James,Khumalo,james.khumalo40@gmail.com,2024-03-30,Harrismith,Male
2645,Anna,Zulu,anna.zulu55@outlook.com,2024-02-08,Ladysmith,Female
2646,Elmarie,Mofokeng,elmarie.mofokeng86@outlook.com,2024-07-06,Harrismith,Male
2647,Nozipho,Molefe,nozipho.molefe10@gmail.com,2024-03-09,Phuthaditjhaba,Male
2648,Lungelo,Van der Merwe,lungelo.vandermerwe89@gmail.com,2024-09-20,Harrismith,Female
2649,Sarah,Du Plessis,sarah.duplessis60@yahoo.com,2024-06-29,Phuthaditjhaba,Female
2650,Thandolwethu,Botha,thandolwethu.botha81@gmail.com,2024-01-27,Phuthaditjhaba,Female
2651,Heinrich,Venter,heinrich.venter32@gmail.com,2024-08-04,Phuthaditjhaba,Male
2652,Bongani,Taylor,bongani.taylor74@gmail.com,2024-09-10,Kestell,Male
2653,Zanele,Venter,zanele.venter53@yahoo.com,2024-07-13,Harrismith,Male
2654,Tebogo,Venter,tebogo.venter50@yahoo.com,2024-03-28,Harrismith,Male
2655,Sifiso,Shabalala,sifiso.shabalala43@gmail.com,2024-07-10,Ladysmith,Female
2656,Nokwanda,Pretorius,nokwanda.pretorius15@yahoo.com,2024-02-27,Colenso,Male
2657,Bongani,Buthelezi,bongani.buthelezi45@outlook.com,2024-06-22,Harrismith,Male
2658,Musa,Khumalo,musa.khumalo46@yahoo.com,2024-12-13,Colenso,Female
2659,Palesa,Zungu,palesa.zungu43@gmail.com,2024-05-07,Sterkfontein,Female
2660,Nokuthula,Molefe,nokuthula.molefe65@yahoo.com,2024-10-03,Bethlehem,Male
2661,Mthokozisi,Mokoena,mthokozisi.mokoena72@yahoo.com,2024-03-01,Phuthaditjhaba,Female
2662,Karen,Mahlangu,karen.mahlangu94@yahoo.com,2024-05-28,Harrismith,Female
2663,Lisa,Mokoena,lisa.mokoena34@gmail.com,2024-06-02,Sterkfontein,Female
2664,Thandolwethu,Radebe,thandolwethu.radebe39@gmail.com,2024-09-04,Harrismith,Female
2665,Tebogo,Shabalala,tebogo.shabalala70@gmail.com,2024-05-30,Harrismith,Male
2666,Pieter,Mhlongo,pieter.mhlongo69@gmail.com,2024-05-15,Harrismith,Female
2667,Sifiso,Venter,sifiso.venter73@gmail.com,2024-04-19,Harrismith,Female
2668,Jennifer,Motaung,jennifer.motaung55@outlook.com,2024-01-02,Phuthaditjhaba,Female
2669,Kagiso,Sithole,kagiso.sithole68@gmail.com,2024-11-19,Harrismith,Male
2670,Anri,Mnguni,anri.mnguni28@gmail.com,2024-10-18,Harrismith,Male
2671,David,Jones,david.jones21@gmail.com,2024-07-20,Colenso,Female
2672,Sifiso,Ntuli,sifiso.ntuli46@gmail.com,2024-04-21,Harrismith,Male
2673,Elmarie,Shabalala,elmarie.shabalala31@outlook.com,2024-06-05,Phuthaditjhaba,Female
2674,Lungelo,Steyn,lungelo.steyn82@outlook.com,2024-11-25,Harrismith,Male
2675,Ayanda,Mhlongo,ayanda.mhlongo84@yahoo.com,2024-09-20,Harrismith,Female
2676,Thandeka,Botha,thandeka.botha83@gmail.com,2024-01-19,Harrismith,Male
2677,Busisiwe,Sithole,busisiwe.sithole19@gmail.com,2024-08-25,Harrismith,Male
2678,Busisiwe,Ndlovu,busisiwe.ndlovu73@outlook.com,2024-11-12,Phuthaditjhaba,Female
2679,Ntombi,Radebe,ntombi.radebe13@gmail.com,2024-09-06,Phuthaditjhaba,Male
2680,Lisa,Steyn,lisa.steyn97@gmail.com,2024-01-30,Harrismith,Female
2681,Sibusiso,Mthembu,sibusiso.mthembu57@gmail.com,2024-07-01,Phuthaditjhaba,Male
2682,Bongiwe,Ntuli,bongiwe.ntuli23@yahoo.com,2024-01-04,Harrismith,Female
2683,Elmarie,Venter,elmarie.venter20@gmail.com,2024-11-11,Sterkfontein,Male
2684,Heinrich,Mahlangu,heinrich.mahlangu94@gmail.com,2024-08-23,Phuthaditjhaba,Male
2685,Sandile,Ndlovu,sandile.ndlovu90@outlook.com,2024-06-17,Harrismith,Male
2686,Willem,Van der Merwe,willem.vandermerwe10@gmail.com,2024-06-01,Phuthaditjhaba,Female
2687,Dineo,Jones,dineo.jones15@outlook.com,2024-06-30,Vrede,Male
2688,Anri,Taylor,anri.taylor51@outlook.com,2024-02-24,Harrismith,Female
2689,Anna,Hadebe,anna.hadebe82@gmail.com,2024-01-03,Harrismith,Male
2690,Willem,Zulu,willem.zulu16@yahoo.com,2024-06-28,Colenso,Female
2691,Sibusiso,Steyn,sibusiso.steyn17@outlook.com,2024-04-05,Phuthaditjhaba,Female
2692,Lungelo,Botha,lungelo.botha87@gmail.com,2024-07-24,Phuthaditjhaba,Female
2693,Tebogo,Mkhize,tebogo.mkhize61@gmail.com,2024-06-30,Harrismith,Female
2694,Elmarie,Nkosi,elmarie.nkosi40@outlook.com,2024-01-05,Phuthaditjhaba,Male
2695,Tebogo,Taylor,tebogo.taylor21@gmail.com,2024-02-21,Kestell,Male
2696,Lwazi,Shabalala,lwazi.shabalala36@gmail.com,2024-08-08,Bethlehem,Female
2697,Mpho,Van der Merwe,mpho.vandermerwe61@gmail.com,2024-09-08,Kestell,Male
2698,Maria,Mokoena,maria.mokoena93@gmail.com,2024-04-11,Harrismith,Female
2699,Nokwanda,Mhlongo,nokwanda.mhlongo48@gmail.com,2024-02-13,Sterkfontein,Male
2700,Nozipho,Mokoena,nozipho.mokoena65@outlook.com,2024-09-27,Phuthaditjhaba,Female
2701,James,Molefe,james.molefe97@yahoo.com,2024-09-20,Harrismith,Male
2702,Bongani,Sithole,bongani.sithole22@outlook.com,2024-03-19,Harrismith,Male
2703,Zanele,Dlamini,zanele.dlamini72@gmail.com,2024-07-29,Harrismith,Female
2704,Zanele,Zulu,zanele.zulu59@gmail.com,2024-03-04,Bethlehem,Male
2705,Zanele,Buthelezi,zanele.buthelezi82@yahoo.com,2024-09-06,Colenso,Female
2706,Elmarie,Molefe,elmarie.molefe64@outlook.com,2024-01-04,Ladysmith,Male
2707,Lungelo,Zungu,lungelo.zungu65@yahoo.com,2024-03-20,Ladysmith,Male
2708,Nompumelelo,Taylor,nompumelelo.taylor75@gmail.com,2024-12-02,Harrismith,Male
2709,Nompumelelo,Williams,nompumelelo.williams69@outlook.com,2024-05-08,Harrismith,Male
2710,Maria,Ndlovu,maria.ndlovu29@outlook.com,2024-04-25,Harrismith,Male
2711,Musa,Botha,musa.botha92@gmail.com,2024-08-28,Harrismith,Male
2712,Lisa,Khumalo,lisa.khumalo47@gmail.com,2024-07-21,Phuthaditjhaba,Female
2713,Nomsa,Nkosi,nomsa.nkosi20@yahoo.com,2024-07-10,Bethlehem,Male
2714,Karen,Khumalo,karen.khumalo29@outlook.com,2024-06-02,Bethlehem,Male
2715,Lisa,Zungu,lisa.zungu48@outlook.com,2024-07-05,Harrismith,Male
2716,Lisa,Shabalala,lisa.shabalala47@gmail.com,2024-08-07,Bethlehem,Female
2717,Dineo,Molefe,dineo.molefe80@gmail.com,2024-04-03,Sterkfontein,Male
2718,Lwazi,Ndlovu,lwazi.ndlovu15@gmail.com,2024-10-01,Harrismith,Female
2719,Thandeka,Smith,thandeka.smith75@gmail.com,2024-05-17,Harrismith,Female
2720,Willem,Sithole,willem.sithole22@gmail.com,2024-02-25,Bethlehem,Female
2721,Johannes,Mthembu,johannes.mthembu82@yahoo.com,2024-08-12,Phuthaditjhaba,Female
2722,Lwazi,Mhlongo,lwazi.mhlongo84@gmail.com,2024-12-02,Harrismith,Female
2723,Khulekani,Zulu,khulekani.zulu74@gmail.com,2024-08-12,Phuthaditjhaba,Female
2724,Elmarie,Radebe,elmarie.radebe94@gmail.com,2024-03-23,Vrede,Male
2725,Sibusiso,Mofokeng,sibusiso.mofokeng33@yahoo.com,2024-03-12,Bethlehem,Male
2726,Nomsa,Taylor,nomsa.taylor63@yahoo.com,2024-06-30,Colenso,Male
2727,Kagiso,Gumede,kagiso.gumede85@outlook.com,2024-08-10,Bethlehem,Female
2728,Sifiso,Nkosi,sifiso.nkosi67@yahoo.com,2024-01-03,Harrismith,Male
2729,Refilwe,Brown,refilwe.brown33@gmail.com,2024-07-02,Phuthaditjhaba,Male
2730,Johannes,Mofokeng,johannes.mofokeng20@outlook.com,2024-12-29,Sterkfontein,Male
2731,Lungelo,Mkhize,lungelo.mkhize96@gmail.com,2024-04-11,Harrismith,Female
2732,Robert,Jones,robert.jones78@gmail.com,2024-02-26,Harrismith,Male
2733,David,Ntuli,david.ntuli60@gmail.com,2024-04-07,Phuthaditjhaba,Male
2734,Bongiwe,Mkhize,bongiwe.mkhize31@yahoo.com,2024-05-25,Phuthaditjhaba,Female
2735,Nokwanda,Pretorius,nokwanda.pretorius61@outlook.com,2024-01-21,Harrismith,Female
2736,Lwazi,Pretorius,lwazi.pretorius87@yahoo.com,2024-03-09,Phuthaditjhaba,Male
2737,James,Shabalala,james.shabalala88@gmail.com,2024-07-21,Harrismith,Female
2738,Sandile,Mahlangu,sandile.mahlangu96@outlook.com,2024-08-03,Bethlehem,Male
2739,Lungelo,Mthembu,lungelo.mthembu48@gmail.com,2024-06-18,Harrismith,Female
2740,Johannes,Van der Merwe,johannes.vandermerwe27@gmail.com,2024-01-17,Phuthaditjhaba,Male
2741,Lisa,Du Plessis,lisa.duplessis24@outlook.com,2024-03-23,Bethlehem,Male
2742,Maria,Gumede,maria.gumede34@yahoo.com,2024-12-07,Harrismith,Female
2743,Thandeka,Motaung,thandeka.motaung93@gmail.com,2024-04-11,Phuthaditjhaba,Female
2744,Khulekani,Cele,khulekani.cele40@gmail.com,2024-09-02,Phuthaditjhaba,Male
2745,Palesa,Zulu,palesa.zulu90@outlook.com,2024-12-06,Phuthaditjhaba,Male
2746,Robert,Ndlovu,robert.ndlovu21@gmail.com,2024-05-16,Bethlehem,Female
2747,Sandile,Pretorius,sandile.pretorius69@gmail.com,2024-03-01,Harrismith,Male
2748,Elmarie,Brown,elmarie.brown64@gmail.com,2024-08-03,Bethlehem,Male
2749,Lisa,Molefe,lisa.molefe31@outlook.com,2024-09-07,Phuthaditjhaba,Male
2750,Ntombi,Motaung,ntombi.motaung66@yahoo.com,2024-10-08,Bethlehem,Female
2751,Nokuthula,Zungu,nokuthula.zungu67@gmail.com,2024-09-10,Harrismith,Male
2752,Nokuthula,Myeni,nokuthula.myeni35@gmail.com,2024-12-15,Harrismith,Female
2753,Nozipho,Van der Merwe,nozipho.vandermerwe60@gmail.com,2024-12-31,Phuthaditjhaba,Female
2754,Busisiwe,Mnguni,busisiwe.mnguni11@gmail.com,2024-03-06,Colenso,Male
2755,Lisa,Nkosi,lisa.nkosi65@outlook.com,2024-06-15,Sterkfontein,Male
2756,Lerato,Brown,lerato.brown84@gmail.com,2024-07-23,Vrede,Female
2757,Sifiso,Jones,sifiso.jones80@yahoo.com,2024-09-13,Sterkfontein,Female
2758,Lwazi,Cele,lwazi.cele61@gmail.com,2024-07-18,Bethlehem,Male
2759,Ayanda,Mnguni,ayanda.mnguni85@outlook.com,2024-03-08,Phuthaditjhaba,Male
2760,Palesa,Gumede,palesa.gumede72@gmail.com,2024-02-26,Bethlehem,Male
2761,Lerato,Jones,lerato.jones17@gmail.com,2024-02-25,Phuthaditjhaba,Male
2762,Lindiwe,Hadebe,lindiwe.hadebe64@gmail.com,2024-01-11,Phuthaditjhaba,Female
2763,Palesa,Venter,palesa.venter80@gmail.com,2024-03-05,Harrismith,Female
2764,Ayanda,Brown,ayanda.brown92@gmail.com,2024-03-20,Harrismith,Female
2765,Khulekani,Pretorius,khulekani.pretorius70@gmail.com,2024-06-25,Colenso,Male
2766,Refilwe,Mkhize,refilwe.mkhize89@yahoo.com,2024-09-13,Sterkfontein,Female
2767,Dineo,Nkosi,dineo.nkosi99@gmail.com,2024-01-07,Ladysmith,Male
2768,Johannes,Venter,johannes.venter30@gmail.com,2024-12-16,Harrismith,Female
2769,Thabo,Buthelezi,thabo.buthelezi34@gmail.com,2024-05-01,Phuthaditjhaba,Male
2770,Lindiwe,Nkosi,lindiwe.nkosi66@gmail.com,2024-01-27,Harrismith,Female
2771,Nokwanda,Pretorius,nokwanda.pretorius38@gmail.com,2024-12-13,Phuthaditjhaba,Male
2772,Robert,Zulu,robert.zulu97@gmail.com,2024-06-24,Harrismith,Female
2773,Lwazi,Cele,lwazi.cele87@outlook.com,2024-08-07,Colenso,Male
2774,Anna,Myeni,anna.myeni69@gmail.com,2024-11-01,Bethlehem,Female
2775,Bongani,Jones,bongani.jones47@yahoo.com,2024-01-05,Harrismith,Male
2776,Nokwanda,Buthelezi,nokwanda.buthelezi63@outlook.com,2024-08-10,Harrismith,Female
2777,Nompumelelo,Radebe,nompumelelo.radebe56@outlook.com,2024-09-02,Harrismith,Male
2778,Mthokozisi,Mokoena,mthokozisi.mokoena30@yahoo.com,2024-05-28,Sterkfontein,Female
2779,Lerato,Van der Merwe,lerato.vandermerwe21@yahoo.com,2024-05-24,Vrede,Female
2780,Zanele,Van der Merwe,zanele.vandermerwe35@gmail.com,2024-09-05,Vrede,Male
2781,Nompumelelo,Pretorius,nompumelelo.pretorius72@gmail.com,2024-02-12,Phuthaditjhaba,Female
2782,Jennifer,Mnguni,jennifer.mnguni63@yahoo.com,2024-08-07,Bethlehem,Male
2783,Bongiwe,Zulu,bongiwe.zulu40@gmail.com,2024-05-06,Harrismith,Female
2784,Pieter,Buthelezi,pieter.buthelezi16@yahoo.com,2024-11-12,Harrismith,Male
2785,Willem,Brown,willem.brown43@gmail.com,2024-03-19,Harrismith,Male
2786,Anri,Jones,anri.jones30@gmail.com,2024-09-18,Vrede,Female
2787,Dineo,Mkhize,dineo.mkhize74@gmail.com,2024-04-05,Harrismith,Female
2788,Siyanda,Mkhize,siyanda.mkhize18@gmail.com,2024-05-07,Phuthaditjhaba,Male
2789,Maria,Van der Merwe,maria.vandermerwe24@yahoo.com,2024-05-23,Harrismith,Male
2790,Refilwe,Venter,refilwe.venter38@gmail.com,2024-02-28,Bethlehem,Male
2791,Sibusiso,Jones,sibusiso.jones53@outlook.com,2024-05-14,Harrismith,Female
2792,Tebogo,Nkosi,tebogo.nkosi81@gmail.com,2024-12-24,Ladysmith,Male
2793,Ntombi,Jones,ntombi.jones29@outlook.com,2024-05-06,Phuthaditjhaba,Male
2794,Robert,Mahlangu,robert.mahlangu87@outlook.com,2024-12-07,Harrismith,Male
2795,Sifiso,Zungu,sifiso.zungu66@outlook.com,2024-08-07,Harrismith,Male
2796,Zanele,Gumede,zanele.gumede24@outlook.com,2024-04-11,Phuthaditjhaba,Female
2797,Nomsa,Mnguni,nomsa.mnguni88@outlook.com,2024-08-30,Harrismith,Female
2798,Nokwanda,Steyn,nokwanda.steyn81@gmail.com,2024-12-27,Bethlehem,Female
2799,Siyanda,Mkhize,siyanda.mkhize23@gmail.com,2024-02-22,Harrismith,Male
2800,Khulekani,Gumede,khulekani.gumede25@outlook.com,2024-12-24,Phuthaditjhaba,Female
2801,Nokuthula,Mthembu,nokuthula.mthembu30@outlook.com,2024-09-14,Harrismith,Male
2802,Nomsa,Ndlovu,nomsa.ndlovu74@gmail.com,2024-11-08,Sterkfontein,Male
2803,Nozipho,Zulu,nozipho.zulu22@gmail.com,2024-04-02,Phuthaditjhaba,Female
2804,Zanele,Buthelezi,zanele.buthelezi56@gmail.com,2024-04-06,Ladysmith,Male
2805,Palesa,Buthelezi,palesa.buthelezi27@gmail.com,2024-10-29,Harrismith,Male
2806,Heinrich,Nkosi,heinrich.nkosi35@gmail.com,2024-11-18,Colenso,Female
2807,Lwazi,Myeni,lwazi.myeni63@yahoo.com,2024-11-20,Phuthaditjhaba,Male
2808,Elmarie,Cele,elmarie.cele70@gmail.com,2024-03-17,Harrismith,Male
2809,Sarah,Dlamini,sarah.dlamini74@gmail.com,2024-04-27,Phuthaditjhaba,Female
2810,Sifiso,Smith,sifiso.smith44@gmail.com,2024-03-02,Colenso,Male
2811,Heinrich,Zungu,heinrich.zungu63@gmail.com,2024-03-08,Harrismith,Female
2812,Willem,Molefe,willem.molefe95@gmail.com,2024-07-24,Harrismith,Male
2813,Palesa,Smith,palesa.smith77@gmail.com,2024-01-20,Ladysmith,Female
2814,Bongiwe,Mkhize,bongiwe.mkhize39@gmail.com,2024-05-20,Harrismith,Female
2815,Khulekani,Venter,khulekani.venter64@gmail.com,2024-04-08,Harrismith,Female
2816,David,Zulu,david.zulu62@outlook.com,2024-03-15,Ladysmith,Female
2817,Thandeka,Nkosi,thandeka.nkosi76@yahoo.com,2024-08-06,Harrismith,Female
2818,Johannes,Mahlangu,johannes.mahlangu13@gmail.com,2024-01-10,Harrismith,Male
2819,Elmarie,Mahlangu,elmarie.mahlangu11@outlook.com,2024-11-11,Harrismith,Male
2820,Thandeka,Sithole,thandeka.sithole18@gmail.com,2024-04-12,Phuthaditjhaba,Female
2821,Kagiso,Myeni,kagiso.myeni50@gmail.com,2024-02-16,Bergville,Female
2822,Nozipho,Williams,nozipho.williams31@gmail.com,2024-01-27,Vrede,Male
2823,Nozipho,Khumalo,nozipho.khumalo60@outlook.com,2024-07-13,Harrismith,Male
2824,Karen,Williams,karen.williams92@gmail.com,2024-07-27,Bethlehem,Male
2825,Sarah,Taylor,sarah.taylor83@gmail.com,2024-09-25,Harrismith,Male
2826,Jennifer,Mokoena,jennifer.mokoena90@outlook.com,2024-06-05,Harrismith,Female
2827,Lwazi,Smith,lwazi.smith76@yahoo.com,2024-12-24,Harrismith,Male
2828,Refilwe,Steyn,refilwe.steyn97@outlook.com,2024-11-20,Harrismith,Female
2829,Sipho,Venter,sipho.venter50@yahoo.com,2024-04-28,Phuthaditjhaba,Female
2830,Sandile,Molefe,sandile.molefe45@outlook.com,2024-04-23,Harrismith,Female
2831,Anna,Radebe,anna.radebe28@yahoo.com,2024-06-21,Harrismith,Male
2832,Sifiso,Mofokeng,sifiso.mofokeng36@outlook.com,2024-08-06,Vrede,Male
2833,Nomsa,Gumede,nomsa.gumede89@outlook.com,2024-09-02,Ladysmith,Male
2834,Thabo,Venter,thabo.venter93@gmail.com,2024-02-01,Phuthaditjhaba,Female
2835,Bongiwe,Mkhize,bongiwe.mkhize35@yahoo.com,2024-09-18,Phuthaditjhaba,Female
2836,Refilwe,Jones,refilwe.jones78@gmail.com,2024-08-06,Ladysmith,Female
2837,Bongiwe,Buthelezi,bongiwe.buthelezi26@gmail.com,2024-11-25,Harrismith,Male
2838,Ntombi,Mkhize,ntombi.mkhize79@gmail.com,2024-01-27,Harrismith,Female
2839,Musa,Brown,musa.brown21@gmail.com,2024-06-04,Harrismith,Male
2840,Khulekani,Steyn,khulekani.steyn49@gmail.com,2024-02-26,Bethlehem,Male
2841,Mpho,Du Plessis,mpho.duplessis91@gmail.com,2024-05-17,Bethlehem,Female
2842,Kagiso,Molefe,kagiso.molefe13@outlook.com,2024-07-05,Harrismith,Male
2843,Tebogo,Mkhize,tebogo.mkhize43@gmail.com,2024-05-23,Ladysmith,Female
2844,Thandeka,Dlamini,thandeka.dlamini48@outlook.com,2024-06-28,Ladysmith,Female
2845,Thabo,Taylor,thabo.taylor24@outlook.com,2024-12-30,Harrismith,Female
2846,Sarah,Mthembu,sarah.mthembu43@yahoo.com,2024-08-02,Harrismith,Female
2847,Nompumelelo,Mkhize,nompumelelo.mkhize16@outlook.com,2024-05-06,Ladysmith,Female
2848,Elmarie,Venter,elmarie.venter67@gmail.com,2024-06-12,Sterkfontein,Female
2849,Lindiwe,Buthelezi,lindiwe.buthelezi10@gmail.com,2024-01-25,Vrede,Male
2850,Musa,Mokoena,musa.mokoena40@outlook.com,2024-04-03,Harrismith,Male
2851,Pieter,Gumede,pieter.gumede82@outlook.com,2024-01-21,Phuthaditjhaba,Male
2852,Michael,Mahlangu,michael.mahlangu95@gmail.com,2024-01-01,Bethlehem,Female
2853,Thandolwethu,Smith,thandolwethu.smith86@gmail.com,2024-01-27,Bethlehem,Female
2854,Sandile,Khumalo,sandile.khumalo48@gmail.com,2024-12-04,Harrismith,Female
2855,David,Van der Merwe,david.vandermerwe83@outlook.com,2024-06-13,Ladysmith,Female
2856,Lisa,Jones,lisa.jones76@yahoo.com,2024-04-18,Phuthaditjhaba,Female
2857,Lwazi,Venter,lwazi.venter76@gmail.com,2024-05-26,Kestell,Female
2858,Johannes,Radebe,johannes.radebe56@gmail.com,2024-08-29,Harrismith,Female
2859,Bongani,Ndlovu,bongani.ndlovu28@outlook.com,2024-05-23,Phuthaditjhaba,Male
2860,Anna,Smith,anna.smith20@gmail.com,2024-11-06,Harrismith,Male
2861,Nompumelelo,Shabalala,nompumelelo.shabalala64@yahoo.com,2024-02-21,Vrede,Male
2862,Sipho,Dlamini,sipho.dlamini67@gmail.com,2024-08-08,Vrede,Male
2863,Elmarie,Botha,elmarie.botha96@gmail.com,2024-04-04,Ladysmith,Female
2864,Lerato,Ntuli,lerato.ntuli85@gmail.com,2024-05-09,Phuthaditjhaba,Female
2865,Anri,Van der Merwe,anri.vandermerwe60@outlook.com,2024-09-08,Ladysmith,Male
2866,Bongani,Khumalo,bongani.khumalo91@gmail.com,2024-07-05,Harrismith,Male
2867,Tebogo,Jones,tebogo.jones66@outlook.com,2024-06-20,Phuthaditjhaba,Female
2868,Robert,Botha,robert.botha63@yahoo.com,2024-06-04,Harrismith,Male
2869,Elmarie,Mokoena,elmarie.mokoena26@gmail.com,2024-02-27,Colenso,Female
2870,Robert,Dlamini,robert.dlamini68@gmail.com,2024-02-19,Phuthaditjhaba,Female
2871,Anna,Zulu,anna.zulu75@yahoo.com,2024-12-08,Harrismith,Male
2872,Thandolwethu,Brown,thandolwethu.brown37@gmail.com,2024-01-07,Phuthaditjhaba,Male
2873,Mthokozisi,Shabalala,mthokozisi.shabalala14@outlook.com,2024-12-15,Harrismith,Female
2874,Willem,Motaung,willem.motaung57@yahoo.com,2024-10-09,Harrismith,Male
2875,Kagiso,Radebe,kagiso.radebe62@gmail.com,2024-03-07,Harrismith,Female
2876,Thandeka,Motaung,thandeka.motaung57@gmail.com,2024-06-18,Harrismith,Male
2877,Anna,Gumede,anna.gumede15@gmail.com,2024-07-03,Bethlehem,Male
2878,Lerato,Brown,lerato.brown25@gmail.com,2024-07-04,Phuthaditjhaba,Male
2879,Tebogo,Jones,tebogo.jones57@gmail.com,2024-10-28,Harrismith,Male
2880,Siyanda,Mnguni,siyanda.mnguni72@gmail.com,2024-09-27,Bergville,Female
2881,Nokuthula,Brown,nokuthula.brown28@gmail.com,2024-11-05,Bethlehem,Male
2882,Anri,Mokoena,anri.mokoena85@gmail.com,2024-07-09,Colenso,Female
2883,Ayanda,Cele,ayanda.cele49@yahoo.com,2024-05-01,Ladysmith,Male
2884,Maria,Buthelezi,maria.buthelezi72@gmail.com,2024-11-28,Bethlehem,Male
2885,Zanele,Radebe,zanele.radebe80@gmail.com,2024-05-21,Phuthaditjhaba,Female
2886,Elmarie,Shabalala,elmarie.shabalala15@gmail.com,2024-04-17,Phuthaditjhaba,Male
2887,Lungelo,Khumalo,lungelo.khumalo83@gmail.com,2024-10-26,Harrismith,Female
2888,Nthabiseng,Mthembu,nthabiseng.mthembu67@outlook.com,2024-07-15,Ladysmith,Female
2889,Elmarie,Du Plessis,elmarie.duplessis70@outlook.com,2024-02-14,Phuthaditjhaba,Female
2890,Karen,Nkosi,karen.nkosi26@outlook.com,2024-02-24,Phuthaditjhaba,Male
2891,Anna,Venter,anna.venter68@outlook.com,2024-03-07,Harrismith,Female
2892,Jennifer,Botha,jennifer.botha29@yahoo.com,2024-11-18,Harrismith,Male
2893,Zanele,Mokoena,zanele.mokoena89@yahoo.com,2024-11-04,Harrismith,Male
2894,Anna,Khumalo,anna.khumalo39@yahoo.com,2024-03-02,Bethlehem,Female
2895,Refilwe,Smith,refilwe.smith15@outlook.com,2024-01-22,Harrismith,Female
2896,Nompumelelo,Radebe,nompumelelo.radebe45@outlook.com,2024-10-27,Phuthaditjhaba,Male
2897,Dineo,Brown,dineo.brown13@gmail.com,2024-12-01,Harrismith,Male
2898,Sandile,Radebe,sandile.radebe49@gmail.com,2024-04-07,Colenso,Female
2899,Dineo,Khumalo,dineo.khumalo25@yahoo.com,2024-04-08,Phuthaditjhaba,Male
2900,Ntombi,Ndlovu,ntombi.ndlovu89@gmail.com,2024-12-26,Harrismith,Male
2901,Siyanda,Smith,siyanda.smith16@outlook.com,2024-08-16,Harrismith,Female
2902,Bongani,Cele,bongani.cele70@gmail.com,2024-02-20,Vrede,Female
2903,David,Nkosi,david.nkosi12@gmail.com,2024-02-08,Phuthaditjhaba,Female
2904,Mthokozisi,Mofokeng,mthokozisi.mofokeng78@gmail.com,2024-10-06,Vrede,Male
2905,Thandeka,Radebe,thandeka.radebe12@gmail.com,2024-11-12,Ladysmith,Male
2906,Jennifer,Mofokeng,jennifer.mofokeng36@gmail.com,2024-06-24,Harrismith,Female
2907,David,Radebe,david.radebe84@gmail.com,2024-06-03,Phuthaditjhaba,Male
2908,Nhlanhla,Zulu,nhlanhla.zulu78@yahoo.com,2024-08-30,Harrismith,Male
2909,Ntombi,Mokoena,ntombi.mokoena15@gmail.com,2024-04-13,Ladysmith,Female
2910,Johannes,Smith,johannes.smith12@gmail.com,2024-09-30,Vrede,Female
2911,Johannes,Ntuli,johannes.ntuli33@gmail.com,2024-03-19,Harrismith,Male
2912,Sibusiso,Zungu,sibusiso.zungu77@gmail.com,2024-01-23,Bethlehem,Male
2913,Busisiwe,Motaung,busisiwe.motaung42@gmail.com,2024-03-06,Phuthaditjhaba,Male
2914,Nokwanda,Mnguni,nokwanda.mnguni22@gmail.com,2024-04-08,Sterkfontein,Male
2915,Nthabiseng,Botha,nthabiseng.botha46@gmail.com,2024-08-02,Harrismith,Male
2916,Lungelo,Du Plessis,lungelo.duplessis42@yahoo.com,2024-10-08,Harrismith,Female
2917,Nokwanda,Steyn,nokwanda.steyn62@yahoo.com,2024-12-30,Phuthaditjhaba,Female
2918,Mpho,Van der Merwe,mpho.vandermerwe51@gmail.com,2024-05-09,Phuthaditjhaba,Female
2919,Nhlanhla,Mokoena,nhlanhla.mokoena17@gmail.com,2024-10-13,Phuthaditjhaba,Male
2920,Lindiwe,Zulu,lindiwe.zulu22@gmail.com,2024-06-26,Colenso,Female
2921,Sifiso,Taylor,sifiso.taylor62@yahoo.com,2024-07-06,Harrismith,Female
2922,Nokwanda,Gumede,nokwanda.gumede25@gmail.com,2024-08-17,Phuthaditjhaba,Male
2923,Khulekani,Mahlangu,khulekani.mahlangu40@outlook.com,2024-11-18,Phuthaditjhaba,Female
2924,Khulekani,Zulu,khulekani.zulu73@gmail.com,2024-03-01,Phuthaditjhaba,Male
2925,Busisiwe,Williams,busisiwe.williams74@gmail.com,2024-08-11,Bethlehem,Female
2926,Bongani,Dlamini,bongani.dlamini24@gmail.com,2024-02-04,Bethlehem,Female
2927,Lindiwe,Mofokeng,lindiwe.mofokeng50@gmail.com,2024-09-04,Kestell,Male
2928,Ntombi,Ndlovu,ntombi.ndlovu62@gmail.com,2024-08-02,Phuthaditjhaba,Female
2929,Mthokozisi,Du Plessis,mthokozisi.duplessis13@gmail.com,2024-09-25,Harrismith,Female
2930,Sarah,Cele,sarah.cele39@yahoo.com,2024-09-14,Harrismith,Female
2931,Anri,Zungu,anri.zungu80@outlook.com,2024-01-12,Harrismith,Female
2932,Khulekani,Mokoena,khulekani.mokoena41@outlook.com,2024-03-26,Phuthaditjhaba,Female
2933,Robert,Nkosi,robert.nkosi26@gmail.com,2024-11-02,Harrismith,Male
2934,Khulekani,Ntuli,khulekani.ntuli62@gmail.com,2024-05-20,Harrismith,Male
2935,Karen,Radebe,karen.radebe91@gmail.com,2024-12-22,Vrede,Female
2936,Heinrich,Du Plessis,heinrich.duplessis28@gmail.com,2024-03-07,Harrismith,Female
2937,Nozipho,Ndlovu,nozipho.ndlovu31@outlook.com,2024-05-28,Sterkfontein,Female
2938,Robert,Cele,robert.cele64@outlook.com,2024-01-24,Phuthaditjhaba,Male
2939,Busisiwe,Sithole,busisiwe.sithole15@gmail.com,2024-10-16,Bethlehem,Male
2940,Mthokozisi,Steyn,mthokozisi.steyn69@outlook.com,2024-02-01,Phuthaditjhaba,Male
2941,Nokuthula,Taylor,nokuthula.taylor93@yahoo.com,2024-12-21,Harrismith,Female
2942,Tebogo,Cele,tebogo.cele71@gmail.com,2024-04-07,Sterkfontein,Female
2943,Mthokozisi,Gumede,mthokozisi.gumede42@yahoo.com,2024-07-22,Harrismith,Male
2944,Tebogo,Botha,tebogo.botha54@yahoo.com,2024-09-10,Harrismith,Female
2945,Nokwanda,Ndlovu,nokwanda.ndlovu75@gmail.com,2024-12-16,Harrismith,Male
2946,Heinrich,Mnguni,heinrich.mnguni30@outlook.com,2024-09-29,Bergville,Male
2947,Bongani,Brown,bongani.brown48@gmail.com,2024-09-19,Bethlehem,Female
2948,James,Mkhize,james.mkhize99@gmail.com,2024-02-08,Sterkfontein,Female
2949,Heinrich,Williams,heinrich.williams27@outlook.com,2024-03-25,Harrismith,Female
2950,Mthokozisi,Brown,mthokozisi.brown65@gmail.com,2024-08-12,Harrismith,Male
2951,Refilwe,Williams,refilwe.williams74@yahoo.com,2024-09-17,Sterkfontein,Male
2952,Palesa,Mkhize,palesa.mkhize97@outlook.com,2024-07-15,Phuthaditjhaba,Female
2953,Karen,Shabalala,karen.shabalala67@gmail.com,2024-10-14,Harrismith,Female
2954,Nomsa,Mthembu,nomsa.mthembu94@yahoo.com,2024-07-18,Harrismith,Male
2955,Johannes,Botha,johannes.botha68@yahoo.com,2024-07-24,Bethlehem,Female
2956,David,Shabalala,david.shabalala98@gmail.com,2024-11-06,Ladysmith,Male
2957,Bongani,Mhlongo,bongani.mhlongo10@yahoo.com,2024-05-19,Colenso,Male
2958,Refilwe,Botha,refilwe.botha11@yahoo.com,2024-04-15,Harrismith,Male
2959,Anri,Buthelezi,anri.buthelezi99@outlook.com,2024-04-04,Phuthaditjhaba,Male
2960,Heinrich,Pretorius,heinrich.pretorius78@gmail.com,2024-01-02,Phuthaditjhaba,Female
2961,Sipho,Zulu,sipho.zulu93@outlook.com,2024-03-22,Harrismith,Male
2962,Nomsa,Mahlangu,nomsa.mahlangu95@gmail.com,2024-10-19,Harrismith,Male
2963,Maria,Mokoena,maria.mokoena25@gmail.com,2024-04-21,Ladysmith,Male
2964,Kagiso,Ndlovu,kagiso.ndlovu58@yahoo.com,2024-10-30,Bergville,Female
2965,Bongani,Jones,bongani.jones32@outlook.com,2024-12-22,Kestell,Female
2966,Busisiwe,Mnguni,busisiwe.mnguni11@gmail.com,2024-01-05,Harrismith,Male
2967,Zanele,Motaung,zanele.motaung57@yahoo.com,2024-09-19,Bethlehem,Female
2968,Nokuthula,Buthelezi,nokuthula.buthelezi38@outlook.com,2024-08-21,Phuthaditjhaba,Male
2969,Sifiso,Zulu,sifiso.zulu97@yahoo.com,2024-09-14,Harrismith,Male
2970,David,Brown,david.brown21@outlook.com,2024-12-28,Harrismith,Male
2971,Pieter,Myeni,pieter.myeni38@gmail.com,2024-09-25,Phuthaditjhaba,Male
2972,Anri,Motaung,anri.motaung73@yahoo.com,2024-05-12,Bergville,Male
2973,Karen,Mnguni,karen.mnguni73@outlook.com,2024-06-04,Harrismith,Male
2974,Lisa,Cele,lisa.cele36@gmail.com,2024-04-22,Bethlehem,Male
2975,Nompumelelo,Van der Merwe,nompumelelo.vandermerwe91@gmail.com,2024-05-31,Harrismith,Female
2976,Sipho,Cele,sipho.cele45@gmail.com,2024-12-28,Harrismith,Female
2977,Heinrich,Steyn,heinrich.steyn73@gmail.com,2024-05-17,Phuthaditjhaba,Female
2978,Robert,Ndlovu,robert.ndlovu34@outlook.com,2024-10-09,Harrismith,Female
2979,Busisiwe,Taylor,busisiwe.taylor97@yahoo.com,2024-03-01,Bethlehem,Female
2980,Nhlanhla,Mthembu,nhlanhla.mthembu85@gmail.com,2024-03-28,Phuthaditjhaba,Male
2981,Tebogo,Hadebe,tebogo.hadebe18@gmail.com,2024-04-24,Harrismith,Male
2982,Sifiso,Myeni,sifiso.myeni82@outlook.com,2024-01-24,Bethlehem,Female
2983,James,Mahlangu,james.mahlangu45@gmail.com,2024-09-30,Sterkfontein,Male
2984,David,Sithole,david.sithole96@gmail.com,2024-05-01,Harrismith,Male
2985,Nokwanda,Shabalala,nokwanda.shabalala98@outlook.com,2024-05-29,Harrismith,Male
2986,Nomsa,Mkhize,nomsa.mkhize97@gmail.com,2024-01-21,Harrismith,Female
2987,Heinrich,Radebe,heinrich.radebe68@gmail.com,2024-11-23,Harrismith,Male
2988,Lungelo,Ntuli,lungelo.ntuli64@outlook.com,2024-03-16,Kestell,Male
2989,Dineo,Zungu,dineo.zungu16@yahoo.com,2024-05-22,Phuthaditjhaba,Male
2990,Thandolwethu,Molefe,thandolwethu.molefe62@gmail.com,2024-03-09,Bethlehem,Female
2991,Zanele,Mthembu,zanele.mthembu97@gmail.com,2024-05-18,Harrismith,Female
2992,David,Mofokeng,david.mofokeng73@gmail.com,2024-01-27,Ladysmith,Male
2993,Busisiwe,Ndlovu,busisiwe.ndlovu15@yahoo.com,2024-11-24,Colenso,Female
2994,Lindiwe,Mofokeng,lindiwe.mofokeng45@outlook.com,2024-05-07,Phuthaditjhaba,Male
2995,Sipho,Zungu,sipho.zungu50@gmail.com,2024-04-17,Bethlehem,Female
2996,Nthabiseng,Mahlangu,nthabiseng.mahlangu34@gmail.com,2024-09-30,Harrismith,Female
2997,Thandolwethu,Botha,thandolwethu.botha83@outlook.com,2024-02-29,Phuthaditjhaba,Female
2998,Heinrich,Venter,heinrich.venter38@yahoo.com,2024-01-01,Harrismith,Female
2999,Heinrich,Khumalo,heinrich.khumalo19@yahoo.com,2024-11-28,Harrismith,Male
3000,Jennifer,Ndlovu,jennifer.ndlovu52@gmail.com,2024-06-26,Harrismith,Female
