purchase_id,customer_id,purchase_date,category,amount
3001,1001,2024-09-03,Snacks,41.12
3002,1001,2024-09-03,Food & Beverage,128.93
3003,1001,2024-09-03,Food & Beverage,128.11
3004,1002,2024-10-03,Merchandise,63.2
3005,1002,2024-10-18,Food & Beverage,175.79
3006,1002,2024-10-18,Snacks,18.93
3007,1002,2024-10-18,Food & Beverage,164.39
3008,1002,2024-10-18,Food & Beverage,155.4
3009,1002,2024-07-17,Food & Beverage,55.97
3010,1003,2024-08-07,Games,50.99
3011,1003,2024-08-07,Snacks,35.34
3012,1003,2024-05-09,Food & Beverage,87.88
3013,1003,2024-05-09,Food & Beverage,86.55
3014,1004,2024-09-10,Snacks,48.55
3015,1004,2024-09-10,Food & Beverage,160.6
3016,1004,2024-09-10,Photography,188.41
3017,1004,2024-09-10,Food & Beverage,151.89
3018,1005,2024-09-24,Food & Beverage,127.3
3019,1005,2024-09-24,Snacks,46.89
3020,1005,2024-09-24,Snacks,27.77
3021,1007,2024-10-01,Food & Beverage,131.68
3022,1008,2024-12-21,Snacks,19.96
3023,1008,2024-12-21,Snacks,29.76
3024,1008,2024-12-21,Food & Beverage,176.98
3025,1008,2024-12-21,Food & Beverage,164.55
3026,1008,2024-11-15,Food & Beverage,75.52
3027,1008,2024-11-15,Food & Beverage,158.49
3028,1008,2024-11-15,Games,35.82
3029,1008,2024-11-15,Food & Beverage,91.79
3030,1010,2024-05-29,Games,32.62
3031,1010,2024-05-29,Food & Beverage,172.96
3032,1010,2024-05-29,Snacks,45.09
3033,1010,2024-05-29,Snacks,45.88
3034,1010,2024-10-14,Snacks,16.3
3035,1010,2024-10-14,Games,51.67
3036,1011,2024-12-08,Food & Beverage,61.08
3037,1011,2024-12-08,Snacks,46.48
3038,1011,2024-12-08,Merchandise,44.37
3039,1011,2024-12-08,Food & Beverage,73.7
3040,1012,2024-06-04,Snacks,40.65
3041,1012,2024-04-10,Games,41.83
3042,1012,2024-04-10,Merchandise,92.51
3043,1012,2024-04-10,Food & Beverage,137.38
3044,1012,2024-04-10,Merchandise,145.92
3045,1013,2024-07-11,Photography,133.51
3046,1013,2024-07-11,Food & Beverage,140.15
3047,1013,2024-07-11,Snacks,15.53
3048,1013,2024-07-11,Games,65.51
3049,1013,2024-01-11,Snacks,31.35
3050,1013,2024-01-11,Snacks,51.84
3051,1013,2024-01-11,Food & Beverage,114.47
3052,1013,2024-01-11,Photography,143.33
3053,1015,2024-06-16,Games,63.85
3054,1015,2024-06-16,Games,31.78
3055,1015,2024-06-16,Food & Beverage,83.06
3056,1017,2024-08-12,Games,71.96
3057,1017,2024-08-12,Merchandise,112.81
3058,1018,2024-08-09,Snacks,42.91
3059,1018,2024-08-09,Games,50.84
3060,1018,2024-08-09,Merchandise,52.7
3061,1020,2024-07-22,Snacks,50.36
3062,1020,2024-07-22,Snacks,26.53
3063,1021,2024-04-07,Games,64.65
3064,1022,2024-09-13,Photography,199.26
3065,1022,2024-09-13,Snacks,39.79
3066,1022,2024-09-13,Merchandise,138.12
3067,1024,2024-11-22,Food & Beverage,74.2
3068,1025,2024-10-25,Merchandise,74.61
3069,1025,2024-10-25,Food & Beverage,142.72
3070,1025,2024-10-25,Food & Beverage,105.03
3071,1025,2024-10-25,Merchandise,36.49
3072,1026,2024-06-27,Food & Beverage,168.57
3073,1026,2024-06-27,Food & Beverage,66.94
3074,1027,2024-07-14,Food & Beverage,78.46
3075,1027,2024-07-14,Photography,178.7
3076,1027,2024-07-14,Food & Beverage,81.97
3077,1027,2024-07-14,Snacks,32.98
3078,1028,2024-04-26,Photography,83.52
3079,1029,2024-03-30,Snacks,27.38
3080,1031,2024-10-23,Merchandise,55.02
3081,1031,2024-10-23,Food & Beverage,65.27
3082,1033,2024-03-24,Food & Beverage,122.6
3083,1033,2024-03-24,Snacks,15.2
3084,1033,2024-03-24,Food & Beverage,76.06
3085,1034,2024-06-25,Merchandise,120.97
3086,1034,2024-06-25,Merchandise,76.14
3087,1034,2024-10-24,Food & Beverage,163.68
3088,1035,2024-01-28,Snacks,17.52
3089,1035,2024-01-28,Photography,115.68
3090,1035,2024-03-29,Food & Beverage,117.11
3091,1035,2024-03-29,Games,69.47
3092,1035,2024-03-29,Merchandise,136.2
3093,1035,2024-03-29,Games,51.53
3094,1035,2024-06-19,Snacks,29.83
3095,1035,2024-06-19,Merchandise,58.4
3096,1035,2024-06-19,Snacks,31.86
3097,1035,2024-02-07,Games,71.57
3098,1035,2024-02-07,Food & Beverage,116.98
3099,1036,2024-02-13,Snacks,41.41
3100,1036,2024-02-13,Snacks,19.43
3101,1036,2024-02-13,Food & Beverage,163.21
3102,1036,2024-10-12,Merchandise,122.88
3103,1036,2024-10-12,Snacks,44.76
3104,1036,2024-10-12,Food & Beverage,167.68
3105,1036,2024-10-12,Games,34.62
3106,1038,2024-07-18,Merchandise,132.29
3107,1038,2024-07-18,Merchandise,131.4
3108,1038,2024-07-18,Food & Beverage,115.24
3109,1038,2024-07-18,Food & Beverage,137.78
3110,1039,2024-10-29,Games,36.9
3111,1039,2024-10-29,Merchandise,136.17
3112,1039,2024-10-29,Snacks,48.17
3113,1040,2024-09-09,Merchandise,64.57
3114,1040,2024-09-09,Merchandise,34.93
3115,1042,2024-04-12,Games,41.67
3116,1042,2024-04-12,Snacks,42.06
3117,1042,2024-04-12,Snacks,57.04
3118,1042,2024-04-12,Food & Beverage,93.24
3119,1043,2024-12-21,Games,62.71
3120,1044,2024-11-23,Games,39.78
3121,1044,2024-11-23,Games,70.18
3122,1044,2024-11-23,Merchandise,142.05
3123,1044,2024-11-23,Food & Beverage,124.68
3124,1044,2024-09-28,Snacks,20.29
3125,1044,2024-09-28,Food & Beverage,108.16
3126,1044,2024-09-28,Snacks,48.15
3127,1045,2024-06-12,Merchandise,32.04
3128,1045,2024-06-12,Food & Beverage,87.05
3129,1045,2024-06-12,Food & Beverage,97.34
3130,1045,2024-06-12,Photography,145.69
3131,1046,2024-12-11,Games,35.91
3132,1046,2024-12-11,Merchandise,137.11
3133,1046,2024-12-11,Games,27.95
3134,1046,2024-12-11,Merchandise,70.91
3135,1047,2024-12-26,Food & Beverage,92.89
3136,1047,2024-12-26,Games,40.61
3137,1047,2024-12-26,Food & Beverage,71.94
3138,1047,2024-12-26,Games,46.81
3139,1048,2024-03-25,Food & Beverage,66.11
3140,1049,2024-01-22,Games,60.77
3141,1049,2024-01-22,Food & Beverage,75.65
3142,1050,2024-09-01,Snacks,57.68
3143,1050,2024-09-01,Merchandise,54.23
3144,1050,2024-09-01,Food & Beverage,167.83
3145,1051,2024-08-02,Food & Beverage,86.78
3146,1051,2024-10-09,Snacks,30.89
3147,1051,2024-10-09,Merchandise,70.35
3148,1053,2024-06-17,Food & Beverage,153.26
3149,1053,2024-06-17,Snacks,36.76
3150,1054,2024-01-18,Games,66.94
3151,1054,2024-12-20,Food & Beverage,154.46
3152,1054,2024-06-30,Games,65.55
3153,1055,2024-07-19,Food & Beverage,61.54
3154,1055,2024-07-19,Snacks,45.62
3155,1056,2024-04-25,Food & Beverage,143.37
3156,1056,2024-04-25,Games,33.89
3157,1056,2024-07-16,Snacks,50.03
3158,1056,2024-07-16,Merchandise,145.86
3159,1056,2024-07-16,Snacks,45.07
3160,1056,2024-07-16,Games,51.41
3161,1059,2024-01-10,Photography,84.01
3162,1060,2024-12-16,Games,25.57
3163,1060,2024-12-16,Food & Beverage,76.6
3164,1061,2024-06-13,Food & Beverage,54.29
3165,1061,2024-06-13,Merchandise,112.32
3166,1061,2024-06-13,Merchandise,114.91
3167,1061,2024-06-13,Photography,132.01
3168,1062,2024-09-05,Food & Beverage,50.32
3169,1063,2024-04-19,Games,58.18
3170,1063,2024-04-19,Games,76.62
3171,1064,2024-10-06,Games,37.0
3172,1064,2024-10-06,Photography,142.37
3173,1066,2024-01-13,Games,34.91
3174,1066,2024-01-13,Snacks,54.63
3175,1066,2024-01-13,Snacks,48.26
3176,1066,2024-01-13,Games,37.94
3177,1067,2024-08-22,Food & Beverage,146.57
3178,1067,2024-08-22,Games,37.53
3179,1068,2024-07-26,Food & Beverage,160.27
3180,1068,2024-07-26,Food & Beverage,134.27
3181,1068,2024-07-26,Food & Beverage,138.95
3182,1068,2024-07-26,Food & Beverage,114.34
3183,1069,2024-05-14,Games,59.07
3184,1069,2024-05-14,Games,60.99
3185,1069,2024-05-14,Games,46.62
3186,1069,2024-05-14,Snacks,27.27
3187,1070,2024-07-08,Food & Beverage,107.96
3188,1070,2024-07-08,Food & Beverage,171.19
3189,1070,2024-07-08,Food & Beverage,156.01
3190,1070,2024-10-04,Food & Beverage,155.35
3191,1070,2024-10-04,Food & Beverage,106.83
3192,1070,2024-10-04,Food & Beverage,68.74
3193,1070,2024-07-26,Photography,155.19
3194,1071,2024-10-25,Snacks,57.24
3195,1072,2024-06-14,Food & Beverage,136.8
3196,1072,2024-06-14,Snacks,17.87
3197,1072,2024-06-14,Snacks,44.76
3198,1072,2024-06-14,Games,70.39
3199,1073,2024-03-20,Food & Beverage,150.37
3200,1073,2024-03-20,Merchandise,135.72
3201,1074,2024-06-12,Games,28.24
3202,1074,2024-06-12,Snacks,25.2
3203,1074,2024-06-12,Food & Beverage,113.18
3204,1074,2024-06-12,Games,36.19
3205,1075,2024-06-17,Food & Beverage,103.78
3206,1076,2024-04-19,Games,34.68
3207,1076,2024-04-19,Snacks,50.43
3208,1076,2024-04-19,Food & Beverage,100.06
3209,1077,2024-09-10,Merchandise,108.21
3210,1077,2024-09-10,Merchandise,124.9
3211,1077,2024-09-10,Food & Beverage,154.15
3212,1077,2024-09-10,Games,53.7
3213,1078,2024-06-09,Food & Beverage,160.46
3214,1078,2024-06-09,Food & Beverage,101.43
3215,1078,2024-06-09,Merchandise,108.2
3216,1079,2024-12-19,Photography,111.68
3217,1079,2024-12-19,Photography,189.86
3218,1079,2024-12-19,Food & Beverage,54.73
3219,1080,2024-05-25,Photography,122.62
3220,1080,2024-05-25,Snacks,50.98
3221,1080,2024-05-25,Food & Beverage,57.99
3222,1081,2024-10-26,Games,47.35
3223,1081,2024-10-26,Food & Beverage,97.93
3224,1081,2024-10-26,Food & Beverage,92.35
3225,1081,2024-10-26,Merchandise,41.12
3226,1082,2024-12-19,Snacks,33.4
3227,1083,2024-09-21,Food & Beverage,164.29
3228,1083,2024-09-21,Games,22.98
3229,1084,2024-07-20,Photography,189.49
3230,1084,2024-07-20,Snacks,46.93
3231,1084,2024-07-20,Games,75.75
3232,1086,2024-04-11,Food & Beverage,113.7
3233,1086,2024-04-11,Games,63.0
3234,1087,2024-10-11,Games,20.09
3235,1087,2024-10-11,Food & Beverage,177.62
3236,1089,2024-05-09,Merchandise,88.93
3237,1089,2024-09-18,Food & Beverage,60.6
3238,1089,2024-09-18,Food & Beverage,109.69
3239,1092,2024-06-16,Food & Beverage,127.82
3240,1092,2024-06-16,Food & Beverage,67.25
3241,1092,2024-06-16,Food & Beverage,73.42
3242,1092,2024-06-16,Merchandise,81.51
3243,1093,2024-12-19,Food & Beverage,172.48
3244,1093,2024-12-19,Food & Beverage,112.92
3245,1094,2024-05-09,Food & Beverage,55.22
3246,1094,2024-05-09,Food & Beverage,127.39
3247,1094,2024-05-09,Food & Beverage,165.63
3248,1095,2024-08-28,Games,47.35
3249,1095,2024-08-28,Food & Beverage,171.66
3250,1095,2024-08-28,Snacks,19.96
3251,1095,2024-08-28,Photography,108.7
3252,1096,2024-08-22,Food & Beverage,66.41
3253,1096,2024-08-22,Food & Beverage,153.98
3254,1097,2024-06-11,Games,43.89
3255,1097,2024-06-11,Food & Beverage,78.82
3256,1097,2024-06-11,Games,74.26
3257,1097,2024-06-11,Photography,120.77
3258,1098,2024-01-24,Food & Beverage,92.36
3259,1098,2024-01-24,Food & Beverage,104.73
3260,1101,2024-07-19,Merchandise,86.77
3261,1101,2024-07-19,Food & Beverage,109.11
3262,1101,2024-07-19,Food & Beverage,51.0
3263,1101,2024-07-19,Snacks,31.03
3264,1102,2024-07-09,Games,22.5
3265,1102,2024-07-09,Games,39.15
3266,1102,2024-07-09,Photography,172.71
3267,1102,2024-07-09,Photography,89.99
3268,1103,2024-06-29,Games,61.29
3269,1103,2024-06-29,Food & Beverage,73.43
3270,1103,2024-06-29,Food & Beverage,153.93
3271,1103,2024-06-29,Food & Beverage,154.45
3272,1105,2024-06-19,Food & Beverage,86.64
3273,1105,2024-06-19,Games,39.18
3274,1105,2024-06-19,Food & Beverage,163.18
3275,1105,2024-04-10,Snacks,41.18
3276,1106,2024-12-22,Merchandise,57.26
3277,1107,2024-10-04,Food & Beverage,84.46
3278,1107,2024-10-04,Merchandise,124.09
3279,1108,2024-07-12,Merchandise,98.82
3280,1108,2024-07-12,Food & Beverage,54.49
3281,1108,2024-07-12,Food & Beverage,150.73
3282,1109,2024-09-20,Games,21.97
3283,1109,2024-09-20,Food & Beverage,56.49
3284,1109,2024-09-20,Food & Beverage,86.98
3285,1111,2024-11-06,Photography,104.37
3286,1111,2024-11-06,Food & Beverage,91.04
3287,1112,2024-04-19,Merchandise,53.22
3288,1112,2024-04-19,Merchandise,36.35
3289,1112,2024-04-19,Games,52.42
3290,1113,2024-04-27,Snacks,26.86
3291,1113,2024-04-27,Games,46.94
3292,1113,2024-04-27,Merchandise,47.61
3293,1113,2024-04-27,Snacks,15.48
3294,1113,2024-04-11,Food & Beverage,73.91
3295,1114,2024-09-02,Games,60.8
3296,1114,2024-09-02,Snacks,53.82
3297,1115,2024-12-19,Food & Beverage,133.45
3298,1115,2024-12-19,Snacks,31.84
3299,1115,2024-12-19,Games,47.24
3300,1115,2024-12-19,Merchandise,75.0
3301,1116,2024-06-12,Games,64.37
3302,1117,2024-10-16,Photography,162.28
3303,1117,2024-12-17,Snacks,42.3
3304,1118,2024-04-08,Merchandise,38.84
3305,1118,2024-04-08,Games,79.7
3306,1119,2024-09-06,Food & Beverage,128.28
3307,1119,2024-09-06,Snacks,47.52
3308,1119,2024-09-06,Food & Beverage,95.55
3309,1119,2024-09-06,Merchandise,105.54
3310,1121,2024-06-13,Photography,124.23
3311,1121,2024-06-13,Food & Beverage,114.67
3312,1122,2024-07-08,Food & Beverage,83.92
3313,1122,2024-07-08,Food & Beverage,51.61
3314,1122,2024-07-08,Games,58.88
3315,1122,2024-04-06,Games,54.86
3316,1122,2024-04-06,Snacks,33.48
3317,1126,2024-12-09,Food & Beverage,106.69
3318,1127,2024-12-29,Food & Beverage,128.83
3319,1128,2024-11-17,Games,24.08
3320,1129,2024-12-04,Snacks,18.03
3321,1130,2024-08-29,Snacks,59.76
3322,1131,2024-12-25,Merchandise,93.29
3323,1131,2024-12-25,Food & Beverage,159.72
3324,1131,2024-12-25,Merchandise,112.84
3325,1131,2024-12-25,Games,69.4
3326,1134,2024-01-12,Food & Beverage,100.14
3327,1134,2024-01-12,Food & Beverage,174.65
3328,1134,2024-01-12,Food & Beverage,93.66
3329,1134,2024-01-12,Merchandise,122.75
3330,1135,2024-12-20,Food & Beverage,53.66
3331,1135,2024-12-20,Games,32.14
3332,1135,2024-12-20,Food & Beverage,127.3
3333,1135,2024-12-20,Food & Beverage,153.76
3334,1135,2024-03-08,Food & Beverage,96.03
3335,1135,2024-03-08,Snacks,52.99
3336,1136,2024-10-05,Snacks,47.82
3337,1136,2024-10-05,Games,64.31
3338,1137,2024-11-24,Merchandise,123.89
3339,1137,2024-11-24,Merchandise,72.2
3340,1137,2024-11-24,Food & Beverage,96.4
3341,1138,2024-05-04,Snacks,47.51
3342,1138,2024-05-04,Games,48.37
3343,1138,2024-05-04,Food & Beverage,65.68
3344,1138,2024-01-08,Games,49.8
3345,1139,2024-04-10,Games,56.43
3346,1139,2024-04-10,Food & Beverage,178.04
3347,1139,2024-04-10,Snacks,45.0
3348,1140,2024-04-10,Food & Beverage,80.58
3349,1140,2024-04-10,Food & Beverage,125.23
3350,1140,2024-04-10,Games,27.45
3351,1140,2024-11-14,Snacks,42.52
3352,1140,2024-12-28,Snacks,34.16
3353,1140,2024-12-28,Games,28.92
3354,1140,2024-12-28,Snacks,20.04
3355,1140,2024-12-28,Food & Beverage,104.63
3356,1141,2024-10-02,Food & Beverage,81.07
3357,1141,2024-10-02,Food & Beverage,131.52
3358,1141,2024-03-24,Games,22.38
3359,1141,2024-03-24,Merchandise,93.64
3360,1141,2024-03-24,Games,64.28
3361,1141,2024-03-24,Snacks,31.83
3362,1141,2024-10-17,Food & Beverage,139.64
3363,1141,2024-10-17,Food & Beverage,127.77
3364,1141,2024-10-17,Food & Beverage,121.35
3365,1141,2024-10-11,Games,26.82
3366,1141,2024-10-11,Games,44.19
3367,1141,2024-10-11,Snacks,41.52
3368,1141,2024-10-11,Food & Beverage,97.89
3369,1142,2024-06-12,Snacks,21.19
3370,1142,2024-06-12,Food & Beverage,107.26
3371,1143,2024-07-15,Food & Beverage,171.25
3372,1143,2024-07-15,Snacks,40.54
3373,1143,2024-07-15,Food & Beverage,143.76
3374,1143,2024-07-15,Snacks,31.81
3375,1145,2024-07-12,Food & Beverage,112.71
3376,1145,2024-07-12,Merchandise,116.97
3377,1145,2024-07-12,Snacks,40.31
3378,1146,2024-12-08,Food & Beverage,66.32
3379,1146,2024-12-08,Food & Beverage,89.24
3380,1147,2024-11-14,Food & Beverage,170.25
3381,1147,2024-11-14,Food & Beverage,139.69
3382,1147,2024-11-14,Games,21.9
3383,1148,2024-04-07,Food & Beverage,130.46
3384,1148,2024-04-07,Games,63.98
3385,1148,2024-04-07,Food & Beverage,126.9
3386,1148,2024-04-07,Snacks,35.28
3387,1149,2024-04-14,Food & Beverage,129.54
3388,1149,2024-04-14,Food & Beverage,124.96
3389,1149,2024-04-14,Games,42.65
3390,1149,2024-04-14,Snacks,35.73
3391,1150,2024-10-20,Food & Beverage,101.97
3392,1150,2024-10-20,Snacks,25.25
3393,1150,2024-10-20,Snacks,43.94
3394,1151,2024-06-21,Food & Beverage,143.19
3395,1151,2024-09-10,Snacks,50.08
3396,1151,2024-09-10,Games,35.63
3397,1151,2024-12-28,Snacks,21.76
3398,1151,2024-12-28,Snacks,15.06
3399,1151,2024-12-28,Snacks,50.99
3400,1152,2024-06-02,Merchandise,142.57
3401,1152,2024-06-02,Merchandise,55.7
3402,1152,2024-06-02,Food & Beverage,160.18
3403,1152,2024-06-02,Merchandise,59.45
3404,1153,2024-01-05,Food & Beverage,89.87
3405,1153,2024-01-05,Games,58.05
3406,1153,2024-01-05,Food & Beverage,92.24
3407,1154,2024-12-26,Food & Beverage,98.03
3408,1154,2024-12-26,Food & Beverage,62.03
3409,1155,2024-06-26,Food & Beverage,89.25
3410,1155,2024-06-26,Photography,189.03
3411,1155,2024-02-22,Food & Beverage,73.12
3412,1155,2024-02-22,Food & Beverage,79.97
3413,1155,2024-10-10,Merchandise,113.49
3414,1155,2024-10-10,Food & Beverage,82.49
3415,1155,2024-10-10,Food & Beverage,113.72
3416,1155,2024-10-10,Snacks,48.78
3417,1156,2024-12-08,Food & Beverage,100.04
3418,1156,2024-12-08,Snacks,56.32
3419,1156,2024-12-08,Snacks,56.67
3420,1158,2024-01-08,Merchandise,36.08
3421,1158,2024-12-07,Snacks,38.65
3422,1158,2024-12-07,Photography,86.18
3423,1159,2024-07-07,Food & Beverage,74.69
3424,1159,2024-07-07,Food & Beverage,83.77
3425,1159,2024-07-07,Snacks,18.84
3426,1160,2024-10-13,Food & Beverage,132.3
3427,1160,2024-10-13,Games,43.96
3428,1160,2024-01-20,Snacks,30.18
3429,1161,2024-07-24,Games,77.26
3430,1162,2024-06-28,Food & Beverage,137.63
3431,1163,2024-03-23,Merchandise,31.48
3432,1163,2024-03-23,Games,78.83
3433,1163,2024-03-23,Games,75.26
3434,1164,2024-12-11,Merchandise,135.51
3435,1164,2024-12-11,Games,46.35
3436,1164,2024-12-11,Merchandise,110.04
3437,1164,2024-12-11,Merchandise,95.86
3438,1165,2024-04-02,Food & Beverage,154.39
3439,1165,2024-04-02,Games,30.21
3440,1165,2024-04-02,Snacks,53.83
3441,1166,2024-09-14,Merchandise,49.2
3442,1166,2024-02-27,Games,37.41
3443,1166,2024-02-27,Food & Beverage,147.64
3444,1166,2024-02-27,Food & Beverage,116.72
3445,1167,2024-07-20,Snacks,41.15
3446,1167,2024-07-20,Games,37.07
3447,1167,2024-07-20,Food & Beverage,91.79
3448,1167,2024-07-20,Food & Beverage,65.69
3449,1168,2024-04-21,Food & Beverage,89.26
3450,1169,2024-12-07,Merchandise,90.73
3451,1170,2024-11-05,Games,78.78
3452,1170,2024-11-05,Games,51.23
3453,1170,2024-11-05,Games,57.45
3454,1171,2024-01-12,Games,76.37
3455,1171,2024-01-12,Games,34.84
3456,1172,2024-09-28,Photography,194.2
3457,1172,2024-09-28,Snacks,29.05
3458,1172,2024-09-28,Food & Beverage,133.1
3459,1173,2024-05-05,Food & Beverage,69.44
3460,1173,2024-05-05,Food & Beverage,135.1
3461,1173,2024-05-05,Snacks,19.43
3462,1174,2024-04-27,Snacks,24.8
3463,1174,2024-04-27,Food & Beverage,157.75
3464,1174,2024-04-27,Games,30.25
3465,1176,2024-12-14,Photography,196.74
3466,1176,2024-12-14,Merchandise,47.71
3467,1176,2024-12-14,Merchandise,118.17
3468,1177,2024-02-19,Photography,137.19
3469,1177,2024-02-19,Food & Beverage,81.55
3470,1179,2024-06-06,Food & Beverage,171.85
3471,1179,2024-06-06,Photography,185.74
3472,1179,2024-03-25,Games,22.36
3473,1179,2024-03-25,Games,43.09
3474,1179,2024-03-25,Food & Beverage,67.5
3475,1179,2024-03-25,Snacks,23.91
3476,1181,2024-08-10,Merchandise,139.19
3477,1181,2024-08-10,Games,43.71
3478,1181,2024-08-10,Games,23.11
3479,1181,2024-08-10,Games,72.59
3480,1183,2024-08-27,Food & Beverage,108.35
3481,1183,2024-08-27,Food & Beverage,153.15
3482,1183,2024-04-04,Snacks,46.45
3483,1183,2024-04-04,Snacks,31.67
3484,1184,2024-01-06,Photography,97.36
3485,1184,2024-01-06,Snacks,51.19
3486,1184,2024-01-06,Food & Beverage,85.95
3487,1184,2024-01-06,Games,37.36
3488,1184,2024-03-14,Games,49.12
3489,1184,2024-03-14,Snacks,48.86
3490,1185,2024-04-23,Games,39.14
3491,1185,2024-04-23,Food & Beverage,122.22
3492,1186,2024-07-06,Snacks,38.01
3493,1186,2024-07-06,Food & Beverage,99.57
3494,1187,2024-07-10,Snacks,35.67
3495,1187,2024-07-10,Merchandise,91.92
3496,1187,2024-06-04,Food & Beverage,134.59
3497,1188,2024-06-22,Snacks,25.39
3498,1188,2024-06-22,Games,56.13
3499,1188,2024-06-22,Games,24.25
3500,1188,2024-06-22,Food & Beverage,105.43
3501,1189,2024-12-10,Merchandise,108.1
3502,1189,2024-12-10,Food & Beverage,90.62
3503,1190,2024-04-19,Food & Beverage,155.96
3504,1192,2024-12-10,Food & Beverage,144.02
3505,1192,2024-12-10,Games,66.46
3506,1192,2024-12-10,Food & Beverage,86.73
3507,1192,2024-12-10,Games,56.72
3508,1193,2024-05-26,Games,50.27
3509,1193,2024-05-26,Merchandise,79.75
3510,1193,2024-05-26,Snacks,25.7
3511,1195,2024-07-18,Games,64.39
3512,1195,2024-07-18,Food & Beverage,72.27
3513,1195,2024-07-18,Snacks,41.22
3514,1196,2024-04-28,Snacks,52.1
3515,1196,2024-04-28,Merchandise,119.1
3516,1197,2024-02-21,Food & Beverage,125.64
3517,1197,2024-02-21,Food & Beverage,139.54
3518,1197,2024-02-21,Food & Beverage,147.2
3519,1198,2024-09-16,Games,40.56
3520,1198,2024-09-16,Merchandise,147.28
3521,1198,2024-09-16,Snacks,34.3
3522,1198,2024-09-16,Games,41.33
3523,1198,2024-04-21,Merchandise,60.22
3524,1198,2024-04-21,Games,49.8
3525,1198,2024-04-21,Snacks,21.41
3526,1198,2024-10-24,Games,62.12
3527,1198,2024-10-24,Snacks,50.41
3528,1199,2024-11-11,Photography,103.85
3529,1199,2024-03-24,Merchandise,95.4
3530,1199,2024-03-24,Food & Beverage,60.42
3531,1200,2024-04-28,Food & Beverage,161.89
3532,1200,2024-04-28,Merchandise,119.01
3533,1201,2024-01-25,Photography,94.4
3534,1201,2024-01-25,Snacks,34.86
3535,1202,2024-09-28,Food & Beverage,161.36
3536,1202,2024-09-28,Snacks,24.79
3537,1202,2024-09-28,Food & Beverage,128.82
3538,1202,2024-09-28,Photography,108.63
3539,1204,2024-07-20,Photography,86.46
3540,1204,2024-07-20,Games,66.01
3541,1206,2024-11-10,Merchandise,33.16
3542,1206,2024-11-10,Food & Beverage,170.61
3543,1206,2024-11-10,Food & Beverage,154.15
3544,1207,2024-08-27,Food & Beverage,173.74
3545,1207,2024-08-27,Merchandise,111.3
3546,1207,2024-08-27,Snacks,20.8
3547,1207,2024-08-27,Games,38.27
3548,1208,2024-12-07,Games,46.86
3549,1209,2024-03-18,Photography,87.52
3550,1209,2024-03-18,Merchandise,86.47
3551,1209,2024-03-18,Games,67.55
3552,1210,2024-01-28,Food & Beverage,128.86
3553,1211,2024-02-11,Food & Beverage,66.69
3554,1212,2024-11-06,Merchandise,109.71
3555,1212,2024-11-06,Food & Beverage,144.15
3556,1213,2024-07-14,Food & Beverage,103.48
3557,1213,2024-07-14,Food & Beverage,55.85
3558,1214,2024-04-30,Food & Beverage,51.56
3559,1214,2024-04-30,Food & Beverage,75.91
3560,1214,2024-04-30,Food & Beverage,97.63
3561,1214,2024-04-30,Photography,134.63
3562,1215,2024-10-28,Merchandise,121.18
3563,1216,2024-09-02,Merchandise,101.62
3564,1216,2024-09-02,Food & Beverage,148.15
3565,1218,2024-11-23,Games,67.69
3566,1218,2024-04-27,Merchandise,138.75
3567,1218,2024-04-27,Snacks,37.1
3568,1218,2024-04-27,Games,46.28
3569,1218,2024-04-27,Food & Beverage,58.26
3570,1219,2024-07-15,Merchandise,45.46
3571,1219,2024-07-15,Food & Beverage,119.82
3572,1219,2024-07-15,Games,54.43
3573,1219,2024-07-15,Merchandise,107.19
3574,1220,2024-06-19,Food & Beverage,85.74
3575,1220,2024-06-19,Food & Beverage,82.88
3576,1220,2024-06-19,Food & Beverage,115.17
3577,1220,2024-06-19,Snacks,51.38
3578,1221,2024-12-12,Snacks,25.05
3579,1221,2024-12-12,Food & Beverage,122.22
3580,1221,2024-12-12,Merchandise,89.84
3581,1221,2024-12-12,Photography,158.88
3582,1223,2024-09-23,Food & Beverage,132.38
3583,1224,2024-12-29,Snacks,37.95
3584,1224,2024-12-29,Merchandise,138.86
3585,1224,2024-12-29,Food & Beverage,177.98
3586,1224,2024-12-29,Merchandise,58.61
3587,1225,2024-03-15,Food & Beverage,167.07
3588,1225,2024-03-15,Snacks,42.04
3589,1227,2024-07-19,Food & Beverage,123.26
3590,1227,2024-07-19,Food & Beverage,172.61
3591,1227,2024-07-19,Food & Beverage,90.82
3592,1227,2024-07-19,Games,47.37
3593,1227,2024-10-07,Merchandise,145.62
3594,1227,2024-10-22,Food & Beverage,122.66
3595,1227,2024-10-22,Food & Beverage,57.17
3596,1227,2024-10-22,Snacks,31.16
3597,1227,2024-09-13,Snacks,45.32
3598,1227,2024-09-13,Food & Beverage,171.81
3599,1227,2024-09-13,Snacks,35.26
3600,1229,2024-07-05,Games,61.91
3601,1229,2024-07-05,Games,51.54
3602,1229,2024-07-05,Photography,150.54
3603,1229,2024-07-05,Snacks,44.0
3604,1229,2024-04-24,Snacks,16.41
3605,1230,2024-12-24,Merchandise,31.1
3606,1230,2024-12-24,Food & Beverage,149.97
3607,1231,2024-11-30,Snacks,18.06
3608,1231,2024-11-30,Food & Beverage,72.59
3609,1231,2024-11-30,Games,61.28
3610,1231,2024-11-30,Food & Beverage,113.93
3611,1231,2024-10-24,Food & Beverage,165.4
3612,1231,2024-10-24,Photography,198.27
3613,1231,2024-10-24,Games,44.53
3614,1232,2024-11-11,Food & Beverage,85.54
3615,1232,2024-11-11,Photography,95.13
3616,1232,2024-11-11,Food & Beverage,157.08
3617,1232,2024-11-11,Photography,87.12
3618,1233,2024-10-24,Games,26.9
3619,1233,2024-10-24,Food & Beverage,65.27
3620,1233,2024-10-24,Games,66.72
3621,1233,2024-10-24,Food & Beverage,70.41
3622,1234,2024-05-08,Merchandise,109.15
3623,1235,2024-08-23,Games,28.08
3624,1236,2024-01-08,Merchandise,60.76
3625,1236,2024-01-08,Snacks,45.57
3626,1236,2024-01-08,Snacks,43.76
3627,1236,2024-01-08,Food & Beverage,153.75
3628,1237,2024-03-23,Snacks,34.9
3629,1238,2024-01-03,Food & Beverage,159.39
3630,1238,2024-01-03,Food & Beverage,110.73
3631,1239,2024-10-14,Food & Beverage,171.54
3632,1240,2024-10-17,Games,66.07
3633,1241,2024-11-19,Food & Beverage,155.83
3634,1241,2024-11-19,Snacks,46.02
3635,1241,2024-07-26,Food & Beverage,97.74
3636,1242,2024-12-02,Food & Beverage,81.94
3637,1242,2024-12-02,Food & Beverage,148.66
3638,1242,2024-12-02,Food & Beverage,144.75
3639,1242,2024-12-02,Food & Beverage,165.48
3640,1242,2024-08-06,Photography,175.27
3641,1243,2024-09-05,Food & Beverage,61.88
3642,1243,2024-09-05,Merchandise,48.58
3643,1243,2024-09-05,Food & Beverage,156.81
3644,1243,2024-09-05,Food & Beverage,132.81
3645,1243,2024-02-04,Merchandise,33.33
3646,1243,2024-11-21,Food & Beverage,102.26
3647,1244,2024-06-14,Snacks,31.22
3648,1245,2024-10-01,Photography,117.12
3649,1246,2024-12-15,Snacks,34.7
3650,1246,2024-12-15,Photography,109.32
3651,1246,2024-12-15,Snacks,51.73
3652,1246,2024-12-15,Games,60.19
3653,1246,2024-01-08,Food & Beverage,158.23
3654,1246,2024-01-08,Food & Beverage,139.1
3655,1246,2024-01-08,Merchandise,104.54
3656,1246,2024-01-08,Merchandise,67.33
3657,1246,2024-10-11,Snacks,18.84
3658,1246,2024-10-11,Food & Beverage,157.51
3659,1246,2024-10-11,Food & Beverage,107.02
3660,1246,2024-10-11,Snacks,54.51
3661,1247,2024-08-19,Games,27.64
3662,1247,2024-08-19,Merchandise,74.25
3663,1248,2024-04-19,Snacks,41.12
3664,1248,2024-04-19,Snacks,28.99
3665,1248,2024-04-19,Food & Beverage,153.88
3666,1248,2024-08-29,Games,55.59
3667,1248,2024-08-29,Snacks,38.0
3668,1248,2024-08-29,Merchandise,143.88
3669,1248,2024-12-19,Snacks,22.71
3670,1248,2024-12-19,Games,40.16
3671,1248,2024-12-19,Snacks,37.31
3672,1248,2024-10-02,Merchandise,91.02
3673,1248,2024-10-02,Games,72.95
3674,1248,2024-10-02,Merchandise,84.13
3675,1248,2024-10-02,Food & Beverage,83.7
3676,1249,2024-05-20,Food & Beverage,86.46
3677,1249,2024-05-20,Merchandise,89.08
3678,1249,2024-04-27,Snacks,27.31
3679,1249,2024-04-27,Food & Beverage,153.26
3680,1249,2024-04-27,Food & Beverage,89.8
3681,1249,2024-09-28,Food & Beverage,51.13
3682,1250,2024-09-28,Food & Beverage,121.02
3683,1250,2024-09-28,Food & Beverage,146.42
3684,1250,2024-06-14,Snacks,37.36
3685,1250,2024-06-14,Games,67.11
3686,1250,2024-06-14,Snacks,40.31
3687,1253,2024-08-05,Food & Beverage,63.09
3688,1253,2024-08-05,Food & Beverage,165.17
3689,1253,2024-08-05,Food & Beverage,110.81
3690,1253,2024-08-05,Snacks,26.4
3691,1254,2024-07-25,Food & Beverage,148.24
3692,1254,2024-07-25,Food & Beverage,158.4
3693,1254,2024-07-25,Merchandise,148.35
3694,1254,2024-07-25,Food & Beverage,159.51
3695,1255,2024-05-24,Food & Beverage,123.28
3696,1255,2024-05-24,Food & Beverage,67.69
3697,1255,2024-05-24,Merchandise,137.13
3698,1255,2024-05-24,Food & Beverage,112.0
3699,1256,2024-09-18,Snacks,24.79
3700,1256,2024-09-18,Food & Beverage,134.38
3701,1256,2024-09-18,Food & Beverage,138.45
3702,1256,2024-09-18,Merchandise,100.14
3703,1257,2024-12-14,Photography,192.54
3704,1257,2024-12-14,Games,54.39
3705,1257,2024-12-14,Food & Beverage,170.2
3706,1257,2024-07-02,Games,35.88
3707,1257,2024-07-02,Games,35.75
3708,1257,2024-07-02,Snacks,28.78
3709,1257,2024-07-02,Merchandise,137.5
3710,1257,2024-09-06,Snacks,47.99
3711,1257,2024-09-06,Snacks,22.8
3712,1257,2024-09-06,Merchandise,117.08
3713,1258,2024-11-04,Merchandise,133.58
3714,1258,2024-11-04,Snacks,34.78
3715,1258,2024-11-04,Food & Beverage,79.72
3716,1261,2024-03-21,Food & Beverage,127.96
3717,1262,2024-12-28,Games,26.14
3718,1262,2024-12-28,Games,68.94
3719,1262,2024-07-23,Photography,113.38
3720,1262,2024-07-23,Snacks,30.14
3721,1262,2024-07-23,Food & Beverage,60.5
3722,1262,2024-03-28,Games,77.42
3723,1262,2024-03-28,Photography,122.03
3724,1263,2024-09-05,Games,56.19
3725,1263,2024-09-05,Food & Beverage,150.74
3726,1264,2024-07-26,Games,30.18
3727,1264,2024-07-26,Photography,143.11
3728,1264,2024-07-26,Merchandise,46.18
3729,1265,2024-10-16,Food & Beverage,131.24
3730,1265,2024-10-16,Food & Beverage,84.45
3731,1265,2024-10-16,Snacks,25.32
3732,1266,2024-03-07,Food & Beverage,152.38
3733,1266,2024-03-07,Merchandise,92.4
3734,1266,2024-03-07,Food & Beverage,104.37
3735,1266,2024-03-07,Merchandise,52.45
3736,1267,2024-12-05,Food & Beverage,99.32
3737,1268,2024-12-08,Food & Beverage,75.18
3738,1268,2024-12-08,Merchandise,60.17
3739,1269,2024-02-02,Photography,191.17
3740,1269,2024-02-02,Food & Beverage,163.7
3741,1269,2024-02-02,Food & Beverage,167.34
3742,1269,2024-02-02,Games,26.68
3743,1270,2024-02-21,Food & Beverage,123.81
3744,1270,2024-02-21,Food & Beverage,122.29
3745,1271,2024-11-24,Food & Beverage,130.95
3746,1271,2024-11-24,Snacks,36.02
3747,1271,2024-11-24,Snacks,55.71
3748,1271,2024-06-08,Merchandise,148.67
3749,1271,2024-06-08,Snacks,27.38
3750,1272,2024-08-25,Games,23.1
3751,1272,2024-08-25,Photography,99.19
3752,1272,2024-08-25,Merchandise,110.38
3753,1273,2024-12-11,Games,44.72
3754,1273,2024-07-08,Merchandise,86.65
3755,1274,2024-12-03,Food & Beverage,70.36
3756,1274,2024-12-03,Snacks,38.51
3757,1274,2024-12-03,Snacks,58.9
3758,1274,2024-12-03,Food & Beverage,81.89
3759,1274,2024-06-21,Snacks,20.91
3760,1274,2024-06-21,Food & Beverage,155.67
3761,1274,2024-06-21,Snacks,55.81
3762,1274,2024-06-21,Snacks,38.22
3763,1275,2024-09-11,Food & Beverage,96.9
3764,1275,2024-09-11,Snacks,16.33
3765,1275,2024-09-11,Food & Beverage,51.79
3766,1277,2024-08-15,Snacks,53.87
3767,1278,2024-07-14,Games,20.71
3768,1279,2024-06-23,Photography,191.93
3769,1280,2024-01-14,Games,40.97
3770,1280,2024-01-14,Merchandise,88.15
3771,1280,2024-01-14,Food & Beverage,120.36
3772,1280,2024-01-14,Photography,80.59
3773,1280,2024-03-04,Food & Beverage,55.6
3774,1281,2024-12-25,Food & Beverage,82.25
3775,1281,2024-12-25,Games,37.48
3776,1281,2024-12-25,Food & Beverage,107.89
3777,1281,2024-12-25,Games,77.33
3778,1281,2024-06-22,Food & Beverage,139.67
3779,1281,2024-03-04,Merchandise,62.45
3780,1281,2024-03-04,Merchandise,139.6
3781,1282,2024-04-30,Snacks,21.58
3782,1282,2024-04-30,Games,43.16
3783,1282,2024-04-30,Merchandise,141.49
3784,1283,2024-07-11,Snacks,55.69
3785,1283,2024-07-11,Food & Beverage,151.93
3786,1285,2024-07-26,Games,78.12
3787,1285,2024-07-26,Games,73.66
3788,1285,2024-07-26,Games,72.62
3789,1285,2024-07-26,Games,50.64
3790,1290,2024-05-20,Food & Beverage,59.8
3791,1290,2024-05-20,Snacks,17.46
3792,1290,2024-05-20,Merchandise,142.47
3793,1290,2024-05-20,Games,29.07
3794,1291,2024-05-17,Games,57.49
3795,1292,2024-06-25,Games,73.57
3796,1292,2024-06-25,Food & Beverage,111.45
3797,1292,2024-06-25,Food & Beverage,70.81
3798,1292,2024-06-25,Games,72.73
3799,1293,2024-10-16,Food & Beverage,137.1
3800,1293,2024-10-16,Games,28.83
3801,1293,2024-10-16,Snacks,59.2
3802,1294,2024-12-11,Food & Beverage,50.36
3803,1295,2024-04-14,Food & Beverage,58.88
3804,1295,2024-04-14,Games,46.82
3805,1296,2024-07-21,Photography,187.99
3806,1296,2024-07-21,Snacks,21.28
3807,1297,2024-12-18,Merchandise,143.83
3808,1297,2024-12-18,Food & Beverage,173.87
3809,1299,2024-04-24,Food & Beverage,112.89
3810,1299,2024-04-24,Food & Beverage,59.41
3811,1299,2024-04-24,Snacks,15.22
3812,1300,2024-04-17,Games,50.36
3813,1300,2024-04-17,Games,67.26
3814,1300,2024-04-17,Food & Beverage,80.44
3815,1301,2024-09-19,Food & Beverage,100.49
3816,1301,2024-09-19,Food & Beverage,125.44
3817,1305,2024-04-29,Snacks,24.58
3818,1305,2024-04-29,Merchandise,35.54
3819,1305,2024-04-29,Photography,83.7
3820,1305,2024-04-29,Snacks,27.09
3821,1306,2024-01-22,Food & Beverage,117.03
3822,1306,2024-01-22,Games,76.17
3823,1306,2024-11-10,Snacks,51.12
3824,1306,2024-11-10,Snacks,16.24
3825,1306,2024-11-10,Games,22.61
3826,1306,2024-11-10,Food & Beverage,114.83
3827,1308,2024-07-11,Snacks,26.14
3828,1308,2024-07-11,Games,79.57
3829,1308,2024-07-11,Snacks,48.0
3830,1309,2024-06-07,Photography,187.01
3831,1309,2024-06-07,Food & Beverage,100.38
3832,1309,2024-06-07,Games,59.62
3833,1309,2024-06-07,Merchandise,131.71
3834,1309,2024-10-14,Games,72.5
3835,1309,2024-10-14,Snacks,55.14
3836,1309,2024-10-14,Merchandise,126.0
3837,1309,2024-10-14,Snacks,48.26
3838,1310,2024-06-28,Snacks,34.67
3839,1310,2024-06-28,Food & Beverage,69.4
3840,1310,2024-06-28,Snacks,47.6
3841,1311,2024-07-13,Food & Beverage,115.77
3842,1311,2024-07-13,Snacks,43.25
3843,1311,2024-07-13,Food & Beverage,144.35
3844,1312,2024-09-27,Food & Beverage,76.94
3845,1312,2024-09-27,Food & Beverage,124.35
3846,1312,2024-09-27,Food & Beverage,70.93
3847,1312,2024-09-27,Food & Beverage,78.44
3848,1314,2024-01-02,Food & Beverage,123.21
3849,1314,2024-01-02,Food & Beverage,109.93
3850,1314,2024-12-27,Merchandise,30.81
3851,1314,2024-12-27,Merchandise,143.77
3852,1315,2024-01-14,Games,75.42
3853,1315,2024-01-14,Games,41.8
3854,1315,2024-01-14,Snacks,26.97
3855,1315,2024-10-22,Merchandise,75.58
3856,1315,2024-10-22,Food & Beverage,91.03
3857,1315,2024-10-22,Games,70.27
3858,1315,2024-10-22,Games,73.52
3859,1316,2024-06-22,Food & Beverage,134.88
3860,1316,2024-06-22,Games,67.21
3861,1316,2024-06-22,Merchandise,84.01
3862,1320,2024-11-23,Games,35.1
3863,1320,2024-11-23,Photography,85.62
3864,1320,2024-11-23,Food & Beverage,51.09
3865,1320,2024-11-23,Merchandise,141.4
3866,1322,2024-01-04,Food & Beverage,164.46
3867,1322,2024-01-04,Snacks,18.18
3868,1322,2024-01-04,Food & Beverage,87.38
3869,1322,2024-01-04,Merchandise,92.33
3870,1322,2024-07-02,Photography,136.16
3871,1322,2024-07-02,Food & Beverage,85.86
3872,1322,2024-07-02,Food & Beverage,106.05
3873,1322,2024-07-02,Merchandise,96.48
3874,1323,2024-09-07,Snacks,22.66
3875,1323,2024-09-07,Snacks,36.03
3876,1323,2024-09-07,Merchandise,107.44
3877,1323,2024-09-07,Games,61.13
3878,1324,2024-10-14,Snacks,21.29
3879,1324,2024-10-14,Games,77.61
3880,1324,2024-10-14,Food & Beverage,54.86
3881,1324,2024-10-14,Food & Beverage,162.67
3882,1325,2024-01-05,Food & Beverage,120.72
3883,1325,2024-09-08,Food & Beverage,52.58
3884,1325,2024-09-08,Food & Beverage,169.83
3885,1325,2024-10-25,Games,35.1
3886,1326,2024-12-03,Games,39.19
3887,1326,2024-12-03,Food & Beverage,87.64
3888,1326,2024-12-03,Food & Beverage,101.05
3889,1326,2024-09-27,Food & Beverage,129.12
3890,1326,2024-09-27,Photography,121.57
3891,1326,2024-09-27,Merchandise,92.79
3892,1327,2024-11-22,Photography,185.56
3893,1327,2024-11-22,Food & Beverage,115.22
3894,1327,2024-11-22,Merchandise,40.68
3895,1327,2024-11-22,Food & Beverage,95.38
3896,1328,2024-12-13,Snacks,34.44
3897,1328,2024-12-13,Snacks,44.57
3898,1328,2024-12-13,Food & Beverage,159.33
3899,1328,2024-12-13,Merchandise,99.02
3900,1329,2024-12-09,Merchandise,38.2
3901,1329,2024-12-09,Merchandise,140.81
3902,1329,2024-12-09,Food & Beverage,138.73
3903,1329,2024-12-09,Snacks,46.16
3904,1330,2024-10-18,Snacks,56.23
3905,1331,2024-08-11,Snacks,57.04
3906,1331,2024-08-11,Food & Beverage,111.17
3907,1331,2024-08-11,Merchandise,50.17
3908,1332,2024-04-18,Food & Beverage,118.28
3909,1332,2024-04-18,Food & Beverage,65.2
3910,1332,2024-04-18,Photography,134.91
3911,1332,2024-01-11,Food & Beverage,164.1
3912,1333,2024-04-25,Snacks,42.3
3913,1333,2024-04-25,Food & Beverage,152.26
3914,1333,2024-04-25,Merchandise,132.73
3915,1333,2024-04-25,Merchandise,133.66
3916,1335,2024-12-19,Food & Beverage,168.96
3917,1335,2024-12-19,Food & Beverage,161.86
3918,1335,2024-12-19,Food & Beverage,59.78
3919,1335,2024-12-19,Food & Beverage,85.62
3920,1336,2024-09-25,Food & Beverage,89.62
3921,1336,2024-09-25,Photography,112.48
3922,1336,2024-09-25,Merchandise,48.06
3923,1336,2024-09-25,Food & Beverage,93.76
3924,1337,2024-09-25,Merchandise,148.25
3925,1337,2024-09-25,Food & Beverage,117.85
3926,1337,2024-07-02,Food & Beverage,91.99
3927,1337,2024-07-02,Merchandise,40.96
3928,1338,2024-06-05,Food & Beverage,114.29
3929,1338,2024-06-05,Food & Beverage,161.17
3930,1340,2024-04-29,Snacks,17.76
3931,1340,2024-04-29,Snacks,38.81
3932,1340,2024-04-29,Food & Beverage,173.25
3933,1341,2024-12-04,Food & Beverage,148.8
3934,1341,2024-12-04,Merchandise,55.48
3935,1341,2024-12-04,Snacks,57.37
3936,1342,2024-03-13,Food & Beverage,84.45
3937,1342,2024-03-13,Food & Beverage,170.62
3938,1342,2024-03-13,Food & Beverage,53.13
3939,1342,2024-03-13,Merchandise,86.17
3940,1343,2024-03-25,Food & Beverage,92.71
3941,1343,2024-03-25,Merchandise,142.64
3942,1344,2024-10-22,Games,58.58
3943,1344,2024-10-22,Games,41.28
3944,1344,2024-10-22,Food & Beverage,101.72
3945,1344,2024-10-22,Games,46.63
3946,1345,2024-04-04,Food & Beverage,90.3
3947,1345,2024-04-04,Snacks,27.96
3948,1347,2024-05-10,Games,26.35
3949,1347,2024-05-10,Snacks,26.12
3950,1347,2024-05-10,Food & Beverage,150.35
3951,1347,2024-05-10,Merchandise,45.3
3952,1348,2024-07-24,Merchandise,129.87
3953,1348,2024-07-24,Photography,121.49
3954,1348,2024-07-24,Photography,91.79
3955,1348,2024-07-24,Snacks,52.37
3956,1349,2024-05-04,Games,46.2
3957,1349,2024-05-04,Games,71.28
3958,1350,2024-03-11,Games,73.5
3959,1350,2024-03-11,Snacks,36.29
3960,1350,2024-03-11,Food & Beverage,164.99
3961,1351,2024-05-05,Merchandise,102.44
3962,1351,2024-05-05,Food & Beverage,108.49
3963,1352,2024-06-15,Food & Beverage,107.41
3964,1352,2024-09-27,Food & Beverage,136.83
3965,1352,2024-09-27,Food & Beverage,87.42
3966,1352,2024-09-27,Food & Beverage,152.67
3967,1353,2024-10-22,Photography,84.03
3968,1353,2024-10-22,Snacks,32.62
3969,1354,2024-07-07,Games,22.75
3970,1354,2024-07-07,Merchandise,130.1
3971,1354,2024-07-07,Food & Beverage,82.65
3972,1355,2024-06-26,Food & Beverage,77.33
3973,1355,2024-06-26,Food & Beverage,151.16
3974,1355,2024-06-26,Snacks,33.83
3975,1356,2024-10-05,Food & Beverage,148.82
3976,1356,2024-10-05,Snacks,15.34
3977,1357,2024-06-09,Food & Beverage,165.59
3978,1357,2024-06-09,Games,63.07
3979,1358,2024-09-15,Games,22.82
3980,1358,2024-09-15,Merchandise,138.3
3981,1359,2024-01-03,Food & Beverage,128.21
3982,1359,2024-01-03,Food & Beverage,120.25
3983,1359,2024-01-03,Food & Beverage,55.13
3984,1359,2024-01-03,Food & Beverage,55.64
3985,1360,2024-12-24,Food & Beverage,176.81
3986,1360,2024-12-24,Food & Beverage,145.01
3987,1360,2024-12-24,Games,77.44
3988,1360,2024-12-24,Photography,186.17
3989,1361,2024-08-27,Games,27.24
3990,1361,2024-08-27,Food & Beverage,135.55
3991,1361,2024-08-27,Photography,158.51
3992,1362,2024-04-27,Snacks,43.7
3993,1362,2024-04-27,Food & Beverage,142.53
3994,1362,2024-04-27,Snacks,30.92
3995,1365,2024-12-17,Photography,172.55
3996,1365,2024-12-17,Food & Beverage,147.31
3997,1365,2024-12-17,Merchandise,69.95
3998,1365,2024-11-24,Food & Beverage,176.47
3999,1365,2024-11-24,Snacks,51.79
4000,1365,2024-11-24,Games,26.49
4001,1365,2024-11-24,Merchandise,149.09
4002,1365,2024-02-11,Food & Beverage,156.21
4003,1365,2024-02-11,Food & Beverage,125.39
4004,1365,2024-02-11,Food & Beverage,103.54
4005,1365,2024-02-11,Food & Beverage,170.72
4006,1367,2024-04-14,Games,38.89
4007,1367,2024-04-14,Food & Beverage,159.59
4008,1367,2024-04-20,Merchandise,40.59
4009,1367,2024-04-20,Games,31.04
4010,1367,2024-04-20,Snacks,29.67
4011,1367,2024-01-04,Food & Beverage,169.32
4012,1367,2024-01-04,Merchandise,130.7
4013,1367,2024-01-04,Food & Beverage,133.35
4014,1368,2024-09-09,Games,36.38
4015,1368,2024-09-09,Food & Beverage,171.64
4016,1368,2024-09-09,Food & Beverage,57.46
4017,1368,2024-09-09,Merchandise,86.62
4018,1368,2024-07-05,Snacks,21.99
4019,1368,2024-07-05,Games,28.56
4020,1368,2024-10-16,Food & Beverage,148.44
4021,1368,2024-10-16,Food & Beverage,177.26
4022,1369,2024-05-11,Food & Beverage,132.93
4023,1369,2024-05-11,Food & Beverage,143.12
4024,1370,2024-08-25,Games,73.87
4025,1370,2024-08-25,Games,21.53
4026,1370,2024-08-25,Snacks,45.46
4027,1371,2024-04-08,Food & Beverage,57.08
4028,1371,2024-04-08,Games,52.31
4029,1371,2024-04-08,Food & Beverage,179.83
4030,1372,2024-10-25,Games,61.22
4031,1372,2024-10-25,Food & Beverage,173.61
4032,1372,2024-10-25,Games,29.35
4033,1372,2024-10-25,Food & Beverage,106.02
4034,1373,2024-02-27,Merchandise,56.64
4035,1373,2024-02-27,Snacks,51.88
4036,1373,2024-02-27,Merchandise,97.81
4037,1374,2024-08-24,Games,72.73
4038,1374,2024-08-24,Merchandise,138.65
4039,1374,2024-08-24,Food & Beverage,92.51
4040,1374,2024-08-24,Games,40.05
4041,1375,2024-12-22,Games,67.57
4042,1375,2024-12-22,Food & Beverage,123.52
4043,1377,2024-06-05,Food & Beverage,145.47
4044,1377,2024-06-05,Food & Beverage,81.86
4045,1378,2024-04-25,Snacks,51.9
4046,1378,2024-04-25,Merchandise,49.88
4047,1378,2024-04-25,Photography,167.32
4048,1378,2024-04-25,Food & Beverage,72.99
4049,1379,2024-03-10,Merchandise,135.03
4050,1379,2024-03-10,Photography,129.94
4051,1379,2024-03-10,Food & Beverage,95.95
4052,1381,2024-09-24,Food & Beverage,56.27
4053,1381,2024-09-24,Food & Beverage,116.72
4054,1381,2024-09-24,Food & Beverage,155.79
4055,1381,2024-09-24,Food & Beverage,146.05
4056,1382,2024-04-25,Photography,153.93
4057,1382,2024-04-25,Food & Beverage,176.34
4058,1382,2024-04-25,Merchandise,148.2
4059,1382,2024-04-25,Snacks,48.93
4060,1383,2024-07-03,Food & Beverage,174.42
4061,1383,2024-07-03,Merchandise,68.88
4062,1383,2024-07-03,Snacks,25.33
4063,1384,2024-12-21,Snacks,58.88
4064,1384,2024-10-17,Snacks,39.5
4065,1384,2024-10-17,Games,27.28
4066,1384,2024-07-19,Food & Beverage,104.71
4067,1384,2024-07-19,Food & Beverage,67.58
4068,1386,2024-10-22,Merchandise,124.21
4069,1386,2024-10-22,Merchandise,103.19
4070,1386,2024-10-22,Snacks,19.1
4071,1386,2024-10-22,Merchandise,48.93
4072,1387,2024-07-28,Food & Beverage,115.15
4073,1387,2024-07-28,Food & Beverage,54.04
4074,1387,2024-07-28,Merchandise,58.86
4075,1387,2024-07-28,Food & Beverage,69.75
4076,1388,2024-09-09,Food & Beverage,157.38
4077,1388,2024-09-09,Merchandise,112.29
4078,1389,2024-11-29,Snacks,41.71
4079,1389,2024-11-29,Food & Beverage,71.84
4080,1389,2024-11-29,Food & Beverage,81.77
4081,1389,2024-09-09,Games,22.1
4082,1389,2024-09-09,Food & Beverage,130.92
4083,1389,2024-09-09,Merchandise,137.71
4084,1389,2024-09-09,Photography,91.72
4085,1390,2024-11-25,Food & Beverage,124.79
4086,1390,2024-11-25,Merchandise,30.94
4087,1390,2024-11-25,Food & Beverage,63.68
4088,1391,2024-06-23,Photography,125.15
4089,1391,2024-10-23,Snacks,22.84
4090,1391,2024-10-23,Food & Beverage,90.16
4091,1391,2024-07-07,Snacks,37.96
4092,1391,2024-07-07,Snacks,20.12
4093,1392,2024-08-27,Food & Beverage,130.44
4094,1392,2024-08-27,Food & Beverage,176.93
4095,1392,2024-08-27,Food & Beverage,143.02
4096,1392,2024-08-27,Games,20.65
4097,1393,2024-09-15,Snacks,52.97
4098,1393,2024-09-15,Food & Beverage,131.02
4099,1394,2024-12-20,Snacks,39.54
4100,1394,2024-02-10,Merchandise,98.15
4101,1394,2024-02-10,Food & Beverage,158.86
4102,1394,2024-02-10,Food & Beverage,99.46
4103,1395,2024-10-13,Food & Beverage,128.04
4104,1396,2024-02-10,Food & Beverage,59.89
4105,1396,2024-02-10,Food & Beverage,138.82
4106,1396,2024-11-02,Food & Beverage,96.92
4107,1396,2024-11-02,Merchandise,35.15
4108,1396,2024-11-02,Food & Beverage,78.63
4109,1396,2024-11-02,Food & Beverage,110.75
4110,1397,2024-04-20,Food & Beverage,174.09
4111,1397,2024-04-20,Merchandise,50.1
4112,1397,2024-04-20,Food & Beverage,138.35
4113,1397,2024-05-04,Games,50.33
4114,1398,2024-12-24,Photography,136.19
4115,1398,2024-12-24,Snacks,39.17
4116,1398,2024-12-24,Merchandise,144.37
4117,1398,2024-12-24,Food & Beverage,91.58
4118,1399,2024-07-25,Snacks,48.93
4119,1399,2024-07-25,Games,34.03
4120,1399,2024-07-25,Food & Beverage,72.25
4121,1399,2024-07-25,Merchandise,65.86
4122,1399,2024-11-05,Food & Beverage,161.43
4123,1399,2024-11-05,Food & Beverage,137.58
4124,1399,2024-11-05,Food & Beverage,75.66
4125,1400,2024-12-27,Snacks,17.73
4126,1400,2024-12-27,Food & Beverage,108.16
4127,1400,2024-12-27,Snacks,15.12
4128,1400,2024-09-12,Food & Beverage,87.86
4129,1400,2024-09-12,Snacks,35.1
4130,1400,2024-09-12,Food & Beverage,114.55
4131,1401,2024-10-22,Merchandise,35.94
4132,1401,2024-10-22,Food & Beverage,135.16
4133,1401,2024-10-22,Food & Beverage,53.08
4134,1401,2024-10-22,Games,36.36
4135,1402,2024-07-21,Food & Beverage,116.29
4136,1402,2024-08-11,Food & Beverage,167.36
4137,1402,2024-05-01,Merchandise,147.83
4138,1402,2024-05-01,Food & Beverage,144.26
4139,1402,2024-05-01,Games,53.88
4140,1402,2024-05-01,Food & Beverage,139.65
4141,1404,2024-03-01,Food & Beverage,147.68
4142,1404,2024-03-01,Food & Beverage,75.13
4143,1404,2024-03-01,Food & Beverage,166.4
4144,1405,2024-01-22,Snacks,41.84
4145,1406,2024-04-04,Food & Beverage,102.16
4146,1406,2024-04-04,Food & Beverage,137.67
4147,1406,2024-04-27,Snacks,36.36
4148,1406,2024-04-27,Food & Beverage,61.53
4149,1406,2024-04-27,Food & Beverage,101.07
4150,1406,2024-04-03,Games,74.74
4151,1406,2024-04-03,Games,77.13
4152,1406,2024-04-03,Merchandise,40.75
4153,1406,2024-04-03,Snacks,50.34
4154,1407,2024-07-04,Games,59.61
4155,1408,2024-04-26,Games,24.81
4156,1408,2024-04-26,Food & Beverage,177.75
4157,1408,2024-04-26,Games,54.65
4158,1409,2024-10-02,Snacks,30.09
4159,1409,2024-10-02,Games,67.74
4160,1409,2024-10-02,Games,46.34
4161,1410,2024-04-28,Food & Beverage,123.38
4162,1410,2024-04-28,Merchandise,41.57
4163,1410,2024-04-28,Food & Beverage,69.93
4164,1411,2024-06-27,Food & Beverage,59.76
4165,1411,2024-06-27,Snacks,54.15
4166,1411,2024-06-27,Games,67.91
4167,1411,2024-06-27,Food & Beverage,69.83
4168,1412,2024-05-04,Food & Beverage,178.07
4169,1412,2024-07-07,Games,59.43
4170,1412,2024-07-07,Food & Beverage,74.65
4171,1412,2024-08-07,Merchandise,107.32
4172,1412,2024-08-07,Food & Beverage,84.81
4173,1412,2024-08-07,Games,48.46
4174,1413,2024-12-03,Food & Beverage,109.62
4175,1413,2024-12-03,Food & Beverage,129.0
4176,1413,2024-12-03,Photography,105.8
4177,1413,2024-12-03,Merchandise,114.07
4178,1413,2024-04-10,Merchandise,60.59
4179,1413,2024-04-10,Snacks,42.56
4180,1413,2024-07-26,Merchandise,53.45
4181,1413,2024-07-26,Merchandise,93.42
4182,1413,2024-07-26,Snacks,27.88
4183,1413,2024-07-26,Food & Beverage,67.59
4184,1414,2024-06-28,Food & Beverage,148.64
4185,1414,2024-06-28,Snacks,30.61
4186,1415,2024-03-23,Games,53.17
4187,1416,2024-12-02,Food & Beverage,176.26
4188,1416,2024-12-02,Games,40.01
4189,1416,2024-12-02,Photography,107.09
4190,1416,2024-12-02,Food & Beverage,90.53
4191,1417,2024-06-24,Merchandise,36.78
4192,1417,2024-06-24,Food & Beverage,105.14
4193,1417,2024-06-24,Food & Beverage,151.34
4194,1417,2024-06-24,Food & Beverage,139.85
4195,1418,2024-02-06,Food & Beverage,75.51
4196,1418,2024-02-06,Snacks,59.32
4197,1418,2024-02-06,Food & Beverage,163.58
4198,1419,2024-07-28,Snacks,38.77
4199,1419,2024-07-28,Games,73.21
4200,1420,2024-02-18,Food & Beverage,85.87
4201,1420,2024-02-18,Food & Beverage,153.9
4202,1420,2024-02-18,Food & Beverage,168.01
4203,1420,2024-02-18,Merchandise,66.78
4204,1420,2024-09-25,Photography,90.09
4205,1420,2024-09-25,Food & Beverage,94.14
4206,1420,2024-09-25,Snacks,26.92
4207,1421,2024-01-18,Food & Beverage,155.68
4208,1421,2024-01-18,Merchandise,93.78
4209,1421,2024-01-18,Food & Beverage,161.32
4210,1422,2024-09-27,Snacks,18.36
4211,1423,2024-09-10,Photography,128.94
4212,1425,2024-07-17,Snacks,44.73
4213,1425,2024-07-17,Food & Beverage,126.26
4214,1428,2024-08-03,Merchandise,68.79
4215,1428,2024-08-03,Merchandise,104.61
4216,1428,2024-08-03,Games,49.75
4217,1428,2024-08-03,Snacks,40.65
4218,1428,2024-12-19,Snacks,17.75
4219,1428,2024-12-19,Food & Beverage,65.5
4220,1428,2024-08-15,Snacks,24.91
4221,1429,2024-05-14,Snacks,55.4
4222,1429,2024-05-14,Food & Beverage,174.52
4223,1431,2024-10-23,Food & Beverage,75.55
4224,1431,2024-10-23,Food & Beverage,144.15
4225,1431,2024-10-23,Food & Beverage,82.63
4226,1433,2024-06-28,Games,60.83
4227,1433,2024-06-28,Photography,192.77
4228,1433,2024-06-28,Food & Beverage,146.82
4229,1433,2024-06-28,Photography,156.28
4230,1435,2024-03-02,Games,64.18
4231,1436,2024-02-20,Merchandise,75.31
4232,1437,2024-11-09,Merchandise,139.58
4233,1437,2024-11-09,Merchandise,135.71
4234,1438,2024-04-20,Games,49.47
4235,1439,2024-10-19,Food & Beverage,105.22
4236,1439,2024-10-19,Snacks,26.98
4237,1439,2024-10-19,Food & Beverage,125.57
4238,1439,2024-10-19,Food & Beverage,167.05
4239,1439,2024-05-22,Merchandise,52.92
4240,1439,2024-05-22,Games,20.1
4241,1440,2024-07-28,Food & Beverage,177.77
4242,1441,2024-04-14,Snacks,58.3
4243,1441,2024-04-14,Games,33.61
4244,1441,2024-04-14,Food & Beverage,170.32
4245,1441,2024-04-14,Food & Beverage,100.84
4246,1442,2024-01-17,Food & Beverage,54.77
4247,1442,2024-01-17,Games,43.7
4248,1442,2024-01-17,Food & Beverage,128.59
4249,1442,2024-06-14,Games,35.68
4250,1442,2024-06-14,Food & Beverage,58.02
4251,1442,2024-06-14,Food & Beverage,61.02
4252,1442,2024-06-14,Snacks,21.14
4253,1442,2024-12-10,Food & Beverage,113.48
4254,1442,2024-12-10,Food & Beverage,159.71
4255,1442,2024-12-10,Snacks,18.05
4256,1442,2024-12-10,Photography,149.46
4257,1442,2024-09-21,Merchandise,115.04
4258,1442,2024-09-21,Games,47.42
4259,1442,2024-09-21,Food & Beverage,111.17
4260,1443,2024-01-26,Merchandise,103.06
4261,1443,2024-01-26,Food & Beverage,79.85
4262,1443,2024-01-26,Food & Beverage,114.86
4263,1443,2024-01-26,Games,59.6
4264,1444,2024-06-27,Food & Beverage,106.49
4265,1444,2024-06-27,Games,63.19
4266,1445,2024-04-14,Games,56.31
4267,1445,2024-04-14,Merchandise,94.26
4268,1445,2024-04-14,Food & Beverage,150.34
4269,1446,2024-11-22,Photography,120.92
4270,1446,2024-11-22,Games,66.05
4271,1446,2024-11-22,Merchandise,104.28
4272,1447,2024-06-19,Snacks,33.86
4273,1447,2024-05-04,Snacks,32.68
4274,1447,2024-05-04,Snacks,29.7
4275,1447,2024-05-04,Food & Beverage,72.28
4276,1447,2024-05-04,Food & Beverage,115.05
4277,1447,2024-02-23,Merchandise,75.56
4278,1447,2024-02-23,Snacks,27.86
4279,1448,2024-03-10,Snacks,20.88
4280,1448,2024-08-15,Food & Beverage,95.38
4281,1448,2024-08-15,Snacks,43.49
4282,1448,2024-08-15,Food & Beverage,98.56
4283,1449,2024-04-26,Merchandise,86.48
4284,1449,2024-04-26,Games,63.79
4285,1449,2024-04-26,Games,22.28
4286,1450,2024-09-15,Snacks,56.69
4287,1450,2024-09-15,Snacks,29.52
4288,1450,2024-09-15,Snacks,36.86
4289,1450,2024-09-15,Snacks,40.21
4290,1451,2024-07-02,Merchandise,119.99
4291,1451,2024-07-02,Food & Beverage,72.16
4292,1451,2024-07-02,Photography,192.59
4293,1451,2024-08-24,Games,67.59
4294,1451,2024-08-24,Snacks,17.31
4295,1451,2024-08-24,Merchandise,126.65
4296,1454,2024-11-07,Merchandise,97.51
4297,1454,2024-11-07,Snacks,59.64
4298,1454,2024-03-14,Food & Beverage,131.14
4299,1454,2024-03-14,Games,60.72
4300,1455,2024-06-16,Food & Beverage,156.59
4301,1456,2024-10-02,Food & Beverage,106.9
4302,1456,2024-10-02,Food & Beverage,84.09
4303,1456,2024-10-02,Food & Beverage,124.15
4304,1457,2024-11-26,Food & Beverage,103.93
4305,1457,2024-11-26,Merchandise,86.37
4306,1458,2024-06-24,Food & Beverage,179.11
4307,1458,2024-06-24,Merchandise,102.99
4308,1458,2024-06-24,Games,62.33
4309,1459,2024-11-03,Games,38.74
4310,1459,2024-11-03,Merchandise,119.74
4311,1459,2024-11-03,Food & Beverage,57.74
4312,1460,2024-08-22,Food & Beverage,81.99
4313,1461,2024-12-05,Food & Beverage,118.54
4314,1461,2024-12-05,Games,49.76
4315,1461,2024-12-05,Games,51.28
4316,1461,2024-12-05,Merchandise,138.23
4317,1463,2024-10-21,Merchandise,34.93
4318,1463,2024-10-21,Food & Beverage,174.08
4319,1464,2024-07-07,Snacks,51.24
4320,1465,2024-08-23,Food & Beverage,157.68
4321,1465,2024-08-23,Snacks,25.41
4322,1465,2024-04-28,Food & Beverage,61.29
4323,1465,2024-04-28,Merchandise,59.98
4324,1465,2024-04-28,Merchandise,133.8
4325,1465,2024-06-08,Merchandise,105.66
4326,1465,2024-06-08,Snacks,18.92
4327,1465,2024-07-27,Merchandise,112.1
4328,1466,2024-12-11,Snacks,36.85
4329,1466,2024-12-11,Photography,191.82
4330,1467,2024-12-28,Snacks,35.47
4331,1467,2024-12-28,Snacks,30.39
4332,1467,2024-12-28,Photography,125.3
4333,1467,2024-12-28,Food & Beverage,88.84
4334,1468,2024-01-30,Food & Beverage,166.94
4335,1468,2024-07-13,Snacks,46.31
4336,1468,2024-07-13,Food & Beverage,150.3
4337,1468,2024-07-13,Merchandise,42.95
4338,1469,2024-10-01,Merchandise,98.9
4339,1469,2024-10-01,Food & Beverage,80.56
4340,1469,2024-10-01,Food & Beverage,130.37
4341,1469,2024-10-01,Snacks,23.65
4342,1470,2024-01-23,Food & Beverage,138.23
4343,1470,2024-06-20,Food & Beverage,152.11
4344,1470,2024-06-20,Games,28.6
4345,1470,2024-06-20,Food & Beverage,106.18
4346,1471,2024-12-13,Games,63.04
4347,1471,2024-12-13,Food & Beverage,179.88
4348,1471,2024-12-13,Merchandise,65.63
4349,1471,2024-12-13,Snacks,36.49
4350,1472,2024-01-04,Photography,147.5
4351,1472,2024-01-04,Food & Beverage,178.54
4352,1472,2024-01-04,Merchandise,84.38
4353,1472,2024-01-04,Snacks,55.12
4354,1472,2024-06-02,Food & Beverage,86.64
4355,1472,2024-01-11,Snacks,56.32
4356,1472,2024-01-11,Food & Beverage,136.67
4357,1472,2024-01-11,Food & Beverage,146.27
4358,1473,2024-01-30,Games,66.1
4359,1473,2024-01-30,Food & Beverage,121.01
4360,1474,2024-07-18,Games,73.42
4361,1474,2024-06-02,Snacks,31.12
4362,1474,2024-06-02,Food & Beverage,138.23
4363,1474,2024-06-02,Food & Beverage,125.71
4364,1474,2024-12-11,Food & Beverage,156.14
4365,1474,2024-12-11,Merchandise,65.18
4366,1474,2024-12-11,Food & Beverage,82.68
4367,1475,2024-10-19,Snacks,15.27
4368,1475,2024-10-19,Food & Beverage,175.91
4369,1476,2024-04-04,Photography,185.46
4370,1476,2024-04-04,Merchandise,75.08
4371,1476,2024-02-10,Food & Beverage,165.78
4372,1476,2024-02-10,Snacks,37.59
4373,1476,2024-02-10,Games,49.28
4374,1476,2024-07-13,Food & Beverage,139.03
4375,1476,2024-01-13,Merchandise,103.93
4376,1478,2024-07-06,Snacks,57.89
4377,1478,2024-07-06,Snacks,48.43
4378,1479,2024-12-23,Snacks,28.93
4379,1479,2024-12-29,Snacks,16.46
4380,1479,2024-12-29,Merchandise,58.96
4381,1479,2024-12-29,Merchandise,80.8
4382,1479,2024-12-29,Merchandise,42.7
4383,1479,2024-11-08,Food & Beverage,113.35
4384,1479,2024-11-08,Merchandise,126.23
4385,1479,2024-11-08,Merchandise,76.24
4386,1480,2024-01-17,Food & Beverage,73.07
4387,1480,2024-01-17,Food & Beverage,134.19
4388,1480,2024-01-17,Merchandise,115.4
4389,1480,2024-01-17,Merchandise,54.15
4390,1481,2024-06-10,Games,73.95
4391,1481,2024-06-10,Food & Beverage,61.74
4392,1481,2024-06-10,Food & Beverage,56.79
4393,1481,2024-06-10,Snacks,32.61
4394,1483,2024-02-24,Merchandise,43.18
4395,1483,2024-02-24,Food & Beverage,158.66
4396,1483,2024-02-24,Merchandise,39.71
4397,1484,2024-09-13,Photography,147.88
4398,1484,2024-09-13,Games,64.78
4399,1484,2024-09-13,Food & Beverage,102.95
4400,1485,2024-04-02,Food & Beverage,140.43
4401,1485,2024-04-02,Food & Beverage,167.85
4402,1485,2024-04-02,Food & Beverage,126.31
4403,1486,2024-07-27,Food & Beverage,83.9
4404,1486,2024-07-27,Food & Beverage,59.7
4405,1486,2024-12-17,Merchandise,38.09
4406,1486,2024-12-17,Food & Beverage,173.34
4407,1486,2024-12-17,Merchandise,81.56
4408,1486,2024-12-17,Games,70.74
4409,1487,2024-08-22,Games,53.21
4410,1487,2024-08-22,Games,54.26
4411,1487,2024-08-22,Snacks,43.24
4412,1487,2024-08-22,Photography,168.74
4413,1488,2024-04-23,Snacks,17.63
4414,1488,2024-04-23,Food & Beverage,131.51
4415,1488,2024-04-23,Food & Beverage,76.63
4416,1488,2024-04-23,Games,69.85
4417,1489,2024-06-18,Snacks,47.93
4418,1489,2024-06-18,Games,27.99
4419,1489,2024-06-18,Food & Beverage,65.67
4420,1489,2024-10-05,Games,63.11
4421,1489,2024-10-05,Food & Beverage,113.42
4422,1489,2024-10-05,Food & Beverage,64.03
4423,1489,2024-10-05,Merchandise,98.48
4424,1489,2024-11-08,Food & Beverage,179.51
4425,1489,2024-11-08,Merchandise,130.42
4426,1489,2024-11-08,Food & Beverage,94.97
4427,1489,2024-11-08,Snacks,15.2
4428,1490,2024-12-24,Games,40.9
4429,1490,2024-10-20,Games,42.42
4430,1490,2024-10-20,Merchandise,64.72
4431,1490,2024-10-20,Snacks,38.44
4432,1491,2024-02-18,Snacks,52.71
4433,1491,2024-02-18,Merchandise,56.05
4434,1491,2024-02-18,Merchandise,86.25
4435,1492,2024-12-17,Food & Beverage,118.09
4436,1492,2024-12-17,Merchandise,66.55
4437,1493,2024-12-17,Food & Beverage,153.19
4438,1493,2024-12-17,Food & Beverage,144.2
4439,1493,2024-12-17,Snacks,52.76
4440,1493,2024-12-17,Food & Beverage,122.38
4441,1494,2024-05-02,Food & Beverage,81.57
4442,1494,2024-05-02,Photography,80.4
4443,1497,2024-04-10,Games,79.1
4444,1497,2024-04-10,Photography,159.36
4445,1497,2024-04-10,Games,31.99
4446,1498,2024-10-06,Merchandise,41.27
4447,1499,2024-03-22,Games,67.71
4448,1499,2024-03-29,Merchandise,80.87
4449,1499,2024-03-29,Food & Beverage,101.0
4450,1499,2024-03-05,Games,50.43
4451,1499,2024-03-05,Merchandise,49.0
4452,1499,2024-03-05,Photography,119.16
4453,1500,2024-03-06,Food & Beverage,76.14
4454,1500,2024-03-06,Merchandise,103.33
4455,1500,2024-03-06,Merchandise,110.14
4456,1500,2024-01-27,Snacks,37.08
4457,1500,2024-07-15,Merchandise,42.92
4458,1500,2024-07-15,Food & Beverage,142.36
4459,1500,2024-03-03,Snacks,35.17
4460,1500,2024-03-03,Merchandise,79.75
4461,1502,2024-12-20,Food & Beverage,154.81
4462,1502,2024-12-20,Snacks,26.23
4463,1502,2024-12-20,Food & Beverage,115.17
4464,1503,2024-10-29,Snacks,20.66
4465,1503,2024-10-29,Snacks,32.91
4466,1503,2024-10-29,Food & Beverage,160.4
4467,1503,2024-10-29,Merchandise,125.46
4468,1504,2024-02-29,Food & Beverage,144.02
4469,1504,2024-02-29,Photography,108.56
4470,1504,2024-02-29,Games,30.15
4471,1504,2024-01-15,Food & Beverage,85.95
4472,1505,2024-06-25,Games,54.46
4473,1505,2024-06-25,Food & Beverage,144.36
4474,1505,2024-06-25,Games,41.12
4475,1505,2024-06-25,Games,40.78
4476,1506,2024-08-29,Photography,164.38
4477,1506,2024-08-29,Snacks,32.4
4478,1507,2024-12-24,Merchandise,97.63
4479,1507,2024-12-24,Snacks,55.02
4480,1507,2024-12-24,Photography,147.53
4481,1507,2024-06-13,Games,37.79
4482,1507,2024-06-13,Merchandise,119.36
4483,1507,2024-06-13,Food & Beverage,161.59
4484,1508,2024-03-27,Snacks,18.46
4485,1508,2024-03-27,Snacks,56.34
4486,1508,2024-03-27,Games,46.22
4487,1508,2024-03-27,Merchandise,31.97
4488,1508,2024-09-29,Merchandise,99.91
4489,1509,2024-09-04,Games,63.22
4490,1509,2024-09-04,Merchandise,91.87
4491,1509,2024-09-04,Food & Beverage,77.08
4492,1509,2024-09-07,Photography,170.82
4493,1509,2024-09-07,Snacks,32.26
4494,1509,2024-09-07,Food & Beverage,65.21
4495,1510,2024-12-26,Food & Beverage,99.77
4496,1510,2024-12-26,Games,39.63
4497,1510,2024-12-26,Food & Beverage,54.46
4498,1510,2024-12-26,Games,52.09
4499,1511,2024-12-03,Merchandise,33.49
4500,1513,2024-10-15,Games,52.95
4501,1513,2024-10-15,Photography,98.95
4502,1513,2024-06-18,Food & Beverage,111.98
4503,1513,2024-06-18,Photography,133.15
4504,1513,2024-06-18,Photography,103.92
4505,1513,2024-06-18,Games,37.71
4506,1514,2024-12-06,Photography,125.04
4507,1514,2024-12-06,Games,20.06
4508,1514,2024-05-01,Food & Beverage,135.72
4509,1515,2024-02-12,Snacks,53.09
4510,1515,2024-02-12,Games,49.35
4511,1515,2024-02-12,Food & Beverage,83.88
4512,1517,2024-04-17,Food & Beverage,82.66
4513,1517,2024-04-17,Games,55.42
4514,1518,2024-03-09,Food & Beverage,105.34
4515,1518,2024-03-09,Games,51.96
4516,1518,2024-03-09,Merchandise,58.93
4517,1518,2024-04-19,Games,50.16
4518,1518,2024-04-19,Games,23.49
4519,1518,2024-04-19,Food & Beverage,77.6
4520,1519,2024-05-13,Games,72.93
4521,1519,2024-05-13,Food & Beverage,85.38
4522,1519,2024-09-16,Merchandise,97.63
4523,1519,2024-09-24,Food & Beverage,61.78
4524,1519,2024-09-24,Food & Beverage,65.88
4525,1519,2024-09-24,Food & Beverage,152.37
4526,1520,2024-08-12,Food & Beverage,125.39
4527,1521,2024-07-20,Games,51.14
4528,1523,2024-09-26,Snacks,46.91
4529,1523,2024-09-26,Merchandise,117.42
4530,1523,2024-09-26,Food & Beverage,159.79
4531,1523,2024-09-26,Snacks,25.44
4532,1523,2024-04-18,Games,36.58
4533,1523,2024-06-10,Photography,125.36
4534,1523,2024-06-10,Food & Beverage,78.47
4535,1523,2024-06-10,Food & Beverage,174.68
4536,1523,2024-01-27,Photography,144.99
4537,1523,2024-01-27,Food & Beverage,153.08
4538,1524,2024-02-14,Food & Beverage,175.64
4539,1524,2024-12-17,Food & Beverage,95.94
4540,1525,2024-07-29,Games,29.96
4541,1525,2024-08-26,Snacks,29.11
4542,1526,2024-11-23,Merchandise,57.39
4543,1528,2024-12-02,Merchandise,148.47
4544,1528,2024-12-02,Food & Beverage,105.93
4545,1528,2024-12-02,Photography,126.47
4546,1528,2024-12-02,Food & Beverage,144.63
4547,1529,2024-06-26,Snacks,52.69
4548,1529,2024-06-26,Snacks,50.15
4549,1529,2024-06-26,Snacks,15.75
4550,1530,2024-09-08,Games,52.03
4551,1530,2024-09-08,Food & Beverage,136.99
4552,1530,2024-09-08,Merchandise,32.56
4553,1530,2024-09-08,Food & Beverage,75.55
4554,1530,2024-07-24,Merchandise,134.71
4555,1530,2024-07-24,Snacks,46.75
4556,1531,2024-05-31,Food & Beverage,71.69
4557,1531,2024-05-31,Food & Beverage,65.91
4558,1531,2024-05-31,Photography,147.11
4559,1531,2024-05-31,Games,27.03
4560,1531,2024-04-13,Food & Beverage,111.09
4561,1532,2024-12-19,Games,46.94
4562,1532,2024-12-19,Snacks,37.2
4563,1532,2024-12-19,Games,79.25
4564,1532,2024-06-13,Snacks,54.36
4565,1532,2024-06-13,Food & Beverage,70.29
4566,1533,2024-05-27,Food & Beverage,96.48
4567,1533,2024-05-27,Merchandise,138.98
4568,1533,2024-05-27,Food & Beverage,158.67
4569,1533,2024-05-27,Food & Beverage,51.68
4570,1533,2024-12-06,Food & Beverage,163.35
4571,1533,2024-12-06,Food & Beverage,148.75
4572,1533,2024-12-06,Games,75.73
4573,1533,2024-12-06,Food & Beverage,94.41
4574,1535,2024-12-20,Food & Beverage,159.4
4575,1535,2024-12-20,Games,35.53
4576,1535,2024-12-20,Food & Beverage,140.27
4577,1535,2024-12-20,Food & Beverage,79.75
4578,1535,2024-12-08,Food & Beverage,143.49
4579,1535,2024-12-08,Photography,115.66
4580,1536,2024-03-04,Food & Beverage,104.5
4581,1536,2024-03-04,Snacks,42.16
4582,1536,2024-03-04,Photography,164.86
4583,1537,2024-09-12,Snacks,19.64
4584,1538,2024-04-22,Games,34.98
4585,1538,2024-04-22,Food & Beverage,162.4
4586,1538,2024-04-22,Food & Beverage,109.79
4587,1538,2024-04-22,Food & Beverage,104.66
4588,1540,2024-01-13,Merchandise,120.11
4589,1541,2024-05-09,Games,32.57
4590,1541,2024-05-09,Food & Beverage,125.78
4591,1541,2024-08-09,Merchandise,51.3
4592,1541,2024-08-09,Games,50.55
4593,1541,2024-08-09,Games,34.92
4594,1541,2024-07-02,Food & Beverage,139.46
4595,1541,2024-07-02,Snacks,49.98
4596,1541,2024-07-02,Games,34.65
4597,1542,2024-01-23,Food & Beverage,150.01
4598,1542,2024-01-23,Games,40.34
4599,1542,2024-01-23,Food & Beverage,164.48
4600,1543,2024-02-08,Snacks,57.24
4601,1543,2024-02-08,Merchandise,78.29
4602,1543,2024-02-08,Games,20.45
4603,1543,2024-02-08,Merchandise,126.49
4604,1546,2024-12-07,Games,42.65
4605,1546,2024-12-07,Merchandise,119.69
4606,1547,2024-12-26,Merchandise,112.56
4607,1547,2024-12-26,Snacks,32.0
4608,1550,2024-09-07,Merchandise,51.58
4609,1550,2024-09-07,Snacks,24.7
4610,1550,2024-09-07,Games,32.55
4611,1550,2024-09-07,Games,59.09
4612,1550,2024-06-03,Snacks,46.28
4613,1550,2024-06-03,Games,25.76
4614,1550,2024-06-03,Photography,102.71
4615,1550,2024-06-03,Food & Beverage,129.39
4616,1551,2024-09-28,Food & Beverage,153.24
4617,1551,2024-09-28,Photography,191.98
4618,1551,2024-09-28,Merchandise,46.74
4619,1552,2024-06-22,Food & Beverage,81.28
4620,1552,2024-06-22,Games,72.05
4621,1552,2024-06-22,Food & Beverage,115.23
4622,1552,2024-06-22,Food & Beverage,97.85
4623,1553,2024-11-15,Food & Beverage,166.68
4624,1553,2024-11-15,Snacks,56.24
4625,1554,2024-01-10,Food & Beverage,80.19
4626,1555,2024-10-12,Food & Beverage,168.93
4627,1555,2024-09-23,Games,39.58
4628,1555,2024-09-23,Food & Beverage,129.61
4629,1555,2024-09-23,Food & Beverage,108.08
4630,1555,2024-09-23,Snacks,39.6
4631,1555,2024-01-15,Food & Beverage,157.68
4632,1555,2024-01-15,Games,62.83
4633,1555,2024-01-15,Merchandise,41.09
4634,1555,2024-01-15,Food & Beverage,146.09
4635,1556,2024-03-09,Food & Beverage,120.19
4636,1556,2024-03-09,Snacks,29.12
4637,1556,2024-03-09,Food & Beverage,131.26
4638,1556,2024-03-09,Food & Beverage,100.26
4639,1557,2024-02-13,Food & Beverage,124.96
4640,1557,2024-02-13,Snacks,39.5
4641,1558,2024-08-14,Food & Beverage,171.28
4642,1558,2024-08-14,Merchandise,77.15
4643,1558,2024-08-14,Food & Beverage,76.31
4644,1559,2024-05-13,Food & Beverage,63.41
4645,1559,2024-05-13,Food & Beverage,101.24
4646,1559,2024-05-13,Snacks,38.14
4647,1559,2024-04-25,Merchandise,78.63
4648,1559,2024-04-25,Merchandise,91.87
4649,1561,2024-04-18,Games,57.9
4650,1561,2024-04-18,Games,79.92
4651,1561,2024-04-18,Food & Beverage,134.76
4652,1562,2024-03-27,Food & Beverage,62.35
4653,1563,2024-11-23,Food & Beverage,80.53
4654,1564,2024-12-22,Photography,196.53
4655,1564,2024-12-22,Games,41.77
4656,1565,2024-10-18,Food & Beverage,50.35
4657,1566,2024-10-16,Merchandise,141.17
4658,1566,2024-10-16,Photography,98.27
4659,1566,2024-10-16,Snacks,30.84
4660,1566,2024-10-16,Snacks,19.68
4661,1567,2024-01-01,Games,24.79
4662,1567,2024-01-01,Food & Beverage,177.72
4663,1567,2024-01-01,Games,22.63
4664,1568,2024-12-06,Food & Beverage,100.63
4665,1569,2024-06-05,Games,58.23
4666,1569,2024-06-05,Games,56.75
4667,1569,2024-06-05,Food & Beverage,116.44
4668,1569,2024-06-05,Merchandise,42.71
4669,1569,2024-07-04,Snacks,27.49
4670,1569,2024-07-04,Photography,129.97
4671,1570,2024-04-05,Food & Beverage,111.18
4672,1570,2024-04-05,Snacks,53.18
4673,1570,2024-04-05,Food & Beverage,59.9
4674,1571,2024-10-16,Snacks,27.32
4675,1571,2024-10-16,Snacks,49.84
4676,1572,2024-06-09,Food & Beverage,83.05
4677,1572,2024-06-09,Snacks,35.74
4678,1572,2024-06-09,Snacks,43.9
4679,1572,2024-12-25,Snacks,42.74
4680,1572,2024-12-25,Food & Beverage,71.96
4681,1572,2024-12-25,Merchandise,33.06
4682,1572,2024-12-25,Food & Beverage,170.92
4683,1573,2024-04-15,Games,25.66
4684,1573,2024-04-15,Games,34.04
4685,1573,2024-04-15,Food & Beverage,75.9
4686,1573,2024-04-15,Food & Beverage,149.31
4687,1574,2024-07-22,Food & Beverage,145.62
4688,1574,2024-07-22,Food & Beverage,123.18
4689,1574,2024-07-22,Snacks,39.86
4690,1575,2024-10-18,Food & Beverage,156.69
4691,1575,2024-10-18,Food & Beverage,174.57
4692,1576,2024-11-06,Food & Beverage,126.25
4693,1576,2024-11-06,Photography,122.51
4694,1576,2024-12-11,Snacks,39.64
4695,1576,2024-12-11,Food & Beverage,156.0
4696,1576,2024-12-11,Games,45.81
4697,1576,2024-12-11,Food & Beverage,55.91
4698,1576,2024-11-29,Games,33.68
4699,1577,2024-09-12,Merchandise,102.02
4700,1577,2024-09-12,Food & Beverage,128.1
4701,1577,2024-09-12,Food & Beverage,82.12
4702,1578,2024-04-02,Games,56.02
4703,1578,2024-04-02,Snacks,50.47
4704,1579,2024-02-23,Games,36.9
4705,1579,2024-02-23,Food & Beverage,168.64
4706,1582,2024-08-27,Food & Beverage,77.36
4707,1582,2024-08-27,Games,35.96
4708,1582,2024-08-27,Snacks,40.3
4709,1582,2024-08-27,Food & Beverage,118.19
4710,1582,2024-04-27,Games,58.43
4711,1583,2024-11-10,Merchandise,129.54
4712,1583,2024-11-10,Games,22.81
4713,1583,2024-11-10,Food & Beverage,52.65
4714,1583,2024-11-10,Photography,170.47
4715,1584,2024-10-29,Merchandise,70.15
4716,1584,2024-10-29,Food & Beverage,90.94
4717,1584,2024-10-29,Games,74.68
4718,1584,2024-10-29,Games,30.22
4719,1585,2024-12-30,Games,37.34
4720,1586,2024-06-21,Games,61.51
4721,1586,2024-06-21,Games,49.07
4722,1587,2024-07-21,Food & Beverage,142.3
4723,1588,2024-07-04,Snacks,38.85
4724,1588,2024-07-04,Food & Beverage,171.35
4725,1588,2024-07-04,Snacks,36.55
4726,1590,2024-07-25,Food & Beverage,50.64
4727,1590,2024-07-25,Food & Beverage,101.19
4728,1590,2024-07-25,Merchandise,122.1
4729,1590,2024-07-25,Snacks,50.77
4730,1591,2024-07-25,Food & Beverage,63.73
4731,1591,2024-07-25,Food & Beverage,106.73
4732,1592,2024-12-07,Food & Beverage,161.49
4733,1592,2024-12-07,Snacks,45.53
4734,1593,2024-12-21,Food & Beverage,78.07
4735,1593,2024-12-21,Food & Beverage,97.45
4736,1593,2024-12-21,Games,28.2
4737,1594,2024-12-06,Games,46.47
4738,1594,2024-12-06,Food & Beverage,169.34
4739,1594,2024-12-06,Games,37.38
4740,1595,2024-10-27,Food & Beverage,146.27
4741,1595,2024-09-25,Games,24.17
4742,1595,2024-09-25,Food & Beverage,84.01
4743,1595,2024-09-25,Merchandise,38.05
4744,1595,2024-09-25,Food & Beverage,113.37
4745,1596,2024-04-21,Snacks,24.91
4746,1596,2024-04-21,Food & Beverage,131.14
4747,1598,2024-12-14,Food & Beverage,140.76
4748,1598,2024-12-14,Snacks,16.88
4749,1598,2024-12-14,Merchandise,147.8
4750,1599,2024-07-08,Snacks,28.06
4751,1599,2024-07-08,Snacks,19.18
4752,1599,2024-07-08,Food & Beverage,155.26
4753,1599,2024-07-08,Games,63.19
4754,1600,2024-12-03,Food & Beverage,113.63
4755,1600,2024-12-03,Merchandise,108.5
4756,1600,2024-12-03,Snacks,16.66
4757,1603,2024-07-21,Games,24.07
4758,1603,2024-07-21,Food & Beverage,156.97
4759,1603,2024-07-21,Food & Beverage,161.82
4760,1603,2024-07-21,Games,76.75
4761,1604,2024-12-26,Food & Beverage,170.83
4762,1604,2024-12-26,Merchandise,122.8
4763,1604,2024-12-26,Food & Beverage,94.61
4764,1604,2024-12-26,Food & Beverage,166.61
4765,1605,2024-07-27,Snacks,38.35
4766,1606,2024-02-15,Snacks,46.76
4767,1606,2024-02-15,Games,73.02
4768,1606,2024-02-15,Games,58.35
4769,1608,2024-12-28,Snacks,55.4
4770,1608,2024-12-28,Games,67.58
4771,1609,2024-09-22,Snacks,45.48
4772,1609,2024-09-22,Games,75.39
4773,1609,2024-09-22,Games,43.23
4774,1609,2024-09-22,Games,30.86
4775,1610,2024-03-15,Snacks,20.34
4776,1610,2024-03-15,Food & Beverage,161.67
4777,1610,2024-03-15,Games,53.36
4778,1611,2024-12-05,Photography,93.25
4779,1611,2024-12-05,Food & Beverage,92.6
4780,1611,2024-12-05,Games,29.59
4781,1611,2024-12-05,Snacks,39.9
4782,1612,2024-01-24,Food & Beverage,113.77
4783,1612,2024-07-28,Snacks,22.41
4784,1612,2024-07-28,Games,60.43
4785,1612,2024-07-28,Food & Beverage,164.29
4786,1613,2024-10-06,Food & Beverage,140.44
4787,1613,2024-10-06,Merchandise,97.23
4788,1613,2024-10-06,Food & Beverage,97.83
4789,1614,2024-02-28,Food & Beverage,153.32
4790,1614,2024-02-28,Food & Beverage,166.9
4791,1615,2024-09-06,Food & Beverage,102.46
4792,1615,2024-09-06,Games,49.58
4793,1615,2024-09-06,Food & Beverage,147.68
4794,1615,2024-08-05,Food & Beverage,89.71
4795,1616,2024-09-05,Food & Beverage,107.79
4796,1616,2024-09-05,Games,28.94
4797,1616,2024-09-05,Snacks,59.77
4798,1616,2024-09-17,Food & Beverage,150.82
4799,1616,2024-09-17,Games,79.51
4800,1616,2024-09-17,Games,55.06
4801,1616,2024-09-17,Games,29.68
4802,1616,2024-12-24,Merchandise,66.66
4803,1616,2024-12-24,Games,32.37
4804,1616,2024-12-24,Food & Beverage,179.34
4805,1617,2024-03-15,Snacks,31.87
4806,1617,2024-03-15,Snacks,43.89
4807,1618,2024-10-15,Snacks,33.35
4808,1618,2024-10-15,Snacks,29.48
4809,1619,2024-02-11,Games,70.15
4810,1619,2024-02-11,Snacks,46.6
4811,1619,2024-02-11,Photography,196.1
4812,1619,2024-05-16,Snacks,55.96
4813,1619,2024-05-16,Snacks,29.52
4814,1619,2024-05-16,Photography,169.38
4815,1619,2024-05-16,Food & Beverage,134.18
4816,1620,2024-06-22,Merchandise,89.47
4817,1620,2024-06-22,Food & Beverage,92.1
4818,1620,2024-06-22,Merchandise,30.24
4819,1620,2024-06-22,Merchandise,87.06
4820,1621,2024-09-06,Food & Beverage,170.21
4821,1621,2024-09-06,Food & Beverage,174.03
4822,1621,2024-09-06,Food & Beverage,88.16
4823,1622,2024-07-10,Games,43.81
4824,1623,2024-05-08,Food & Beverage,150.93
4825,1623,2024-05-08,Food & Beverage,64.36
4826,1623,2024-05-08,Food & Beverage,108.22
4827,1625,2024-09-19,Food & Beverage,105.9
4828,1625,2024-09-19,Merchandise,69.1
4829,1625,2024-09-19,Games,67.81
4830,1625,2024-09-19,Food & Beverage,179.95
4831,1626,2024-11-28,Merchandise,55.28
4832,1627,2024-08-10,Games,63.16
4833,1628,2024-11-14,Photography,100.15
4834,1628,2024-11-14,Snacks,16.56
4835,1628,2024-07-29,Food & Beverage,59.34
4836,1628,2024-07-29,Merchandise,148.96
4837,1628,2024-07-29,Games,39.11
4838,1629,2024-05-25,Food & Beverage,112.72
4839,1629,2024-05-25,Food & Beverage,57.04
4840,1629,2024-05-25,Food & Beverage,154.9
4841,1629,2024-05-25,Photography,141.48
4842,1631,2024-11-25,Games,21.29
4843,1631,2024-11-25,Merchandise,42.9
4844,1631,2024-12-20,Food & Beverage,155.71
4845,1631,2024-12-20,Food & Beverage,58.41
4846,1631,2024-12-20,Food & Beverage,141.2
4847,1632,2024-10-28,Snacks,21.96
4848,1633,2024-03-17,Food & Beverage,106.61
4849,1633,2024-03-17,Photography,114.38
4850,1633,2024-03-17,Food & Beverage,80.46
4851,1633,2024-03-17,Merchandise,63.33
4852,1634,2024-09-20,Merchandise,79.42
4853,1635,2024-12-28,Food & Beverage,141.17
4854,1635,2024-12-28,Photography,140.07
4855,1636,2024-11-21,Games,59.93
4856,1637,2024-11-07,Food & Beverage,175.71
4857,1638,2024-12-08,Games,31.21
4858,1638,2024-12-08,Food & Beverage,150.85
4859,1638,2024-12-08,Games,53.48
4860,1640,2024-09-17,Food & Beverage,93.19
4861,1640,2024-09-17,Food & Beverage,103.14
4862,1640,2024-09-17,Food & Beverage,53.92
4863,1640,2024-09-17,Food & Beverage,145.56
4864,1641,2024-08-10,Food & Beverage,175.32
4865,1641,2024-08-10,Food & Beverage,173.01
4866,1641,2024-08-10,Food & Beverage,101.8
4867,1641,2024-08-10,Games,67.87
4868,1642,2024-01-04,Snacks,30.47
4869,1642,2024-01-04,Merchandise,99.9
4870,1644,2024-09-19,Merchandise,141.93
4871,1644,2024-09-19,Food & Beverage,101.63
4872,1644,2024-09-19,Food & Beverage,101.89
4873,1644,2024-09-19,Food & Beverage,53.24
4874,1645,2024-07-23,Food & Beverage,94.96
4875,1645,2024-07-23,Food & Beverage,112.73
4876,1646,2024-05-27,Merchandise,73.59
4877,1646,2024-05-27,Snacks,24.03
4878,1646,2024-05-27,Snacks,26.27
4879,1646,2024-05-27,Food & Beverage,58.7
4880,1647,2024-03-15,Food & Beverage,162.88
4881,1647,2024-03-15,Snacks,30.04
4882,1648,2024-01-19,Merchandise,89.1
4883,1649,2024-04-19,Food & Beverage,84.95
4884,1650,2024-10-06,Food & Beverage,69.33
4885,1650,2024-10-06,Merchandise,139.91
4886,1650,2024-10-06,Snacks,26.17
4887,1650,2024-10-06,Snacks,20.74
4888,1651,2024-07-12,Snacks,49.82
4889,1651,2024-07-12,Food & Beverage,137.95
4890,1651,2024-07-12,Food & Beverage,178.64
4891,1652,2024-06-25,Food & Beverage,143.67
4892,1653,2024-12-15,Food & Beverage,159.21
4893,1653,2024-12-15,Merchandise,146.09
4894,1653,2024-12-15,Food & Beverage,108.17
4895,1654,2024-12-01,Snacks,55.24
4896,1655,2024-01-05,Snacks,42.07
4897,1655,2024-01-05,Food & Beverage,51.85
4898,1655,2024-01-05,Snacks,29.56
4899,1655,2024-01-05,Games,55.57
4900,1657,2024-04-14,Games,36.07
4901,1658,2024-05-05,Merchandise,33.02
4902,1658,2024-05-05,Photography,146.34
4903,1658,2024-05-05,Merchandise,113.39
4904,1660,2024-12-04,Food & Beverage,133.4
4905,1660,2024-12-04,Merchandise,108.87
4906,1662,2024-07-24,Merchandise,145.37
4907,1662,2024-11-20,Games,45.08
4908,1662,2024-11-20,Snacks,58.24
4909,1662,2024-11-20,Food & Beverage,168.64
4910,1662,2024-11-20,Snacks,55.76
4911,1666,2024-04-21,Food & Beverage,139.1
4912,1667,2024-02-06,Food & Beverage,70.63
4913,1667,2024-02-06,Games,68.52
4914,1668,2024-06-02,Games,61.41
4915,1668,2024-06-02,Food & Beverage,59.73
4916,1668,2024-06-02,Food & Beverage,50.58
4917,1669,2024-05-17,Food & Beverage,60.27
4918,1671,2024-10-22,Games,61.21
4919,1671,2024-10-22,Games,74.09
4920,1671,2024-10-22,Food & Beverage,104.54
4921,1672,2024-01-11,Food & Beverage,87.1
4922,1672,2024-04-03,Snacks,28.64
4923,1672,2024-04-03,Snacks,40.64
4924,1672,2024-04-03,Snacks,28.08
4925,1672,2024-12-09,Food & Beverage,118.69
4926,1672,2024-12-09,Food & Beverage,144.13
4927,1672,2024-12-09,Photography,185.3
4928,1673,2024-12-26,Snacks,53.12
4929,1673,2024-12-26,Food & Beverage,179.5
4930,1676,2024-09-09,Food & Beverage,62.22
4931,1676,2024-09-09,Food & Beverage,62.84
4932,1676,2024-09-09,Food & Beverage,162.63
4933,1676,2024-09-09,Food & Beverage,159.17
4934,1676,2024-05-10,Games,27.11
4935,1676,2024-05-10,Merchandise,112.54
4936,1676,2024-05-10,Snacks,24.0
4937,1677,2024-09-16,Games,42.14
4938,1678,2024-08-26,Snacks,45.39
4939,1678,2024-08-26,Games,51.82
4940,1678,2024-08-26,Games,75.67
4941,1679,2024-08-17,Food & Beverage,129.55
4942,1679,2024-08-17,Food & Beverage,129.72
4943,1679,2024-09-12,Snacks,57.83
4944,1679,2024-09-12,Games,29.79
4945,1679,2024-09-12,Food & Beverage,120.05
4946,1679,2024-09-12,Food & Beverage,72.62
4947,1679,2024-07-11,Food & Beverage,76.76
4948,1679,2024-07-11,Merchandise,114.45
4949,1679,2024-07-11,Photography,195.83
4950,1679,2024-07-19,Snacks,51.95
4951,1679,2024-07-19,Snacks,16.47
4952,1679,2024-07-19,Snacks,50.25
4953,1679,2024-07-19,Snacks,53.0
4954,1680,2024-10-13,Games,60.68
4955,1680,2024-10-13,Food & Beverage,66.89
4956,1680,2024-10-13,Food & Beverage,162.78
4957,1680,2024-10-13,Food & Beverage,147.36
4958,1681,2024-01-05,Food & Beverage,79.02
4959,1681,2024-01-05,Food & Beverage,77.76
4960,1681,2024-01-05,Food & Beverage,164.43
4961,1681,2024-09-22,Merchandise,33.68
4962,1681,2024-09-22,Food & Beverage,173.47
4963,1682,2024-10-01,Snacks,34.4
4964,1683,2024-10-19,Photography,182.81
4965,1683,2024-10-19,Merchandise,136.61
4966,1683,2024-10-19,Games,49.18
4967,1683,2024-10-19,Merchandise,86.48
4968,1684,2024-02-10,Snacks,47.06
4969,1684,2024-02-10,Food & Beverage,136.04
4970,1685,2024-07-04,Games,50.56
4971,1685,2024-07-28,Snacks,22.8
4972,1685,2024-07-28,Food & Beverage,61.04
4973,1685,2024-07-28,Games,48.13
4974,1685,2024-07-28,Games,57.25
4975,1685,2024-04-16,Food & Beverage,171.32
4976,1685,2024-04-16,Photography,97.1
4977,1686,2024-01-27,Photography,95.56
4978,1686,2024-01-27,Food & Beverage,96.81
4979,1688,2024-10-05,Games,35.14
4980,1688,2024-10-05,Games,40.34
4981,1689,2024-10-24,Merchandise,92.54
4982,1690,2024-04-29,Photography,113.84
4983,1691,2024-09-13,Food & Beverage,99.2
4984,1692,2024-10-11,Merchandise,94.11
4985,1692,2024-10-11,Games,50.33
4986,1692,2024-10-11,Food & Beverage,155.47
4987,1692,2024-10-11,Food & Beverage,147.25
4988,1693,2024-05-07,Food & Beverage,139.45
4989,1693,2024-05-07,Merchandise,100.54
4990,1693,2024-05-07,Games,42.11
4991,1693,2024-05-07,Games,55.64
4992,1694,2024-06-26,Food & Beverage,99.83
4993,1694,2024-06-26,Merchandise,116.67
4994,1694,2024-06-26,Food & Beverage,126.67
4995,1694,2024-06-26,Games,34.48
4996,1695,2024-04-15,Food & Beverage,176.54
4997,1696,2024-02-03,Food & Beverage,104.56
4998,1696,2024-02-03,Merchandise,107.45
4999,1696,2024-02-03,Games,37.39
5000,1696,2024-02-03,Merchandise,83.41
5001,1697,2024-05-23,Games,65.7
5002,1698,2024-04-17,Food & Beverage,103.85
5003,1698,2024-04-17,Snacks,54.29
5004,1698,2024-04-17,Snacks,29.65
5005,1698,2024-04-17,Merchandise,123.63
5006,1699,2024-06-22,Merchandise,37.76
5007,1699,2024-06-22,Merchandise,70.24
5008,1700,2024-07-09,Photography,119.86
5009,1700,2024-07-09,Merchandise,40.49
5010,1701,2024-10-16,Games,54.26
5011,1701,2024-10-16,Food & Beverage,137.71
5012,1702,2024-06-11,Snacks,30.89
5013,1702,2024-06-11,Snacks,40.32
5014,1702,2024-06-11,Merchandise,89.22
5015,1702,2024-06-11,Games,25.15
5016,1703,2024-12-23,Snacks,50.74
5017,1703,2024-12-23,Food & Beverage,121.52
5018,1704,2024-06-30,Snacks,19.38
5019,1705,2024-03-07,Merchandise,101.54
5020,1705,2024-03-07,Food & Beverage,91.57
5021,1705,2024-03-07,Food & Beverage,92.04
5022,1705,2024-03-07,Food & Beverage,82.94
5023,1706,2024-06-15,Games,43.85
5024,1706,2024-09-24,Merchandise,30.95
5025,1706,2024-05-07,Games,49.02
5026,1706,2024-05-07,Food & Beverage,70.36
5027,1706,2024-05-07,Food & Beverage,161.52
5028,1707,2024-04-23,Games,62.23
5029,1707,2024-04-23,Food & Beverage,88.66
5030,1707,2024-04-23,Games,71.21
5031,1707,2024-04-23,Photography,121.44
5032,1708,2024-06-29,Food & Beverage,93.15
5033,1708,2024-06-29,Food & Beverage,78.23
5034,1708,2024-06-29,Snacks,24.26
5035,1708,2024-06-29,Photography,119.31
5036,1709,2024-12-26,Merchandise,89.72
5037,1709,2024-12-26,Food & Beverage,167.42
5038,1709,2024-12-26,Snacks,20.85
5039,1709,2024-12-26,Snacks,49.61
5040,1710,2024-11-25,Food & Beverage,76.89
5041,1710,2024-11-25,Food & Beverage,88.94
5042,1710,2024-11-25,Merchandise,82.51
5043,1710,2024-11-25,Food & Beverage,50.13
5044,1711,2024-12-09,Snacks,16.34
5045,1711,2024-12-09,Snacks,18.84
5046,1712,2024-11-05,Games,35.85
5047,1713,2024-03-13,Merchandise,89.7
5048,1713,2024-03-13,Merchandise,86.95
5049,1713,2024-03-13,Snacks,55.41
5050,1713,2024-03-13,Merchandise,85.14
5051,1715,2024-12-04,Food & Beverage,105.02
5052,1715,2024-12-04,Merchandise,59.4
5053,1716,2024-02-05,Food & Beverage,75.64
5054,1716,2024-02-05,Photography,181.71
5055,1716,2024-08-08,Snacks,29.67
5056,1716,2024-08-08,Games,64.16
5057,1717,2024-01-18,Food & Beverage,51.37
5058,1717,2024-01-18,Photography,171.11
5059,1717,2024-04-15,Food & Beverage,139.51
5060,1717,2024-04-15,Merchandise,65.7
5061,1717,2024-04-15,Games,43.16
5062,1717,2024-04-15,Photography,129.82
5063,1718,2024-06-12,Food & Beverage,99.25
5064,1718,2024-11-27,Merchandise,110.42
5065,1718,2024-11-27,Food & Beverage,150.22
5066,1718,2024-09-08,Food & Beverage,140.74
5067,1718,2024-09-08,Food & Beverage,125.41
5068,1718,2024-09-08,Snacks,41.24
5069,1718,2024-09-08,Food & Beverage,128.67
5070,1718,2024-01-13,Food & Beverage,52.15
5071,1718,2024-01-13,Merchandise,54.1
5072,1718,2024-01-13,Food & Beverage,170.33
5073,1718,2024-01-13,Snacks,17.42
5074,1719,2024-07-08,Food & Beverage,107.89
5075,1719,2024-07-08,Games,64.46
5076,1719,2024-07-08,Photography,165.48
5077,1719,2024-07-08,Merchandise,134.53
5078,1720,2024-10-05,Food & Beverage,135.02
5079,1721,2024-04-25,Merchandise,149.23
5080,1721,2024-04-25,Merchandise,102.52
5081,1721,2024-04-25,Food & Beverage,70.81
5082,1721,2024-04-25,Snacks,54.91
5083,1723,2024-09-17,Games,48.13
5084,1723,2024-09-17,Food & Beverage,96.87
5085,1723,2024-09-17,Games,55.09
5086,1723,2024-09-17,Snacks,36.34
5087,1724,2024-03-06,Merchandise,102.16
5088,1724,2024-03-06,Food & Beverage,88.02
5089,1724,2024-03-06,Games,78.44
5090,1724,2024-03-06,Photography,81.14
5091,1725,2024-06-06,Food & Beverage,140.4
5092,1725,2024-06-06,Food & Beverage,177.48
5093,1726,2024-12-08,Games,35.71
5094,1726,2024-12-08,Food & Beverage,58.36
5095,1726,2024-04-21,Food & Beverage,114.96
5096,1726,2024-04-21,Food & Beverage,67.6
5097,1726,2024-04-21,Merchandise,38.09
5098,1727,2024-12-24,Food & Beverage,126.76
5099,1727,2024-12-24,Snacks,48.88
5100,1727,2024-12-24,Games,59.99
5101,1728,2024-09-11,Food & Beverage,140.05
5102,1728,2024-09-11,Food & Beverage,66.85
5103,1729,2024-07-29,Merchandise,134.36
5104,1729,2024-07-29,Snacks,23.77
5105,1729,2024-07-29,Snacks,21.81
5106,1729,2024-07-29,Food & Beverage,151.17
5107,1730,2024-03-14,Snacks,31.06
5108,1730,2024-03-14,Food & Beverage,161.0
5109,1731,2024-02-19,Food & Beverage,144.41
5110,1731,2024-02-19,Food & Beverage,154.37
5111,1731,2024-02-19,Games,44.6
5112,1731,2024-02-19,Games,29.4
5113,1732,2024-04-17,Snacks,37.45
5114,1732,2024-04-17,Games,60.55
5115,1732,2024-04-17,Food & Beverage,109.13
5116,1732,2024-11-16,Food & Beverage,51.28
5117,1732,2024-11-16,Photography,199.85
5118,1734,2024-07-11,Games,22.95
5119,1735,2024-11-18,Games,38.63
5120,1735,2024-11-18,Photography,122.07
5121,1735,2024-11-18,Food & Beverage,138.09
5122,1736,2024-05-29,Food & Beverage,51.37
5123,1736,2024-10-26,Games,49.51
5124,1736,2024-10-26,Photography,110.44
5125,1736,2024-10-26,Games,55.3
5126,1736,2024-10-26,Games,68.68
5127,1736,2024-10-10,Food & Beverage,157.91
5128,1736,2024-10-10,Snacks,28.31
5129,1736,2024-10-10,Snacks,25.9
5130,1736,2024-10-10,Food & Beverage,89.05
5131,1737,2024-12-18,Merchandise,79.01
5132,1737,2024-12-18,Food & Beverage,173.85
5133,1737,2024-12-18,Games,71.64
5134,1738,2024-04-07,Snacks,22.66
5135,1738,2024-04-07,Food & Beverage,170.23
5136,1738,2024-04-07,Food & Beverage,73.57
5137,1738,2024-04-07,Games,32.4
5138,1739,2024-06-11,Photography,86.03
5139,1739,2024-06-11,Photography,93.84
5140,1739,2024-06-11,Food & Beverage,91.53
5141,1740,2024-01-21,Games,65.09
5142,1740,2024-01-21,Food & Beverage,112.17
5143,1740,2024-01-21,Snacks,40.37
5144,1741,2024-07-19,Food & Beverage,173.43
5145,1742,2024-10-03,Photography,129.16
5146,1742,2024-10-03,Food & Beverage,119.24
5147,1743,2024-12-28,Games,56.39
5148,1743,2024-12-28,Food & Beverage,147.68
5149,1743,2024-12-28,Games,63.24
5150,1743,2024-03-17,Food & Beverage,107.36
5151,1743,2024-03-17,Games,41.0
5152,1743,2024-03-17,Games,37.97
5153,1744,2024-07-28,Snacks,54.24
5154,1744,2024-07-28,Games,34.68
5155,1744,2024-07-28,Snacks,42.54
5156,1745,2024-07-26,Food & Beverage,153.04
5157,1745,2024-07-26,Merchandise,76.84
5158,1745,2024-07-26,Snacks,25.94
5159,1746,2024-07-18,Food & Beverage,82.63
5160,1746,2024-07-18,Games,36.66
5161,1746,2024-11-21,Food & Beverage,78.89
5162,1746,2024-11-21,Food & Beverage,109.16
5163,1746,2024-02-28,Snacks,56.29
5164,1747,2024-12-11,Food & Beverage,114.06
5165,1747,2024-12-11,Snacks,39.2
5166,1747,2024-12-11,Photography,95.22
5167,1747,2024-12-11,Food & Beverage,127.3
5168,1748,2024-04-18,Snacks,29.57
5169,1749,2024-12-09,Food & Beverage,64.73
5170,1749,2024-12-09,Food & Beverage,91.87
5171,1749,2024-12-09,Food & Beverage,54.21
5172,1749,2024-04-26,Games,36.63
5173,1750,2024-07-23,Snacks,48.27
5174,1750,2024-07-23,Games,78.84
5175,1751,2024-10-27,Food & Beverage,164.83
5176,1751,2024-10-27,Food & Beverage,177.27
5177,1752,2024-07-06,Food & Beverage,164.05
5178,1752,2024-07-06,Food & Beverage,142.78
5179,1752,2024-01-14,Food & Beverage,167.89
5180,1752,2024-01-14,Games,52.5
5181,1752,2024-01-14,Games,79.85
5182,1752,2024-01-14,Food & Beverage,74.17
5183,1752,2024-04-12,Snacks,38.64
5184,1752,2024-04-12,Games,65.83
5185,1752,2024-04-12,Food & Beverage,111.19
5186,1752,2024-04-12,Merchandise,96.24
5187,1756,2024-01-25,Food & Beverage,126.44
5188,1756,2024-01-25,Games,33.17
5189,1756,2024-01-25,Merchandise,91.86
5190,1756,2024-01-25,Food & Beverage,106.85
5191,1756,2024-04-12,Games,59.44
5192,1758,2024-04-08,Snacks,58.92
5193,1758,2024-04-08,Snacks,48.93
5194,1758,2024-04-08,Merchandise,65.08
5195,1759,2024-04-29,Merchandise,102.07
5196,1759,2024-04-29,Food & Beverage,129.27
5197,1759,2024-04-29,Photography,198.75
5198,1759,2024-04-29,Snacks,16.22
5199,1759,2024-09-08,Merchandise,115.28
5200,1759,2024-09-08,Merchandise,47.71
5201,1759,2024-09-08,Food & Beverage,108.32
5202,1759,2024-09-08,Food & Beverage,87.65
5203,1760,2024-11-01,Merchandise,110.49
5204,1760,2024-11-01,Merchandise,81.04
5205,1760,2024-11-01,Food & Beverage,109.65
5206,1760,2024-10-27,Food & Beverage,154.2
5207,1760,2024-10-27,Food & Beverage,61.77
5208,1760,2024-10-27,Snacks,50.39
5209,1760,2024-10-27,Snacks,35.72
5210,1761,2024-04-15,Food & Beverage,92.81
5211,1761,2024-04-15,Food & Beverage,76.06
5212,1761,2024-04-15,Games,20.13
5213,1762,2024-05-05,Food & Beverage,131.47
5214,1762,2024-05-05,Food & Beverage,117.8
5215,1762,2024-05-05,Snacks,57.55
5216,1762,2024-05-05,Food & Beverage,108.95
5217,1763,2024-07-04,Food & Beverage,153.68
5218,1764,2024-02-23,Games,23.89
5219,1764,2024-02-23,Food & Beverage,63.88
5220,1764,2024-02-23,Food & Beverage,81.5
5221,1764,2024-02-23,Games,21.69
5222,1766,2024-02-06,Food & Beverage,123.99
5223,1766,2024-02-06,Snacks,49.69
5224,1766,2024-02-06,Food & Beverage,177.21
5225,1767,2024-12-28,Food & Beverage,78.95
5226,1767,2024-12-28,Food & Beverage,81.37
5227,1768,2024-06-27,Games,69.73
5228,1768,2024-06-27,Games,51.84
5229,1768,2024-09-29,Merchandise,90.22
5230,1768,2024-09-29,Photography,131.01
5231,1768,2024-09-29,Photography,141.91
5232,1768,2024-10-04,Food & Beverage,119.64
5233,1768,2024-10-04,Games,60.0
5234,1768,2024-10-04,Food & Beverage,101.88
5235,1768,2024-10-04,Games,79.74
5236,1769,2024-11-25,Games,34.61
5237,1769,2024-11-25,Snacks,50.58
5238,1769,2024-11-25,Food & Beverage,155.41
5239,1770,2024-07-04,Games,59.54
5240,1770,2024-07-04,Food & Beverage,51.55
5241,1770,2024-07-04,Food & Beverage,92.67
5242,1770,2024-07-04,Snacks,48.69
5243,1770,2024-05-13,Food & Beverage,120.28
5244,1771,2024-07-12,Games,29.07
5245,1771,2024-07-12,Food & Beverage,115.5
5246,1771,2024-07-12,Snacks,50.29
5247,1772,2024-01-28,Games,29.17
5248,1773,2024-04-28,Food & Beverage,57.7
5249,1773,2024-04-28,Games,77.0
5250,1773,2024-04-28,Snacks,41.09
5251,1774,2024-12-14,Food & Beverage,137.25
5252,1774,2024-12-14,Games,60.83
5253,1774,2024-12-14,Food & Beverage,94.63
5254,1774,2024-12-14,Food & Beverage,99.71
5255,1775,2024-10-24,Merchandise,32.0
5256,1775,2024-10-24,Food & Beverage,136.26
5257,1775,2024-10-07,Food & Beverage,157.8
5258,1776,2024-01-05,Food & Beverage,133.29
5259,1776,2024-01-05,Games,27.81
5260,1776,2024-01-05,Games,44.37
5261,1778,2024-11-28,Snacks,32.3
5262,1778,2024-06-07,Merchandise,69.84
5263,1778,2024-06-07,Merchandise,118.69
5264,1778,2024-06-07,Snacks,44.23
5265,1779,2024-01-19,Snacks,25.14
5266,1779,2024-07-19,Games,44.21
5267,1779,2024-07-19,Games,72.25
5268,1780,2024-02-17,Snacks,56.23
5269,1780,2024-02-17,Food & Beverage,54.99
5270,1780,2024-02-17,Merchandise,58.29
5271,1781,2024-07-09,Snacks,45.05
5272,1781,2024-07-09,Food & Beverage,134.1
5273,1781,2024-07-09,Snacks,42.57
5274,1783,2024-10-07,Merchandise,34.23
5275,1783,2024-10-07,Food & Beverage,54.53
5276,1784,2024-09-28,Food & Beverage,176.48
5277,1786,2024-12-08,Games,29.94
5278,1786,2024-12-08,Food & Beverage,89.21
5279,1786,2024-12-08,Merchandise,75.18
5280,1786,2024-12-08,Merchandise,36.11
5281,1786,2024-10-15,Food & Beverage,114.72
5282,1786,2024-10-15,Food & Beverage,126.7
5283,1786,2024-10-15,Photography,186.5
5284,1786,2024-10-15,Photography,195.11
5285,1787,2024-11-13,Food & Beverage,131.47
5286,1788,2024-06-15,Merchandise,95.94
5287,1789,2024-07-24,Food & Beverage,92.32
5288,1790,2024-12-28,Food & Beverage,80.11
5289,1790,2024-12-28,Food & Beverage,95.39
5290,1790,2024-04-04,Games,55.61
5291,1790,2024-04-04,Games,30.33
5292,1794,2024-03-12,Snacks,43.75
5293,1794,2024-03-12,Photography,138.59
5294,1794,2024-03-12,Food & Beverage,122.2
5295,1794,2024-03-12,Merchandise,107.71
5296,1795,2024-08-15,Food & Beverage,167.49
5297,1795,2024-08-15,Merchandise,40.75
5298,1795,2024-08-15,Food & Beverage,114.48
5299,1795,2024-08-15,Photography,84.42
5300,1796,2024-09-12,Photography,179.24
5301,1796,2024-09-12,Food & Beverage,168.07
5302,1796,2024-09-12,Food & Beverage,61.38
5303,1796,2024-09-12,Games,22.21
5304,1796,2024-11-27,Food & Beverage,105.92
5305,1796,2024-03-20,Merchandise,90.03
5306,1796,2024-03-20,Merchandise,101.95
5307,1796,2024-03-20,Snacks,48.23
5308,1797,2024-08-11,Food & Beverage,135.78
5309,1797,2024-08-11,Snacks,50.92
5310,1797,2024-08-11,Food & Beverage,78.5
5311,1797,2024-05-05,Games,35.26
5312,1797,2024-05-05,Games,69.71
5313,1797,2024-05-05,Food & Beverage,128.38
5314,1797,2024-05-05,Snacks,51.36
5315,1797,2024-02-14,Photography,168.31
5316,1797,2024-02-14,Food & Beverage,72.57
5317,1797,2024-02-14,Games,45.01
5318,1797,2024-02-14,Merchandise,88.3
5319,1798,2024-08-07,Food & Beverage,84.0
5320,1800,2024-03-12,Games,27.44
5321,1800,2024-03-12,Food & Beverage,86.71
5322,1800,2024-07-06,Food & Beverage,122.41
5323,1800,2024-07-06,Food & Beverage,172.81
5324,1800,2024-07-06,Merchandise,129.73
5325,1800,2024-12-26,Photography,183.57
5326,1800,2024-12-26,Food & Beverage,59.41
5327,1800,2024-12-26,Food & Beverage,136.71
5328,1801,2024-05-08,Snacks,43.28
5329,1801,2024-05-08,Snacks,53.98
5330,1801,2024-02-12,Games,52.47
5331,1801,2024-02-12,Merchandise,91.27
5332,1801,2024-02-12,Food & Beverage,163.99
5333,1803,2024-03-16,Food & Beverage,59.34
5334,1803,2024-03-16,Food & Beverage,76.72
5335,1803,2024-03-16,Food & Beverage,136.31
5336,1803,2024-03-16,Merchandise,55.43
5337,1804,2024-06-05,Merchandise,59.79
5338,1805,2024-12-29,Games,34.63
5339,1805,2024-12-29,Snacks,20.64
5340,1806,2024-12-19,Games,46.07
5341,1806,2024-12-19,Merchandise,139.38
5342,1806,2024-12-19,Snacks,53.7
5343,1806,2024-12-19,Games,70.67
5344,1807,2024-11-20,Merchandise,84.94
5345,1807,2024-11-20,Food & Beverage,139.18
5346,1807,2024-11-20,Photography,114.74
5347,1807,2024-11-20,Merchandise,53.27
5348,1807,2024-10-26,Games,58.23
5349,1807,2024-10-26,Games,79.29
5350,1807,2024-10-26,Snacks,48.76
5351,1807,2024-10-26,Games,50.28
5352,1807,2024-12-21,Snacks,29.87
5353,1808,2024-12-23,Snacks,44.08
5354,1808,2024-12-23,Food & Beverage,74.27
5355,1808,2024-12-23,Food & Beverage,101.59
5356,1808,2024-12-23,Snacks,47.01
5357,1808,2024-09-26,Games,55.81
5358,1808,2024-12-18,Food & Beverage,76.96
5359,1808,2024-12-18,Merchandise,56.59
5360,1808,2024-12-18,Food & Beverage,135.04
5361,1810,2024-04-10,Games,26.32
5362,1811,2024-04-24,Food & Beverage,105.04
5363,1811,2024-10-30,Snacks,24.99
5364,1811,2024-09-16,Photography,88.64
5365,1811,2024-09-16,Food & Beverage,150.74
5366,1811,2024-09-16,Merchandise,58.92
5367,1811,2024-12-12,Food & Beverage,81.99
5368,1813,2024-12-26,Food & Beverage,99.09
5369,1814,2024-07-03,Snacks,25.61
5370,1814,2024-07-03,Food & Beverage,57.75
5371,1814,2024-07-03,Food & Beverage,173.57
5372,1814,2024-07-03,Games,79.33
5373,1814,2024-12-25,Food & Beverage,173.75
5374,1814,2024-12-25,Games,56.31
5375,1814,2024-12-15,Food & Beverage,151.64
5376,1814,2024-12-15,Photography,97.57
5377,1814,2024-12-15,Photography,131.15
5378,1815,2024-05-08,Food & Beverage,174.21
5379,1815,2024-05-08,Food & Beverage,57.84
5380,1815,2024-06-08,Food & Beverage,112.41
5381,1816,2024-10-15,Snacks,15.79
5382,1816,2024-10-15,Food & Beverage,129.97
5383,1816,2024-10-15,Games,22.23
5384,1816,2024-10-15,Photography,137.31
5385,1817,2024-08-27,Games,45.1
5386,1817,2024-08-27,Food & Beverage,177.48
5387,1817,2024-08-27,Food & Beverage,121.8
5388,1817,2024-08-27,Snacks,40.07
5389,1820,2024-02-19,Games,33.56
5390,1821,2024-09-28,Food & Beverage,86.47
5391,1821,2024-09-28,Food & Beverage,52.33
5392,1821,2024-09-28,Merchandise,102.33
5393,1821,2024-09-28,Photography,83.14
5394,1822,2024-12-22,Food & Beverage,153.49
5395,1822,2024-12-22,Games,57.95
5396,1822,2024-12-22,Photography,192.29
5397,1822,2024-12-22,Games,50.82
5398,1823,2024-07-04,Merchandise,115.95
5399,1823,2024-07-04,Snacks,42.72
5400,1823,2024-07-04,Food & Beverage,71.87
5401,1823,2024-07-04,Food & Beverage,65.24
5402,1824,2024-06-14,Food & Beverage,152.01
5403,1824,2024-06-14,Food & Beverage,67.57
5404,1825,2024-02-28,Photography,119.36
5405,1825,2024-02-28,Food & Beverage,88.57
5406,1826,2024-06-29,Games,77.04
5407,1826,2024-06-29,Snacks,37.02
5408,1826,2024-04-08,Games,44.11
5409,1827,2024-03-14,Games,23.13
5410,1827,2024-03-14,Games,57.75
5411,1827,2024-03-14,Snacks,22.82
5412,1829,2024-10-08,Photography,180.3
5413,1829,2024-10-08,Food & Beverage,159.5
5414,1829,2024-10-08,Food & Beverage,133.01
5415,1829,2024-10-08,Food & Beverage,52.22
5416,1831,2024-04-07,Games,41.65
5417,1831,2024-04-07,Food & Beverage,146.42
5418,1832,2024-01-27,Merchandise,36.51
5419,1833,2024-09-21,Snacks,19.27
5420,1833,2024-09-21,Snacks,50.71
5421,1833,2024-09-21,Snacks,59.61
5422,1833,2024-09-21,Merchandise,30.28
5423,1834,2024-07-07,Food & Beverage,148.46
5424,1834,2024-07-07,Merchandise,99.68
5425,1835,2024-02-04,Food & Beverage,90.61
5426,1836,2024-12-11,Photography,190.23
5427,1836,2024-12-11,Food & Beverage,50.93
5428,1837,2024-12-18,Snacks,32.24
5429,1837,2024-12-18,Merchandise,54.85
5430,1838,2024-10-01,Snacks,32.94
5431,1838,2024-10-01,Photography,107.73
5432,1839,2024-12-12,Food & Beverage,121.47
5433,1839,2024-12-12,Food & Beverage,63.7
5434,1839,2024-12-12,Food & Beverage,61.14
5435,1840,2024-06-10,Food & Beverage,169.76
5436,1840,2024-06-10,Food & Beverage,93.48
5437,1840,2024-06-10,Food & Beverage,136.56
5438,1841,2024-10-04,Games,55.88
5439,1842,2024-07-22,Snacks,49.07
5440,1843,2024-06-26,Snacks,25.47
5441,1843,2024-06-26,Food & Beverage,154.33
5442,1843,2024-06-26,Photography,123.78
5443,1843,2024-06-26,Food & Beverage,111.34
5444,1844,2024-07-25,Food & Beverage,64.23
5445,1844,2024-07-25,Merchandise,33.38
5446,1844,2024-07-25,Merchandise,126.75
5447,1844,2024-12-09,Food & Beverage,103.85
5448,1845,2024-12-03,Food & Beverage,125.55
5449,1847,2024-11-19,Games,37.25
5450,1847,2024-11-19,Merchandise,99.6
5451,1847,2024-11-19,Food & Beverage,61.11
5452,1847,2024-11-19,Food & Beverage,69.65
5453,1848,2024-11-08,Merchandise,111.32
5454,1848,2024-11-08,Food & Beverage,101.19
5455,1848,2024-11-08,Food & Beverage,118.5
5456,1848,2024-11-08,Photography,142.72
5457,1848,2024-06-06,Games,63.72
5458,1848,2024-04-30,Food & Beverage,174.42
5459,1849,2024-11-24,Food & Beverage,84.2
5460,1849,2024-11-24,Food & Beverage,141.22
5461,1849,2024-11-24,Games,79.64
5462,1852,2024-04-01,Snacks,57.09
5463,1852,2024-10-03,Snacks,54.82
5464,1852,2024-10-03,Food & Beverage,124.54
5465,1852,2024-10-03,Snacks,45.71
5466,1852,2024-10-03,Games,39.27
5467,1854,2024-02-29,Games,48.54
5468,1854,2024-09-06,Snacks,44.23
5469,1857,2024-03-25,Games,43.22
5470,1858,2024-12-15,Food & Beverage,137.37
5471,1859,2024-01-12,Snacks,44.91
5472,1859,2024-01-12,Games,69.7
5473,1860,2024-11-23,Food & Beverage,81.77
5474,1860,2024-11-23,Food & Beverage,126.33
5475,1861,2024-12-10,Food & Beverage,53.98
5476,1861,2024-12-10,Games,59.94
5477,1861,2024-12-10,Snacks,56.84
5478,1861,2024-12-10,Snacks,28.08
5479,1861,2024-05-06,Merchandise,115.15
5480,1861,2024-05-06,Snacks,39.88
5481,1861,2024-05-06,Photography,182.22
5482,1861,2024-05-06,Food & Beverage,104.75
5483,1862,2024-04-29,Snacks,22.76
5484,1862,2024-04-29,Photography,164.88
5485,1862,2024-04-29,Snacks,52.63
5486,1863,2024-07-15,Food & Beverage,87.91
5487,1863,2024-07-15,Food & Beverage,106.74
5488,1863,2024-07-15,Food & Beverage,147.88
5489,1863,2024-07-15,Food & Beverage,79.75
5490,1865,2024-12-29,Food & Beverage,59.53
5491,1865,2024-12-29,Food & Beverage,169.67
5492,1865,2024-12-29,Food & Beverage,57.13
5493,1866,2024-12-07,Food & Beverage,141.22
5494,1866,2024-12-07,Merchandise,58.57
5495,1866,2024-12-07,Snacks,34.02
5496,1867,2024-09-08,Snacks,37.29
5497,1868,2024-08-17,Food & Beverage,170.31
5498,1868,2024-08-17,Food & Beverage,106.31
5499,1868,2024-08-17,Snacks,41.12
5500,1869,2024-04-15,Food & Beverage,92.07
5501,1869,2024-04-15,Snacks,19.65
5502,1869,2024-04-15,Merchandise,55.58
5503,1869,2024-04-15,Photography,191.41
5504,1869,2024-06-12,Merchandise,64.87
5505,1869,2024-06-12,Games,73.09
5506,1870,2024-10-13,Snacks,15.53
5507,1870,2024-05-16,Merchandise,94.26
5508,1870,2024-09-03,Games,42.54
5509,1870,2024-09-03,Food & Beverage,154.09
5510,1870,2024-09-03,Games,79.04
5511,1871,2024-10-10,Merchandise,146.03
5512,1871,2024-10-10,Merchandise,88.61
5513,1871,2024-10-10,Snacks,25.82
5514,1872,2024-08-01,Food & Beverage,135.07
5515,1872,2024-08-01,Merchandise,103.04
5516,1873,2024-09-04,Food & Beverage,136.43
5517,1873,2024-09-04,Games,41.62
5518,1873,2024-09-04,Snacks,31.33
5519,1873,2024-09-04,Food & Beverage,136.55
5520,1875,2024-02-28,Food & Beverage,177.85
5521,1875,2024-02-28,Snacks,24.64
5522,1875,2024-02-28,Food & Beverage,168.55
5523,1876,2024-06-17,Merchandise,96.84
5524,1876,2024-06-17,Merchandise,62.24
5525,1876,2024-06-17,Food & Beverage,130.62
5526,1877,2024-12-26,Food & Beverage,152.42
5527,1878,2024-10-19,Games,54.23
5528,1878,2024-10-19,Games,51.84
5529,1878,2024-10-19,Games,29.2
5530,1879,2024-07-30,Food & Beverage,76.71
5531,1881,2024-08-09,Food & Beverage,105.38
5532,1881,2024-08-09,Merchandise,40.85
5533,1882,2024-01-16,Food & Beverage,139.7
5534,1882,2024-01-16,Merchandise,137.84
5535,1882,2024-01-16,Snacks,50.52
5536,1883,2024-12-07,Games,73.52
5537,1883,2024-12-07,Merchandise,91.26
5538,1883,2024-12-07,Games,64.14
5539,1883,2024-12-07,Merchandise,77.25
5540,1885,2024-07-09,Food & Beverage,136.81
5541,1885,2024-07-10,Merchandise,135.38
5542,1885,2024-07-10,Food & Beverage,157.38
5543,1885,2024-07-10,Food & Beverage,81.38
5544,1886,2024-10-31,Food & Beverage,114.79
5545,1886,2024-10-31,Food & Beverage,157.19
5546,1886,2024-10-31,Merchandise,55.7
5547,1890,2024-06-08,Merchandise,113.92
5548,1890,2024-06-08,Photography,111.34
5549,1891,2024-03-22,Games,62.5
5550,1891,2024-03-22,Food & Beverage,76.2
5551,1891,2024-07-20,Merchandise,133.55
5552,1891,2024-07-20,Food & Beverage,151.97
5553,1892,2024-03-05,Merchandise,31.42
5554,1892,2024-03-05,Food & Beverage,54.51
5555,1892,2024-03-05,Games,73.78
5556,1892,2024-10-11,Merchandise,84.64
5557,1892,2024-10-11,Merchandise,103.97
5558,1892,2024-10-11,Food & Beverage,56.55
5559,1893,2024-01-24,Merchandise,131.63
5560,1893,2024-01-24,Food & Beverage,173.8
5561,1896,2024-07-03,Food & Beverage,160.29
5562,1896,2024-07-03,Merchandise,89.0
5563,1896,2024-07-03,Merchandise,146.13
5564,1897,2024-04-20,Food & Beverage,151.88
5565,1897,2024-04-20,Games,47.62
5566,1897,2024-04-20,Food & Beverage,69.37
5567,1897,2024-04-20,Games,57.61
5568,1898,2024-03-28,Food & Beverage,69.32
5569,1898,2024-12-04,Food & Beverage,165.46
5570,1898,2024-03-21,Food & Beverage,53.82
5571,1898,2024-03-21,Food & Beverage,98.48
5572,1900,2024-01-15,Games,54.61
5573,1900,2024-01-15,Photography,179.87
5574,1900,2024-01-15,Snacks,47.02
5575,1902,2024-07-17,Snacks,20.67
5576,1902,2024-07-17,Food & Beverage,72.12
5577,1903,2024-12-19,Snacks,38.57
5578,1903,2024-12-19,Food & Beverage,141.5
5579,1903,2024-12-19,Snacks,17.67
5580,1903,2024-12-19,Snacks,49.39
5581,1904,2024-11-11,Games,70.03
5582,1904,2024-11-11,Food & Beverage,51.55
5583,1905,2024-07-21,Games,46.38
5584,1905,2024-07-21,Games,48.78
5585,1905,2024-07-21,Food & Beverage,79.27
5586,1906,2024-03-23,Food & Beverage,134.44
5587,1906,2024-03-23,Games,57.04
5588,1907,2024-01-26,Food & Beverage,131.2
5589,1907,2024-12-11,Snacks,28.57
5590,1907,2024-12-11,Merchandise,95.34
5591,1907,2024-12-11,Snacks,51.18
5592,1907,2024-12-11,Games,31.84
5593,1908,2024-09-14,Snacks,51.18
5594,1908,2024-09-14,Games,25.74
5595,1908,2024-09-14,Snacks,35.04
5596,1908,2024-09-14,Merchandise,98.98
5597,1909,2024-10-27,Snacks,29.09
5598,1909,2024-10-27,Food & Beverage,161.32
5599,1909,2024-10-27,Snacks,15.69
5600,1910,2024-08-19,Snacks,29.49
5601,1910,2024-08-19,Photography,142.25
5602,1913,2024-03-27,Merchandise,123.49
5603,1914,2024-09-04,Games,64.76
5604,1914,2024-09-04,Games,39.32
5605,1916,2024-01-11,Games,55.49
5606,1916,2024-01-11,Games,29.96
5607,1916,2024-01-11,Food & Beverage,113.22
5608,1917,2024-07-05,Food & Beverage,98.24
5609,1917,2024-07-05,Snacks,19.51
5610,1917,2024-07-05,Snacks,51.31
5611,1917,2024-07-05,Food & Beverage,146.66
5612,1918,2024-04-14,Food & Beverage,104.09
5613,1918,2024-10-20,Food & Beverage,167.7
5614,1918,2024-10-20,Food & Beverage,124.5
5615,1918,2024-10-20,Photography,166.24
5616,1918,2024-10-20,Merchandise,149.87
5617,1919,2024-07-07,Merchandise,33.07
5618,1919,2024-07-07,Food & Beverage,76.72
5619,1919,2024-07-07,Food & Beverage,74.74
5620,1920,2024-06-13,Games,57.37
5621,1920,2024-06-13,Photography,81.01
5622,1921,2024-09-06,Food & Beverage,62.68
5623,1921,2024-09-06,Games,28.23
5624,1922,2024-06-20,Food & Beverage,169.54
5625,1923,2024-12-14,Games,68.39
5626,1923,2024-07-30,Games,61.57
5627,1923,2024-07-30,Food & Beverage,106.11
5628,1923,2024-07-30,Food & Beverage,112.16
5629,1923,2024-04-18,Food & Beverage,105.2
5630,1923,2024-04-18,Food & Beverage,67.47
5631,1923,2024-04-18,Merchandise,32.89
5632,1924,2024-03-01,Food & Beverage,168.98
5633,1924,2024-03-01,Games,58.14
5634,1924,2024-12-26,Photography,188.78
5635,1924,2024-12-26,Merchandise,34.1
5636,1924,2024-12-26,Food & Beverage,121.34
5637,1924,2024-12-26,Merchandise,102.64
5638,1926,2024-12-24,Food & Beverage,177.21
5639,1926,2024-12-24,Food & Beverage,128.58
5640,1926,2024-12-24,Snacks,58.53
5641,1927,2024-08-12,Food & Beverage,106.61
5642,1927,2024-08-12,Photography,133.6
5643,1927,2024-08-12,Photography,163.64
5644,1928,2024-01-23,Snacks,35.13
5645,1929,2024-10-24,Food & Beverage,90.9
5646,1929,2024-10-24,Food & Beverage,174.51
5647,1930,2024-09-03,Photography,190.55
5648,1932,2024-03-19,Games,79.22
5649,1932,2024-03-19,Food & Beverage,152.32
5650,1932,2024-03-19,Food & Beverage,144.81
5651,1932,2024-03-19,Merchandise,125.87
5652,1932,2024-01-18,Food & Beverage,177.53
5653,1932,2024-01-18,Food & Beverage,164.95
5654,1933,2024-12-23,Food & Beverage,131.79
5655,1933,2024-12-18,Food & Beverage,59.38
5656,1933,2024-12-18,Food & Beverage,152.08
5657,1933,2024-12-18,Photography,123.12
5658,1933,2024-12-18,Games,20.33
5659,1933,2024-09-18,Snacks,16.68
5660,1934,2024-07-08,Food & Beverage,96.64
5661,1934,2024-07-08,Merchandise,76.21
5662,1934,2024-07-08,Snacks,28.31
5663,1934,2024-07-08,Photography,177.17
5664,1935,2024-10-26,Games,36.92
5665,1935,2024-10-26,Snacks,41.14
5666,1935,2024-10-26,Food & Beverage,86.66
5667,1936,2024-09-27,Games,23.63
5668,1936,2024-09-27,Photography,143.64
5669,1936,2024-09-27,Merchandise,102.29
5670,1937,2024-01-11,Photography,93.45
5671,1938,2024-11-10,Snacks,32.28
5672,1938,2024-10-21,Food & Beverage,137.75
5673,1938,2024-10-21,Food & Beverage,92.89
5674,1938,2024-10-21,Food & Beverage,81.23
5675,1938,2024-02-04,Games,70.29
5676,1941,2024-07-12,Merchandise,87.72
5677,1941,2024-07-12,Snacks,53.55
5678,1941,2024-07-12,Photography,159.36
5679,1941,2024-07-12,Snacks,51.84
5680,1943,2024-10-26,Merchandise,137.13
5681,1944,2024-09-30,Food & Beverage,109.61
5682,1944,2024-09-30,Games,29.73
5683,1945,2024-11-03,Food & Beverage,116.29
5684,1945,2024-11-03,Snacks,27.51
5685,1945,2024-11-03,Games,36.97
5686,1945,2024-11-03,Snacks,43.96
5687,1946,2024-01-26,Food & Beverage,90.08
5688,1946,2024-01-26,Photography,145.07
5689,1947,2024-11-02,Snacks,53.53
5690,1948,2024-06-08,Photography,161.94
5691,1948,2024-06-08,Food & Beverage,114.1
5692,1948,2024-06-08,Merchandise,128.04
5693,1949,2024-09-29,Merchandise,68.95
5694,1949,2024-09-29,Games,63.06
5695,1949,2024-09-29,Food & Beverage,158.47
5696,1949,2024-09-29,Photography,189.14
5697,1949,2024-04-10,Food & Beverage,50.65
5698,1949,2024-04-10,Merchandise,76.14
5699,1949,2024-04-10,Snacks,53.88
5700,1949,2024-01-28,Food & Beverage,176.16
5701,1949,2024-01-28,Games,58.66
5702,1949,2024-01-28,Food & Beverage,146.39
5703,1949,2024-01-28,Snacks,37.24
5704,1950,2024-07-03,Snacks,36.53
5705,1950,2024-07-03,Merchandise,110.83
5706,1950,2024-07-03,Games,68.17
5707,1950,2024-07-03,Snacks,36.15
5708,1951,2024-09-20,Food & Beverage,85.64
5709,1952,2024-12-08,Games,71.3
5710,1953,2024-06-04,Food & Beverage,119.97
5711,1953,2024-06-04,Games,46.49
5712,1953,2024-06-04,Snacks,34.46
5713,1953,2024-06-04,Merchandise,78.03
5714,1954,2024-03-24,Games,56.08
5715,1954,2024-12-14,Food & Beverage,124.99
5716,1954,2024-12-14,Merchandise,55.27
5717,1954,2024-12-14,Games,71.88
5718,1955,2024-12-23,Games,41.3
5719,1957,2024-10-21,Food & Beverage,98.72
5720,1958,2024-03-15,Snacks,48.02
5721,1958,2024-03-15,Merchandise,128.91
5722,1959,2024-01-08,Merchandise,132.69
5723,1960,2024-12-20,Snacks,59.75
5724,1960,2024-12-20,Food & Beverage,96.21
5725,1960,2024-12-20,Games,70.85
5726,1960,2024-12-20,Photography,86.65
5727,1963,2024-01-07,Food & Beverage,175.15
5728,1964,2024-09-07,Food & Beverage,157.99
5729,1964,2024-09-07,Merchandise,104.76
5730,1964,2024-09-07,Games,47.5
5731,1965,2024-04-17,Food & Beverage,131.89
5732,1965,2024-04-17,Games,76.99
5733,1965,2024-04-17,Food & Beverage,147.02
5734,1966,2024-03-22,Merchandise,115.14
5735,1966,2024-03-22,Merchandise,76.85
5736,1966,2024-03-22,Snacks,48.88
5737,1967,2024-07-03,Snacks,46.04
5738,1967,2024-07-03,Photography,80.39
5739,1968,2024-03-13,Photography,173.64
5740,1968,2024-03-13,Merchandise,49.27
5741,1968,2024-03-13,Snacks,36.16
5742,1969,2024-05-12,Games,54.31
5743,1969,2024-05-12,Merchandise,135.69
5744,1970,2024-03-21,Snacks,53.85
5745,1970,2024-03-21,Merchandise,107.41
5746,1970,2024-03-21,Games,44.18
5747,1971,2024-11-12,Snacks,39.31
5748,1971,2024-11-12,Snacks,23.43
5749,1971,2024-11-12,Games,60.88
5750,1971,2024-11-12,Food & Beverage,120.32
5751,1972,2024-11-13,Food & Beverage,96.85
5752,1972,2024-11-13,Food & Beverage,112.65
5753,1972,2024-11-13,Snacks,51.09
5754,1972,2024-06-02,Games,72.24
5755,1972,2024-06-02,Games,51.53
5756,1972,2024-11-13,Food & Beverage,179.19
5757,1972,2024-11-13,Games,23.88
5758,1972,2024-11-13,Food & Beverage,75.1
5759,1972,2024-11-13,Merchandise,99.83
5760,1973,2024-03-17,Snacks,30.44
5761,1973,2024-03-17,Food & Beverage,54.69
5762,1973,2024-03-17,Food & Beverage,59.61
5763,1973,2024-03-17,Games,48.59
5764,1973,2024-06-12,Food & Beverage,112.17
5765,1973,2024-06-12,Food & Beverage,118.11
5766,1974,2024-04-24,Snacks,41.08
5767,1974,2024-04-24,Food & Beverage,173.1
5768,1974,2024-04-24,Games,33.9
5769,1976,2024-04-13,Snacks,27.54
5770,1976,2024-04-13,Food & Beverage,121.79
5771,1977,2024-04-26,Merchandise,106.65
5772,1977,2024-04-26,Snacks,42.59
5773,1977,2024-04-26,Food & Beverage,140.25
5774,1977,2024-04-26,Games,38.03
5775,1979,2024-02-24,Photography,145.09
5776,1980,2024-06-10,Food & Beverage,168.93
5777,1981,2024-05-23,Photography,158.42
5778,1982,2024-12-15,Snacks,40.33
5779,1982,2024-12-15,Snacks,59.16
5780,1983,2024-12-26,Photography,161.6
5781,1983,2024-12-26,Merchandise,60.46
5782,1983,2024-12-26,Food & Beverage,173.17
5783,1983,2024-12-26,Food & Beverage,74.56
5784,1984,2024-07-08,Food & Beverage,162.03
5785,1984,2024-07-08,Merchandise,149.7
5786,1984,2024-07-08,Snacks,38.85
5787,1984,2024-07-08,Food & Beverage,81.5
5788,1985,2024-10-08,Food & Beverage,121.49
5789,1985,2024-10-08,Snacks,17.42
5790,1985,2024-12-07,Snacks,36.37
5791,1985,2024-12-07,Food & Beverage,153.08
5792,1987,2024-07-09,Games,41.46
5793,1989,2024-02-21,Food & Beverage,107.66
5794,1989,2024-02-21,Merchandise,63.35
5795,1990,2024-12-04,Merchandise,47.23
5796,1990,2024-12-04,Photography,166.24
5797,1991,2024-05-19,Merchandise,135.56
5798,1991,2024-05-19,Games,69.93
5799,1993,2024-10-15,Snacks,58.54
5800,1993,2024-10-15,Games,50.39
5801,1994,2024-04-06,Snacks,32.26
5802,1994,2024-04-06,Merchandise,36.24
5803,1994,2024-04-06,Food & Beverage,99.32
5804,1994,2024-04-06,Snacks,50.29
5805,1995,2024-12-15,Food & Beverage,158.53
5806,1995,2024-12-15,Food & Beverage,146.68
5807,1995,2024-12-15,Games,24.46
5808,1995,2024-12-15,Games,28.44
5809,1996,2024-01-20,Food & Beverage,166.46
5810,1996,2024-01-20,Games,26.14
5811,1996,2024-01-20,Food & Beverage,127.37
5812,1997,2024-09-28,Games,79.3
5813,1997,2024-09-28,Food & Beverage,97.37
5814,1997,2024-01-24,Food & Beverage,101.44
5815,1999,2024-11-11,Games,42.2
5816,1999,2024-10-13,Snacks,47.37
5817,1999,2024-02-10,Food & Beverage,159.63
5818,1999,2024-02-10,Photography,91.0
5819,1999,2024-02-10,Food & Beverage,57.48
5820,2000,2024-11-20,Photography,163.17
5821,2001,2024-10-13,Food & Beverage,173.64
5822,2001,2024-10-13,Food & Beverage,173.7
5823,2003,2024-10-19,Merchandise,114.02
5824,2004,2024-10-13,Food & Beverage,127.42
5825,2004,2024-10-13,Snacks,44.65
5826,2005,2024-07-20,Food & Beverage,164.55
5827,2005,2024-12-06,Games,24.6
5828,2005,2024-12-06,Snacks,39.82
5829,2008,2024-12-22,Food & Beverage,50.01
5830,2008,2024-12-22,Food & Beverage,118.15
5831,2008,2024-12-22,Food & Beverage,160.04
5832,2008,2024-07-12,Food & Beverage,169.02
5833,2008,2024-07-12,Food & Beverage,61.05
5834,2008,2024-07-12,Photography,109.95
5835,2008,2024-07-12,Games,22.49
5836,2009,2024-12-31,Food & Beverage,157.91
5837,2009,2024-12-31,Merchandise,33.71
5838,2009,2024-12-31,Snacks,58.06
5839,2009,2024-12-31,Food & Beverage,60.78
5840,2010,2024-07-20,Snacks,46.85
5841,2010,2024-07-20,Games,39.68
5842,2012,2024-07-14,Snacks,21.8
5843,2012,2024-01-06,Snacks,46.63
5844,2012,2024-01-06,Food & Beverage,170.5
5845,2013,2024-01-26,Food & Beverage,92.55
5846,2013,2024-01-26,Snacks,52.92
5847,2013,2024-01-26,Food & Beverage,69.46
5848,2013,2024-01-26,Games,20.49
5849,2014,2024-10-15,Food & Beverage,162.44
5850,2014,2024-10-15,Snacks,32.41
5851,2015,2024-04-28,Snacks,50.12
5852,2015,2024-04-28,Snacks,30.19
5853,2015,2024-04-28,Food & Beverage,63.77
5854,2015,2024-04-28,Games,49.92
5855,2016,2024-04-22,Food & Beverage,122.55
5856,2016,2024-11-30,Photography,82.53
5857,2016,2024-11-30,Food & Beverage,114.9
5858,2016,2024-11-30,Snacks,29.86
5859,2018,2024-12-16,Games,64.28
5860,2018,2024-12-16,Food & Beverage,174.47
5861,2019,2024-09-11,Food & Beverage,88.87
5862,2019,2024-09-11,Photography,169.59
5863,2019,2024-09-11,Merchandise,140.92
5864,2020,2024-07-26,Snacks,15.85
5865,2020,2024-07-26,Games,62.0
5866,2020,2024-07-26,Snacks,17.92
5867,2020,2024-07-26,Snacks,25.23
5868,2021,2024-07-30,Photography,185.84
5869,2021,2024-07-30,Games,35.12
5870,2021,2024-07-30,Merchandise,149.27
5871,2021,2024-07-30,Food & Beverage,68.59
5872,2022,2024-09-18,Food & Beverage,163.63
5873,2023,2024-09-25,Merchandise,39.43
5874,2023,2024-09-25,Merchandise,35.29
5875,2023,2024-09-25,Games,74.1
5876,2023,2024-09-25,Food & Beverage,96.79
5877,2023,2024-11-14,Games,59.03
5878,2023,2024-11-14,Games,44.67
5879,2024,2024-08-07,Food & Beverage,65.79
5880,2024,2024-01-23,Food & Beverage,53.81
5881,2024,2024-04-18,Food & Beverage,158.12
5882,2024,2024-02-16,Merchandise,94.43
5883,2025,2024-08-22,Snacks,39.91
5884,2025,2024-08-22,Food & Beverage,86.91
5885,2025,2024-08-22,Food & Beverage,109.35
5886,2025,2024-08-22,Food & Beverage,131.27
5887,2025,2024-11-21,Games,49.29
5888,2026,2024-06-06,Snacks,22.96
5889,2026,2024-06-06,Snacks,28.47
5890,2027,2024-09-19,Photography,151.02
5891,2028,2024-11-21,Food & Beverage,173.77
5892,2028,2024-11-21,Merchandise,104.66
5893,2028,2024-11-21,Games,31.78
5894,2029,2024-04-17,Snacks,17.45
5895,2029,2024-04-17,Games,54.57
5896,2029,2024-04-17,Food & Beverage,150.15
5897,2030,2024-09-05,Snacks,45.96
5898,2030,2024-09-05,Merchandise,122.79
5899,2030,2024-09-05,Games,70.84
5900,2031,2024-12-28,Food & Beverage,150.65
5901,2032,2024-07-15,Snacks,17.74
5902,2032,2024-07-15,Food & Beverage,62.48
5903,2032,2024-07-15,Food & Beverage,122.72
5904,2032,2024-07-15,Food & Beverage,96.5
5905,2034,2024-09-22,Snacks,54.37
5906,2035,2024-11-05,Merchandise,77.79
5907,2036,2024-09-28,Food & Beverage,98.32
5908,2037,2024-11-04,Snacks,43.02
5909,2037,2024-11-04,Food & Beverage,100.89
5910,2037,2024-11-04,Snacks,48.9
5911,2038,2024-07-06,Food & Beverage,124.43
5912,2038,2024-07-06,Snacks,58.57
5913,2038,2024-07-06,Games,43.79
5914,2038,2024-07-06,Snacks,23.68
5915,2039,2024-07-13,Food & Beverage,162.02
5916,2039,2024-07-13,Games,31.28
5917,2039,2024-07-13,Food & Beverage,57.88
5918,2040,2024-06-14,Snacks,31.18
5919,2040,2024-06-14,Snacks,59.74
5920,2040,2024-06-14,Snacks,32.42
5921,2041,2024-12-09,Games,75.89
5922,2041,2024-12-09,Snacks,52.01
5923,2041,2024-12-09,Snacks,53.79
5924,2041,2024-12-09,Games,25.81
5925,2043,2024-09-04,Snacks,48.96
5926,2043,2024-09-04,Photography,156.77
5927,2043,2024-09-04,Games,39.36
5928,2044,2024-09-25,Photography,196.12
5929,2044,2024-09-25,Food & Beverage,142.5
5930,2044,2024-09-25,Snacks,40.36
5931,2045,2024-11-28,Food & Beverage,155.55
5932,2047,2024-12-23,Merchandise,103.11
5933,2049,2024-07-28,Food & Beverage,123.48
5934,2049,2024-07-28,Merchandise,30.64
5935,2049,2024-07-28,Food & Beverage,164.87
5936,2049,2024-07-28,Photography,156.25
5937,2051,2024-09-25,Food & Beverage,111.09
5938,2051,2024-09-25,Food & Beverage,135.13
5939,2051,2024-10-23,Snacks,34.15
5940,2051,2024-10-23,Food & Beverage,179.71
5941,2051,2024-10-11,Food & Beverage,131.98
5942,2052,2024-03-01,Snacks,39.54
5943,2053,2024-06-23,Food & Beverage,120.48
5944,2053,2024-06-23,Snacks,39.39
5945,2053,2024-06-23,Food & Beverage,89.97
5946,2053,2024-06-23,Food & Beverage,116.37
5947,2054,2024-04-20,Games,40.67
5948,2054,2024-03-06,Food & Beverage,68.2
5949,2055,2024-09-10,Food & Beverage,98.07
5950,2055,2024-06-04,Food & Beverage,82.88
5951,2055,2024-06-04,Food & Beverage,154.13
5952,2055,2024-07-02,Merchandise,147.64
5953,2055,2024-07-02,Food & Beverage,143.54
5954,2055,2024-07-02,Food & Beverage,177.84
5955,2055,2024-07-02,Merchandise,113.0
5956,2056,2024-03-30,Games,41.53
5957,2057,2024-09-14,Food & Beverage,52.87
5958,2057,2024-09-14,Merchandise,128.98
5959,2057,2024-09-14,Games,57.92
5960,2057,2024-03-27,Merchandise,74.84
5961,2057,2024-03-27,Food & Beverage,125.46
5962,2057,2024-03-27,Snacks,24.58
5963,2059,2024-12-06,Merchandise,47.45
5964,2059,2024-12-06,Snacks,40.28
5965,2059,2024-12-06,Snacks,41.28
5966,2059,2024-12-06,Games,50.66
5967,2061,2024-06-11,Merchandise,51.38
5968,2061,2024-06-11,Food & Beverage,56.3
5969,2061,2024-03-10,Games,22.72
5970,2061,2024-03-10,Food & Beverage,89.22
5971,2062,2024-12-13,Food & Beverage,159.89
5972,2062,2024-12-13,Merchandise,46.43
5973,2062,2024-12-13,Food & Beverage,178.5
5974,2062,2024-12-13,Food & Beverage,78.84
5975,2062,2024-06-05,Snacks,34.38
5976,2062,2024-06-05,Food & Beverage,105.58
5977,2062,2024-06-05,Merchandise,53.4
5978,2062,2024-09-13,Merchandise,101.54
5979,2062,2024-09-13,Snacks,31.78
5980,2062,2024-09-13,Games,65.64
5981,2063,2024-12-26,Photography,189.94
5982,2063,2024-12-26,Food & Beverage,80.25
5983,2063,2024-12-26,Merchandise,147.45
5984,2063,2024-12-29,Snacks,50.15
5985,2063,2024-12-29,Food & Beverage,137.59
5986,2063,2024-12-29,Food & Beverage,75.8
5987,2063,2024-12-29,Food & Beverage,155.36
5988,2064,2024-02-25,Merchandise,93.02
5989,2064,2024-02-25,Snacks,19.66
5990,2065,2024-05-24,Snacks,29.6
5991,2066,2024-07-19,Games,35.51
5992,2066,2024-07-19,Food & Beverage,90.34
5993,2067,2024-09-11,Snacks,34.29
5994,2067,2024-09-11,Food & Beverage,55.21
5995,2067,2024-09-11,Games,29.17
5996,2067,2024-09-11,Food & Beverage,70.82
5997,2068,2024-08-20,Photography,104.3
5998,2068,2024-08-20,Games,41.42
5999,2068,2024-08-20,Photography,138.26
6000,2068,2024-08-20,Games,70.59
6001,2071,2024-01-27,Snacks,16.94
6002,2071,2024-01-27,Games,25.6
6003,2073,2024-09-26,Food & Beverage,115.0
6004,2073,2024-09-26,Merchandise,86.01
6005,2074,2024-01-25,Food & Beverage,50.41
6006,2074,2024-01-25,Games,57.52
6007,2074,2024-01-25,Snacks,52.33
6008,2074,2024-01-25,Games,31.29
6009,2075,2024-10-27,Games,59.01
6010,2075,2024-10-27,Snacks,39.5
6011,2075,2024-12-28,Food & Beverage,150.75
6012,2076,2024-06-23,Snacks,22.18
6013,2077,2024-05-04,Merchandise,49.61
6014,2077,2024-05-04,Food & Beverage,137.36
6015,2077,2024-05-04,Food & Beverage,115.47
6016,2078,2024-01-11,Merchandise,101.61
6017,2079,2024-03-02,Food & Beverage,129.45
6018,2079,2024-03-02,Snacks,59.7
6019,2079,2024-03-02,Games,33.02
6020,2080,2024-03-06,Games,35.86
6021,2080,2024-12-06,Snacks,26.63
6022,2080,2024-12-06,Snacks,59.37
6023,2080,2024-12-06,Games,22.67
6024,2082,2024-04-30,Food & Beverage,167.01
6025,2082,2024-04-30,Food & Beverage,99.03
6026,2083,2024-04-15,Food & Beverage,73.76
6027,2083,2024-04-15,Food & Beverage,137.1
6028,2084,2024-11-08,Games,45.35
6029,2084,2024-10-26,Food & Beverage,169.85
6030,2084,2024-10-26,Merchandise,99.36
6031,2084,2024-10-26,Merchandise,66.44
6032,2084,2024-12-28,Merchandise,31.03
6033,2084,2024-12-28,Merchandise,83.42
6034,2084,2024-12-28,Food & Beverage,176.83
6035,2084,2024-12-28,Snacks,46.77
6036,2085,2024-06-15,Games,72.61
6037,2085,2024-06-15,Games,49.79
6038,2085,2024-07-14,Food & Beverage,174.11
6039,2086,2024-09-17,Food & Beverage,145.42
6040,2087,2024-04-15,Food & Beverage,71.72
6041,2089,2024-12-25,Photography,112.41
6042,2089,2024-12-25,Games,36.53
6043,2089,2024-12-25,Merchandise,59.55
6044,2089,2024-12-25,Snacks,37.36
6045,2089,2024-12-17,Food & Beverage,154.94
6046,2089,2024-12-17,Food & Beverage,162.32
6047,2089,2024-12-17,Games,46.08
6048,2089,2024-12-17,Food & Beverage,90.16
6049,2089,2024-07-24,Games,62.9
6050,2089,2024-07-24,Games,73.81
6051,2089,2024-07-24,Snacks,29.94
6052,2089,2024-07-24,Games,44.38
6053,2090,2024-04-10,Games,61.88
6054,2091,2024-07-15,Snacks,30.43
6055,2091,2024-07-15,Food & Beverage,167.38
6056,2091,2024-07-15,Merchandise,66.08
6057,2091,2024-06-19,Games,30.47
6058,2091,2024-06-19,Food & Beverage,128.92
6059,2091,2024-06-19,Photography,99.44
6060,2091,2024-06-19,Photography,130.4
6061,2091,2024-09-25,Games,21.41
6062,2092,2024-07-07,Food & Beverage,117.18
6063,2092,2024-07-07,Games,75.45
6064,2092,2024-07-07,Food & Beverage,102.93
6065,2093,2024-07-02,Photography,153.94
6066,2093,2024-07-02,Snacks,52.54
6067,2094,2024-07-06,Food & Beverage,96.56
6068,2094,2024-07-06,Snacks,34.04
6069,2094,2024-07-06,Games,45.28
6070,2094,2024-07-06,Games,73.61
6071,2096,2024-04-05,Games,49.83
6072,2096,2024-04-05,Merchandise,36.22
6073,2096,2024-04-05,Snacks,24.03
6074,2097,2024-10-29,Merchandise,129.89
6075,2098,2024-10-28,Food & Beverage,80.14
6076,2098,2024-10-28,Food & Beverage,134.18
6077,2098,2024-10-28,Food & Beverage,144.87
6078,2098,2024-10-28,Food & Beverage,105.63
6079,2100,2024-11-03,Games,46.04
6080,2101,2024-05-15,Games,71.43
6081,2102,2024-09-19,Games,41.34
6082,2102,2024-12-05,Food & Beverage,172.56
6083,2102,2024-12-05,Photography,109.83
6084,2102,2024-12-05,Food & Beverage,111.69
6085,2102,2024-10-21,Snacks,20.86
6086,2102,2024-10-21,Merchandise,88.91
6087,2102,2024-10-21,Food & Beverage,148.74
6088,2102,2024-04-10,Snacks,29.17
6089,2103,2024-05-29,Merchandise,128.94
6090,2103,2024-05-29,Food & Beverage,150.58
6091,2103,2024-05-29,Food & Beverage,64.17
6092,2103,2024-05-29,Photography,124.82
6093,2104,2024-06-10,Food & Beverage,108.17
6094,2104,2024-12-06,Snacks,17.96
6095,2104,2024-12-06,Food & Beverage,114.31
6096,2104,2024-12-06,Food & Beverage,168.67
6097,2104,2024-12-06,Food & Beverage,69.09
6098,2104,2024-06-07,Games,30.57
6099,2105,2024-02-27,Snacks,44.09
6100,2105,2024-02-27,Snacks,33.63
6101,2105,2024-02-27,Food & Beverage,106.04
6102,2106,2024-10-04,Food & Beverage,91.58
6103,2106,2024-10-04,Food & Beverage,114.88
6104,2106,2024-10-04,Games,70.99
6105,2107,2024-10-06,Food & Beverage,116.08
6106,2107,2024-10-06,Merchandise,135.27
6107,2107,2024-10-06,Food & Beverage,159.0
6108,2107,2024-10-06,Snacks,39.72
6109,2108,2024-05-15,Food & Beverage,133.11
6110,2108,2024-05-15,Games,75.38
6111,2108,2024-05-15,Games,64.33
6112,2108,2024-05-05,Merchandise,135.79
6113,2109,2024-05-16,Snacks,17.24
6114,2109,2024-05-16,Snacks,32.97
6115,2111,2024-02-18,Snacks,26.07
6116,2112,2024-09-06,Games,36.76
6117,2112,2024-09-06,Merchandise,64.47
6118,2112,2024-09-06,Food & Beverage,143.28
6119,2112,2024-09-06,Food & Beverage,141.29
6120,2113,2024-12-09,Games,76.92
6121,2113,2024-12-09,Snacks,46.2
6122,2113,2024-12-09,Merchandise,135.38
6123,2113,2024-12-09,Food & Beverage,179.63
6124,2116,2024-09-13,Merchandise,139.62
6125,2116,2024-09-13,Games,67.23
6126,2116,2024-09-13,Snacks,51.25
6127,2116,2024-09-13,Food & Beverage,150.56
6128,2117,2024-08-22,Games,57.67
6129,2118,2024-04-14,Games,37.49
6130,2118,2024-04-14,Food & Beverage,116.02
6131,2118,2024-04-14,Games,34.86
6132,2118,2024-04-14,Food & Beverage,83.76
6133,2119,2024-09-06,Games,50.36
6134,2119,2024-09-06,Photography,136.38
6135,2121,2024-02-01,Food & Beverage,133.62
6136,2122,2024-07-04,Food & Beverage,160.32
6137,2122,2024-03-05,Food & Beverage,138.21
6138,2122,2024-03-05,Food & Beverage,99.26
6139,2122,2024-03-05,Photography,158.08
6140,2122,2024-08-10,Snacks,27.39
6141,2122,2024-08-10,Merchandise,86.09
6142,2123,2024-04-22,Games,59.14
6143,2123,2024-08-15,Games,56.62
6144,2123,2024-08-15,Food & Beverage,91.95
6145,2124,2024-06-03,Snacks,42.87
6146,2124,2024-06-03,Merchandise,55.11
6147,2124,2024-06-03,Merchandise,129.93
6148,2124,2024-09-20,Food & Beverage,63.1
6149,2124,2024-09-20,Food & Beverage,101.15
6150,2125,2024-05-23,Photography,141.3
6151,2126,2024-10-18,Snacks,58.86
6152,2126,2024-10-18,Games,33.04
6153,2126,2024-10-18,Games,78.3
6154,2127,2024-12-06,Food & Beverage,53.67
6155,2128,2024-05-22,Photography,166.58
6156,2128,2024-05-22,Merchandise,141.92
6157,2128,2024-05-22,Food & Beverage,78.25
6158,2129,2024-10-06,Photography,165.66
6159,2129,2024-10-06,Snacks,54.48
6160,2130,2024-10-22,Food & Beverage,69.88
6161,2130,2024-10-22,Photography,139.52
6162,2130,2024-10-22,Games,35.32
6163,2130,2024-10-22,Games,48.88
6164,2131,2024-08-21,Games,75.48
6165,2131,2024-08-21,Games,59.81
6166,2131,2024-12-21,Merchandise,104.61
6167,2131,2024-12-21,Snacks,23.78
6168,2132,2024-10-23,Snacks,28.52
6169,2133,2024-07-11,Snacks,51.29
6170,2134,2024-05-15,Photography,189.74
6171,2134,2024-05-15,Games,63.09
6172,2135,2024-10-20,Food & Beverage,69.08
6173,2135,2024-10-20,Merchandise,42.07
6174,2137,2024-09-21,Merchandise,99.27
6175,2137,2024-09-21,Food & Beverage,170.71
6176,2137,2024-09-21,Games,68.06
6177,2140,2024-04-27,Merchandise,53.17
6178,2140,2024-04-27,Food & Beverage,176.88
6179,2140,2024-04-27,Games,76.45
6180,2141,2024-05-13,Merchandise,128.07
6181,2141,2024-05-13,Food & Beverage,99.78
6182,2141,2024-05-26,Merchandise,133.12
6183,2141,2024-05-26,Food & Beverage,131.96
6184,2141,2024-05-26,Food & Beverage,154.34
6185,2141,2024-05-26,Snacks,50.37
6186,2142,2024-12-07,Food & Beverage,129.4
6187,2142,2024-12-07,Games,73.27
6188,2142,2024-12-07,Snacks,45.16
6189,2142,2024-12-07,Snacks,54.5
6190,2143,2024-07-07,Food & Beverage,132.74
6191,2145,2024-08-04,Snacks,50.35
6192,2146,2024-03-08,Food & Beverage,78.05
6193,2146,2024-09-22,Photography,104.98
6194,2146,2024-09-22,Merchandise,86.12
6195,2146,2024-09-22,Games,69.68
6196,2146,2024-09-22,Food & Beverage,163.23
6197,2147,2024-04-28,Snacks,23.05
6198,2147,2024-04-28,Snacks,45.43
6199,2147,2024-04-28,Games,31.67
6200,2147,2024-04-28,Food & Beverage,164.63
6201,2147,2024-09-06,Snacks,24.29
6202,2147,2024-09-06,Games,71.55
6203,2147,2024-09-06,Food & Beverage,92.27
6204,2148,2024-03-05,Food & Beverage,134.63
6205,2149,2024-04-06,Snacks,50.97
6206,2149,2024-04-06,Games,53.87
6207,2149,2024-04-06,Merchandise,67.87
6208,2149,2024-06-10,Food & Beverage,84.15
6209,2149,2024-06-10,Food & Beverage,86.13
6210,2149,2024-06-10,Photography,193.74
6211,2149,2024-06-10,Merchandise,46.93
6212,2150,2024-12-29,Snacks,35.27
6213,2151,2024-06-22,Games,20.33
6214,2151,2024-06-22,Games,39.23
6215,2151,2024-06-22,Food & Beverage,120.41
6216,2151,2024-06-22,Food & Beverage,134.02
6217,2151,2024-09-19,Photography,90.76
6218,2152,2024-04-21,Food & Beverage,52.46
6219,2152,2024-04-21,Food & Beverage,63.7
6220,2152,2024-04-21,Food & Beverage,146.44
6221,2152,2024-04-21,Games,77.08
6222,2152,2024-06-25,Snacks,47.77
6223,2152,2024-06-25,Merchandise,125.54
6224,2152,2024-06-25,Photography,166.39
6225,2152,2024-06-25,Food & Beverage,85.14
6226,2153,2024-06-22,Snacks,15.05
6227,2154,2024-12-08,Food & Beverage,99.2
6228,2154,2024-12-08,Food & Beverage,98.12
6229,2154,2024-12-08,Snacks,53.07
6230,2156,2024-12-18,Snacks,47.63
6231,2156,2024-12-18,Games,48.6
6232,2156,2024-12-18,Photography,90.03
6233,2156,2024-12-18,Food & Beverage,50.35
6234,2156,2024-11-15,Snacks,51.08
6235,2157,2024-10-07,Food & Beverage,151.84
6236,2157,2024-10-07,Snacks,34.18
6237,2158,2024-06-17,Food & Beverage,113.08
6238,2158,2024-12-14,Snacks,52.7
6239,2158,2024-12-14,Photography,120.13
6240,2158,2024-12-14,Snacks,55.38
6241,2158,2024-12-14,Food & Beverage,158.59
6242,2158,2024-10-14,Snacks,54.32
6243,2158,2024-10-14,Food & Beverage,127.53
6244,2159,2024-07-15,Merchandise,129.86
6245,2159,2024-04-06,Food & Beverage,124.82
6246,2159,2024-04-06,Merchandise,43.37
6247,2161,2024-07-15,Games,27.31
6248,2161,2024-03-11,Games,72.2
6249,2161,2024-03-11,Food & Beverage,124.9
6250,2162,2024-11-26,Games,70.39
6251,2163,2024-12-23,Games,45.84
6252,2163,2024-12-23,Food & Beverage,127.27
6253,2163,2024-12-23,Photography,129.49
6254,2163,2024-12-23,Food & Beverage,170.91
6255,2164,2024-10-01,Games,36.27
6256,2164,2024-12-25,Snacks,21.73
6257,2166,2024-07-02,Games,65.06
6258,2166,2024-06-13,Merchandise,84.28
6259,2166,2024-06-13,Games,50.51
6260,2166,2024-06-13,Games,35.36
6261,2167,2024-07-27,Merchandise,148.35
6262,2167,2024-07-27,Merchandise,94.55
6263,2167,2024-07-27,Games,30.62
6264,2169,2024-09-16,Food & Beverage,151.31
6265,2169,2024-09-16,Food & Beverage,142.69
6266,2170,2024-03-29,Food & Beverage,155.87
6267,2170,2024-03-29,Games,41.3
6268,2170,2024-03-29,Food & Beverage,179.25
6269,2172,2024-12-26,Snacks,47.71
6270,2172,2024-12-26,Food & Beverage,158.59
6271,2172,2024-12-26,Food & Beverage,149.41
6272,2172,2024-12-26,Games,23.97
6273,2172,2024-04-10,Snacks,23.21
6274,2172,2024-04-10,Food & Beverage,158.19
6275,2172,2024-04-24,Merchandise,83.93
6276,2173,2024-05-30,Food & Beverage,86.21
6277,2173,2024-05-30,Merchandise,109.67
6278,2173,2024-05-30,Snacks,44.73
6279,2174,2024-05-19,Merchandise,86.3
6280,2174,2024-05-19,Games,67.78
6281,2174,2024-05-19,Food & Beverage,134.98
6282,2174,2024-05-19,Merchandise,73.75
6283,2175,2024-10-03,Merchandise,75.74
6284,2176,2024-07-07,Food & Beverage,167.35
6285,2177,2024-07-08,Games,38.32
6286,2177,2024-07-08,Games,23.6
6287,2177,2024-07-08,Food & Beverage,154.7
6288,2177,2024-08-28,Merchandise,56.73
6289,2178,2024-12-23,Games,53.88
6290,2178,2024-12-23,Food & Beverage,162.5
6291,2179,2024-02-16,Merchandise,112.28
6292,2179,2024-06-09,Food & Beverage,115.07
6293,2181,2024-07-10,Snacks,38.52
6294,2181,2024-07-10,Snacks,52.47
6295,2181,2024-07-10,Food & Beverage,60.49
6296,2181,2024-07-10,Snacks,34.2
6297,2181,2024-04-26,Food & Beverage,148.7
6298,2181,2024-12-18,Food & Beverage,50.25
6299,2181,2024-12-18,Snacks,36.1
6300,2181,2024-12-18,Games,21.79
6301,2182,2024-07-24,Games,36.81
6302,2182,2024-07-24,Merchandise,60.59
6303,2182,2024-07-24,Merchandise,88.14
6304,2183,2024-09-11,Merchandise,51.2
6305,2183,2024-09-11,Photography,84.02
6306,2183,2024-09-11,Food & Beverage,60.86
6307,2184,2024-01-15,Food & Beverage,95.18
6308,2184,2024-01-15,Games,46.11
6309,2184,2024-01-15,Snacks,45.88
6310,2184,2024-01-15,Merchandise,106.04
6311,2184,2024-04-11,Merchandise,42.06
6312,2184,2024-04-11,Food & Beverage,175.48
6313,2184,2024-04-11,Food & Beverage,115.79
6314,2184,2024-04-02,Food & Beverage,124.44
6315,2184,2024-04-02,Food & Beverage,67.72
6316,2184,2024-04-02,Snacks,33.16
6317,2185,2024-06-17,Photography,133.17
6318,2185,2024-06-17,Snacks,46.38
6319,2186,2024-07-21,Games,71.02
6320,2186,2024-07-21,Food & Beverage,115.8
6321,2186,2024-07-21,Food & Beverage,135.63
6322,2186,2024-04-05,Food & Beverage,140.24
6323,2186,2024-04-05,Food & Beverage,152.42
6324,2186,2024-04-05,Food & Beverage,117.94
6325,2186,2024-11-07,Food & Beverage,161.5
6326,2187,2024-05-17,Snacks,45.25
6327,2187,2024-05-17,Food & Beverage,176.63
6328,2187,2024-05-17,Food & Beverage,120.94
6329,2190,2024-10-16,Games,20.84
6330,2190,2024-10-16,Snacks,42.44
6331,2191,2024-06-29,Food & Beverage,71.69
6332,2191,2024-06-29,Food & Beverage,138.59
6333,2191,2024-06-29,Merchandise,47.66
6334,2191,2024-06-29,Food & Beverage,140.83
6335,2192,2024-06-13,Games,67.86
6336,2192,2024-06-13,Games,54.57
6337,2193,2024-12-26,Food & Beverage,50.84
6338,2193,2024-12-26,Food & Beverage,78.95
6339,2193,2024-12-26,Food & Beverage,104.64
6340,2193,2024-12-26,Food & Beverage,139.8
6341,2195,2024-05-24,Photography,116.58
6342,2196,2024-04-22,Food & Beverage,161.53
6343,2196,2024-04-22,Games,51.16
6344,2196,2024-04-22,Food & Beverage,145.51
6345,2196,2024-07-28,Games,72.04
6346,2196,2024-07-28,Merchandise,32.8
6347,2196,2024-11-17,Merchandise,73.34
6348,2196,2024-11-17,Games,47.78
6349,2197,2024-12-07,Games,42.03
6350,2197,2024-11-09,Games,65.34
6351,2197,2024-11-09,Photography,159.73
6352,2198,2024-01-21,Food & Beverage,98.11
6353,2198,2024-10-09,Merchandise,148.58
6354,2198,2024-10-09,Food & Beverage,89.1
6355,2198,2024-10-09,Food & Beverage,167.59
6356,2198,2024-10-09,Food & Beverage,172.61
6357,2198,2024-12-25,Snacks,53.3
6358,2198,2024-12-25,Games,61.8
6359,2198,2024-12-25,Games,64.17
6360,2199,2024-10-19,Photography,150.54
6361,2199,2024-10-19,Games,51.5
6362,2199,2024-10-19,Snacks,46.06
6363,2199,2024-10-19,Snacks,26.17
6364,2199,2024-02-03,Snacks,46.7
6365,2200,2024-04-24,Photography,184.27
6366,2200,2024-04-24,Food & Beverage,157.59
6367,2201,2024-10-01,Snacks,49.18
6368,2201,2024-10-01,Games,65.58
6369,2201,2024-10-01,Food & Beverage,87.46
6370,2201,2024-12-26,Snacks,21.96
6371,2201,2024-12-26,Food & Beverage,51.56
6372,2201,2024-12-26,Photography,158.82
6373,2205,2024-06-08,Games,61.23
6374,2205,2024-06-08,Food & Beverage,77.26
6375,2206,2024-10-10,Games,72.94
6376,2206,2024-08-27,Games,67.85
6377,2206,2024-08-27,Food & Beverage,127.85
6378,2206,2024-08-27,Food & Beverage,54.8
6379,2206,2024-08-27,Food & Beverage,160.36
6380,2207,2024-06-13,Merchandise,38.47
6381,2207,2024-06-13,Food & Beverage,125.69
6382,2209,2024-01-14,Merchandise,88.17
6383,2209,2024-01-14,Food & Beverage,114.4
6384,2209,2024-01-14,Snacks,48.76
6385,2210,2024-06-20,Merchandise,73.24
6386,2210,2024-06-20,Games,59.08
6387,2210,2024-08-29,Snacks,29.22
6388,2210,2024-08-29,Food & Beverage,125.57
6389,2210,2024-08-29,Merchandise,38.8
6390,2210,2024-08-29,Food & Beverage,71.85
6391,2210,2024-06-04,Merchandise,143.19
6392,2212,2024-12-06,Snacks,38.64
6393,2212,2024-12-06,Food & Beverage,166.46
6394,2212,2024-12-06,Games,36.94
6395,2212,2024-12-06,Merchandise,139.69
6396,2213,2024-06-26,Food & Beverage,151.39
6397,2213,2024-06-26,Games,21.76
6398,2213,2024-06-26,Merchandise,147.79
6399,2213,2024-06-26,Merchandise,64.34
6400,2214,2024-01-25,Food & Beverage,64.68
6401,2214,2024-01-25,Food & Beverage,106.1
6402,2214,2024-01-25,Snacks,46.99
6403,2214,2024-01-25,Photography,182.44
6404,2215,2024-09-13,Snacks,18.27
6405,2215,2024-09-13,Games,61.04
6406,2216,2024-04-28,Food & Beverage,165.95
6407,2216,2024-04-28,Merchandise,35.6
6408,2216,2024-04-28,Games,48.14
6409,2218,2024-09-10,Games,67.23
6410,2218,2024-09-10,Food & Beverage,122.19
6411,2218,2024-09-10,Games,77.65
6412,2218,2024-09-10,Food & Beverage,118.33
6413,2219,2024-01-24,Games,55.9
6414,2219,2024-01-24,Merchandise,113.1
6415,2219,2024-01-24,Food & Beverage,66.0
6416,2221,2024-11-03,Food & Beverage,50.96
6417,2221,2024-11-03,Food & Beverage,139.18
6418,2221,2024-11-03,Food & Beverage,59.38
6419,2221,2024-11-03,Games,46.87
6420,2221,2024-12-24,Snacks,37.23
6421,2221,2024-12-24,Food & Beverage,120.78
6422,2221,2024-06-06,Games,56.66
6423,2222,2024-09-17,Food & Beverage,161.41
6424,2222,2024-09-17,Food & Beverage,94.73
6425,2222,2024-09-17,Snacks,22.54
6426,2222,2024-09-17,Food & Beverage,121.92
6427,2223,2024-10-12,Games,33.51
6428,2224,2024-09-25,Games,59.53
6429,2224,2024-09-22,Food & Beverage,101.6
6430,2224,2024-09-22,Merchandise,48.73
6431,2224,2024-09-22,Games,21.08
6432,2225,2024-03-11,Photography,101.2
6433,2225,2024-03-11,Snacks,44.37
6434,2225,2024-03-11,Games,70.84
6435,2225,2024-03-11,Snacks,29.03
6436,2226,2024-06-30,Food & Beverage,100.38
6437,2226,2024-06-30,Snacks,25.63
6438,2226,2024-06-30,Games,76.14
6439,2227,2024-06-23,Food & Beverage,132.26
6440,2227,2024-06-23,Food & Beverage,56.31
6441,2227,2024-06-23,Merchandise,144.71
6442,2227,2024-06-23,Food & Beverage,145.66
6443,2229,2024-09-12,Food & Beverage,174.88
6444,2229,2024-09-12,Food & Beverage,64.56
6445,2229,2024-09-12,Games,31.25
6446,2229,2024-09-18,Food & Beverage,159.6
6447,2229,2024-07-27,Photography,138.24
6448,2229,2024-07-27,Food & Beverage,166.27
6449,2229,2024-07-27,Merchandise,127.22
6450,2229,2024-07-27,Photography,92.06
6451,2229,2024-02-15,Food & Beverage,101.45
6452,2229,2024-02-15,Food & Beverage,162.44
6453,2231,2024-08-24,Games,25.6
6454,2233,2024-04-04,Games,34.33
6455,2233,2024-04-04,Games,33.34
6456,2233,2024-04-04,Food & Beverage,135.92
6457,2233,2024-04-04,Games,77.16
6458,2234,2024-02-21,Food & Beverage,63.15
6459,2234,2024-02-21,Food & Beverage,115.57
6460,2235,2024-06-04,Snacks,28.43
6461,2236,2024-04-21,Games,22.63
6462,2236,2024-04-21,Merchandise,81.66
6463,2236,2024-04-21,Food & Beverage,65.77
6464,2236,2024-04-21,Food & Beverage,50.71
6465,2237,2024-04-04,Snacks,55.68
6466,2237,2024-04-04,Food & Beverage,159.48
6467,2237,2024-04-04,Games,60.53
6468,2238,2024-02-20,Food & Beverage,146.58
6469,2238,2024-02-20,Merchandise,37.04
6470,2238,2024-02-20,Games,65.77
6471,2239,2024-04-09,Food & Beverage,62.34
6472,2239,2024-04-09,Photography,92.62
6473,2239,2024-01-06,Games,20.95
6474,2239,2024-03-10,Snacks,16.46
6475,2239,2024-03-10,Photography,94.4
6476,2239,2024-03-10,Photography,149.4
6477,2239,2024-03-10,Food & Beverage,155.92
6478,2240,2024-04-29,Snacks,27.63
6479,2240,2024-04-29,Food & Beverage,100.89
6480,2240,2024-04-29,Food & Beverage,68.9
6481,2241,2024-05-03,Photography,168.0
6482,2241,2024-05-03,Merchandise,71.49
6483,2241,2024-05-03,Games,64.61
6484,2241,2024-04-15,Snacks,22.41
6485,2241,2024-04-15,Food & Beverage,50.45
6486,2241,2024-04-15,Snacks,57.56
6487,2241,2024-04-15,Photography,89.64
6488,2242,2024-04-27,Food & Beverage,137.57
6489,2242,2024-04-27,Food & Beverage,113.43
6490,2243,2024-06-21,Snacks,47.52
6491,2243,2024-06-21,Merchandise,119.55
6492,2243,2024-06-21,Food & Beverage,167.89
6493,2244,2024-12-29,Snacks,31.35
6494,2245,2024-11-18,Photography,195.31
6495,2245,2024-05-09,Photography,166.27
6496,2246,2024-11-11,Food & Beverage,90.97
6497,2246,2024-11-11,Snacks,26.44
6498,2246,2024-11-11,Snacks,45.96
6499,2246,2024-11-11,Games,32.19
6500,2247,2024-06-18,Photography,153.22
6501,2248,2024-01-24,Food & Beverage,57.37
6502,2248,2024-01-24,Games,35.85
6503,2249,2024-10-01,Games,29.05
6504,2249,2024-10-01,Food & Beverage,50.78
6505,2249,2024-10-01,Food & Beverage,113.96
6506,2249,2024-07-07,Food & Beverage,93.63
6507,2249,2024-07-07,Snacks,24.1
6508,2250,2024-01-18,Food & Beverage,62.13
6509,2250,2024-01-18,Games,79.64
6510,2251,2024-02-03,Food & Beverage,59.0
6511,2251,2024-02-03,Food & Beverage,138.27
6512,2251,2024-02-03,Food & Beverage,82.15
6513,2252,2024-04-04,Snacks,27.07
6514,2252,2024-04-04,Food & Beverage,64.77
6515,2252,2024-04-04,Food & Beverage,76.54
6516,2254,2024-11-12,Merchandise,138.46
6517,2254,2024-11-12,Food & Beverage,169.23
6518,2254,2024-11-12,Snacks,57.84
6519,2254,2024-11-12,Food & Beverage,126.06
6520,2255,2024-03-24,Games,26.55
6521,2255,2024-03-24,Snacks,50.16
6522,2255,2024-03-24,Photography,114.19
6523,2256,2024-06-17,Snacks,60.0
6524,2256,2024-06-17,Food & Beverage,110.26
6525,2256,2024-06-17,Snacks,32.21
6526,2256,2024-06-17,Food & Beverage,56.21
6527,2257,2024-04-24,Food & Beverage,138.47
6528,2257,2024-04-24,Merchandise,149.85
6529,2257,2024-04-24,Photography,109.74
6530,2260,2024-12-12,Food & Beverage,164.76
6531,2260,2024-12-12,Snacks,41.05
6532,2261,2024-09-23,Food & Beverage,68.75
6533,2261,2024-09-23,Food & Beverage,93.54
6534,2261,2024-09-23,Snacks,26.29
6535,2261,2024-09-23,Games,71.5
6536,2262,2024-07-07,Food & Beverage,81.99
6537,2262,2024-07-07,Photography,160.71
6538,2262,2024-07-07,Merchandise,121.35
6539,2262,2024-12-05,Games,77.87
6540,2264,2024-10-03,Snacks,23.36
6541,2270,2024-10-10,Photography,138.68
6542,2272,2024-03-07,Snacks,25.21
6543,2272,2024-03-07,Snacks,28.03
6544,2272,2024-12-06,Merchandise,85.67
6545,2272,2024-12-06,Games,28.54
6546,2272,2024-12-06,Merchandise,37.82
6547,2272,2024-12-06,Snacks,20.54
6548,2273,2024-03-14,Snacks,54.65
6549,2273,2024-03-13,Merchandise,147.39
6550,2274,2024-12-18,Food & Beverage,141.87
6551,2274,2024-12-18,Food & Beverage,106.74
6552,2274,2024-12-18,Photography,199.32
6553,2276,2024-09-22,Snacks,36.19
6554,2276,2024-09-22,Games,38.31
6555,2276,2024-09-22,Food & Beverage,139.94
6556,2276,2024-09-22,Merchandise,119.41
6557,2277,2024-06-22,Games,38.87
6558,2277,2024-06-22,Snacks,43.12
6559,2277,2024-06-22,Games,30.8
6560,2277,2024-06-22,Games,29.84
6561,2278,2024-06-28,Photography,193.73
6562,2278,2024-06-28,Games,22.57
6563,2278,2024-03-07,Games,79.3
6564,2278,2024-07-09,Snacks,45.75
6565,2278,2024-07-09,Photography,190.87
6566,2278,2024-07-09,Food & Beverage,139.08
6567,2278,2024-07-09,Food & Beverage,52.74
6568,2278,2024-12-28,Food & Beverage,125.05
6569,2278,2024-12-28,Games,43.08
6570,2279,2024-03-03,Merchandise,119.82
6571,2280,2024-07-12,Snacks,43.23
6572,2280,2024-07-12,Games,48.25
6573,2280,2024-07-12,Food & Beverage,138.49
6574,2281,2024-02-29,Games,34.42
6575,2281,2024-02-29,Food & Beverage,136.01
6576,2282,2024-12-02,Food & Beverage,176.1
6577,2282,2024-04-16,Food & Beverage,59.76
6578,2282,2024-04-16,Food & Beverage,137.62
6579,2282,2024-04-16,Merchandise,126.58
6580,2283,2024-06-03,Games,23.92
6581,2283,2024-06-03,Merchandise,64.43
6582,2284,2024-01-21,Food & Beverage,76.65
6583,2284,2024-01-21,Games,48.89
6584,2286,2024-10-06,Food & Beverage,86.47
6585,2286,2024-10-06,Photography,191.81
6586,2286,2024-10-06,Snacks,33.79
6587,2287,2024-02-09,Food & Beverage,62.7
6588,2287,2024-02-09,Food & Beverage,119.39
6589,2288,2024-02-10,Games,48.41
6590,2288,2024-02-10,Merchandise,31.66
6591,2288,2024-02-10,Snacks,38.52
6592,2288,2024-02-10,Merchandise,56.83
6593,2289,2024-01-09,Food & Beverage,136.83
6594,2290,2024-10-22,Games,74.12
6595,2291,2024-10-24,Snacks,50.65
6596,2292,2024-09-06,Games,57.25
6597,2294,2024-01-05,Food & Beverage,102.28
6598,2294,2024-01-05,Merchandise,96.69
6599,2294,2024-01-05,Snacks,34.45
6600,2295,2024-07-04,Merchandise,34.08
6601,2295,2024-07-04,Photography,145.41
6602,2295,2024-07-04,Food & Beverage,155.09
6603,2296,2024-02-04,Merchandise,91.95
6604,2296,2024-02-04,Food & Beverage,168.42
6605,2298,2024-03-09,Games,79.74
6606,2298,2024-03-09,Food & Beverage,50.88
6607,2299,2024-09-07,Food & Beverage,64.55
6608,2299,2024-09-07,Food & Beverage,87.21
6609,2300,2024-06-05,Merchandise,53.71
6610,2300,2024-06-05,Merchandise,78.85
6611,2301,2024-07-10,Snacks,36.38
6612,2301,2024-07-10,Food & Beverage,140.82
6613,2302,2024-10-09,Games,41.83
6614,2302,2024-12-04,Food & Beverage,115.5
6615,2302,2024-12-04,Food & Beverage,171.23
6616,2303,2024-05-21,Games,44.49
6617,2303,2024-05-21,Merchandise,59.32
6618,2303,2024-05-21,Food & Beverage,168.8
6619,2303,2024-05-21,Games,51.27
6620,2304,2024-06-21,Games,38.59
6621,2304,2024-06-21,Photography,136.65
6622,2305,2024-04-14,Games,24.26
6623,2305,2024-04-14,Food & Beverage,53.94
6624,2305,2024-04-14,Games,45.05
6625,2305,2024-07-02,Games,60.15
6626,2305,2024-07-02,Games,58.02
6627,2306,2024-01-19,Snacks,40.53
6628,2306,2024-01-19,Photography,199.46
6629,2306,2024-01-19,Snacks,55.17
6630,2307,2024-10-23,Food & Beverage,124.38
6631,2308,2024-07-12,Food & Beverage,150.62
6632,2308,2024-07-12,Games,63.75
6633,2308,2024-07-12,Food & Beverage,175.64
6634,2308,2024-07-22,Food & Beverage,89.07
6635,2308,2024-07-22,Games,25.95
6636,2308,2024-07-22,Merchandise,70.88
6637,2308,2024-07-22,Snacks,45.24
6638,2310,2024-05-01,Snacks,32.5
6639,2311,2024-10-18,Merchandise,63.53
6640,2312,2024-02-09,Food & Beverage,177.87
6641,2312,2024-11-27,Food & Beverage,106.88
6642,2314,2024-04-27,Snacks,20.77
6643,2314,2024-04-27,Games,38.45
6644,2315,2024-11-24,Food & Beverage,108.33
6645,2315,2024-11-24,Merchandise,96.74
6646,2316,2024-06-05,Snacks,51.13
6647,2316,2024-06-05,Food & Beverage,108.77
6648,2316,2024-06-05,Photography,83.04
6649,2316,2024-06-05,Games,65.48
6650,2317,2024-08-25,Merchandise,114.71
6651,2317,2024-08-25,Games,54.14
6652,2317,2024-08-25,Games,45.6
6653,2318,2024-07-14,Games,35.06
6654,2318,2024-07-14,Food & Beverage,165.4
6655,2318,2024-07-14,Games,62.5
6656,2318,2024-07-14,Merchandise,87.08
6657,2320,2024-09-07,Snacks,37.82
6658,2321,2024-11-04,Games,48.9
6659,2321,2024-11-04,Games,51.47
6660,2321,2024-11-04,Games,61.28
6661,2322,2024-12-29,Games,44.84
6662,2322,2024-12-29,Games,60.87
6663,2322,2024-12-29,Snacks,56.04
6664,2323,2024-12-05,Food & Beverage,163.9
6665,2323,2024-12-05,Snacks,23.55
6666,2323,2024-12-05,Merchandise,148.74
6667,2323,2024-10-14,Food & Beverage,92.17
6668,2323,2024-10-14,Food & Beverage,158.24
6669,2323,2024-04-27,Food & Beverage,178.19
6670,2325,2024-07-26,Snacks,41.45
6671,2325,2024-07-26,Games,24.3
6672,2325,2024-07-26,Food & Beverage,64.1
6673,2325,2024-06-24,Games,44.66
6674,2325,2024-06-24,Snacks,41.51
6675,2325,2024-04-24,Food & Beverage,113.81
6676,2325,2024-10-18,Games,73.52
6677,2325,2024-10-18,Games,20.58
6678,2326,2024-12-17,Food & Beverage,65.62
6679,2326,2024-12-17,Games,66.6
6680,2326,2024-12-17,Food & Beverage,157.32
6681,2327,2024-09-10,Snacks,53.16
6682,2328,2024-09-25,Merchandise,54.79
6683,2328,2024-09-25,Food & Beverage,66.63
6684,2328,2024-03-07,Merchandise,125.32
6685,2328,2024-03-07,Games,30.9
6686,2330,2024-04-25,Food & Beverage,97.38
6687,2330,2024-04-25,Food & Beverage,89.17
6688,2330,2024-04-25,Food & Beverage,132.5
6689,2330,2024-04-25,Games,78.35
6690,2331,2024-07-23,Merchandise,120.54
6691,2331,2024-07-23,Snacks,32.74
6692,2331,2024-07-23,Snacks,30.18
6693,2331,2024-07-23,Food & Beverage,77.32
6694,2332,2024-12-10,Food & Beverage,124.39
6695,2332,2024-12-10,Food & Beverage,53.73
6696,2332,2024-12-10,Games,42.77
6697,2332,2024-04-28,Merchandise,53.24
6698,2333,2024-10-03,Games,68.27
6699,2333,2024-10-03,Food & Beverage,87.94
6700,2333,2024-10-03,Food & Beverage,128.11
6701,2333,2024-10-03,Merchandise,40.97
6702,2334,2024-12-16,Food & Beverage,139.76
6703,2334,2024-12-16,Snacks,32.42
6704,2334,2024-06-20,Food & Beverage,93.21
6705,2334,2024-06-20,Snacks,26.83
6706,2334,2024-06-20,Snacks,32.3
6707,2334,2024-06-20,Food & Beverage,150.73
6708,2334,2024-11-07,Food & Beverage,80.61
6709,2334,2024-09-18,Snacks,28.96
6710,2334,2024-09-18,Merchandise,144.31
6711,2335,2024-02-22,Merchandise,95.61
6712,2335,2024-02-22,Snacks,57.18
6713,2335,2024-02-22,Snacks,20.19
6714,2335,2024-02-22,Games,39.21
6715,2335,2024-08-06,Food & Beverage,133.13
6716,2335,2024-08-06,Food & Beverage,177.55
6717,2335,2024-08-06,Photography,143.17
6718,2335,2024-06-22,Food & Beverage,146.61
6719,2335,2024-07-05,Snacks,42.56
6720,2335,2024-07-05,Snacks,22.12
6721,2336,2024-10-20,Snacks,42.03
6722,2336,2024-10-20,Merchandise,65.32
6723,2338,2024-10-12,Food & Beverage,75.65
6724,2338,2024-10-12,Photography,165.56
6725,2339,2024-04-10,Merchandise,101.59
6726,2339,2024-04-10,Snacks,36.4
6727,2339,2024-04-10,Food & Beverage,100.36
6728,2339,2024-04-10,Snacks,49.01
6729,2340,2024-07-16,Food & Beverage,133.28
6730,2340,2024-07-16,Photography,121.81
6731,2343,2024-11-21,Merchandise,74.43
6732,2344,2024-12-11,Food & Beverage,113.14
6733,2344,2024-05-09,Photography,152.74
6734,2344,2024-05-09,Snacks,44.54
6735,2344,2024-05-09,Merchandise,119.21
6736,2344,2024-05-09,Merchandise,45.91
6737,2345,2024-03-20,Games,55.36
6738,2345,2024-03-20,Games,39.71
6739,2346,2024-09-16,Snacks,16.35
6740,2347,2024-09-12,Food & Beverage,53.11
6741,2347,2024-09-12,Food & Beverage,141.63
6742,2347,2024-09-12,Snacks,27.5
6743,2348,2024-12-04,Food & Beverage,126.44
6744,2348,2024-12-04,Games,36.73
6745,2349,2024-12-03,Food & Beverage,85.04
6746,2349,2024-12-03,Games,45.59
6747,2349,2024-12-03,Games,79.41
6748,2349,2024-12-03,Food & Beverage,163.31
6749,2349,2024-11-26,Games,33.92
6750,2349,2024-11-26,Snacks,59.41
6751,2349,2024-11-26,Food & Beverage,120.1
6752,2349,2024-11-26,Food & Beverage,125.93
6753,2349,2024-07-11,Merchandise,112.44
6754,2349,2024-07-11,Snacks,26.72
6755,2349,2024-07-11,Food & Beverage,109.55
6756,2349,2024-06-01,Food & Beverage,94.67
6757,2349,2024-06-01,Food & Beverage,122.89
6758,2349,2024-06-01,Food & Beverage,128.2
6759,2350,2024-10-07,Games,36.64
6760,2350,2024-10-07,Food & Beverage,91.29
6761,2351,2024-12-16,Merchandise,141.79
6762,2351,2024-12-16,Food & Beverage,50.95
6763,2351,2024-09-29,Photography,192.88
6764,2351,2024-09-29,Food & Beverage,90.84
6765,2352,2024-07-10,Merchandise,32.23
6766,2353,2024-04-21,Games,48.82
6767,2353,2024-04-21,Food & Beverage,143.55
6768,2353,2024-04-21,Food & Beverage,63.82
6769,2354,2024-06-15,Snacks,42.03
6770,2354,2024-06-15,Food & Beverage,91.9
6771,2355,2024-04-15,Merchandise,66.54
6772,2355,2024-04-15,Merchandise,77.33
6773,2355,2024-04-15,Food & Beverage,149.2
6774,2355,2024-04-15,Games,48.94
6775,2356,2024-04-23,Games,63.87
6776,2356,2024-04-23,Merchandise,132.1
6777,2356,2024-01-14,Snacks,50.8
6778,2356,2024-01-14,Snacks,32.65
6779,2356,2024-01-14,Snacks,20.37
6780,2356,2024-01-14,Food & Beverage,75.72
6781,2356,2024-02-25,Food & Beverage,139.03
6782,2356,2024-02-25,Merchandise,80.57
6783,2356,2024-02-25,Food & Beverage,82.87
6784,2356,2024-02-25,Food & Beverage,155.19
6785,2357,2024-06-11,Games,66.66
6786,2357,2024-06-11,Food & Beverage,88.6
6787,2357,2024-06-11,Photography,176.34
6788,2357,2024-06-11,Snacks,58.46
6789,2357,2024-10-23,Food & Beverage,64.16
6790,2357,2024-10-23,Games,30.22
6791,2357,2024-10-23,Snacks,44.35
6792,2358,2024-01-10,Snacks,56.3
6793,2358,2024-01-10,Food & Beverage,51.19
6794,2359,2024-08-16,Snacks,30.99
6795,2359,2024-08-16,Snacks,29.46
6796,2360,2024-07-23,Food & Beverage,105.42
6797,2360,2024-07-23,Games,22.37
6798,2360,2024-07-23,Snacks,42.05
6799,2361,2024-05-30,Food & Beverage,89.06
6800,2361,2024-05-30,Photography,187.08
6801,2361,2024-05-30,Food & Beverage,90.72
6802,2361,2024-03-11,Merchandise,47.45
6803,2361,2024-03-11,Games,45.03
6804,2361,2024-03-11,Snacks,44.32
6805,2362,2024-12-21,Snacks,47.77
6806,2362,2024-12-21,Snacks,48.42
6807,2362,2024-12-21,Food & Beverage,81.4
6808,2362,2024-12-21,Food & Beverage,92.73
6809,2364,2024-11-25,Food & Beverage,121.68
6810,2364,2024-11-25,Food & Beverage,91.66
6811,2365,2024-07-09,Food & Beverage,162.94
6812,2365,2024-07-09,Merchandise,143.36
6813,2365,2024-07-09,Snacks,52.86
6814,2365,2024-07-09,Snacks,49.71
6815,2365,2024-07-21,Food & Beverage,51.81
6816,2365,2024-07-21,Food & Beverage,89.9
6817,2365,2024-07-21,Merchandise,142.54
6818,2365,2024-07-21,Photography,186.53
6819,2366,2024-12-17,Food & Beverage,68.27
6820,2366,2024-12-17,Food & Beverage,179.89
6821,2366,2024-12-17,Food & Beverage,166.12
6822,2366,2024-12-17,Food & Beverage,105.83
6823,2367,2024-05-05,Food & Beverage,148.71
6824,2367,2024-04-20,Games,30.41
6825,2367,2024-04-20,Food & Beverage,137.73
6826,2367,2024-04-20,Food & Beverage,128.26
6827,2367,2024-04-20,Snacks,38.09
6828,2368,2024-12-24,Snacks,45.58
6829,2369,2024-12-08,Snacks,30.43
6830,2369,2024-12-08,Merchandise,128.22
6831,2369,2024-12-08,Food & Beverage,178.11
6832,2370,2024-09-01,Snacks,44.09
6833,2370,2024-09-01,Games,79.38
6834,2370,2024-09-01,Food & Beverage,148.62
6835,2370,2024-09-01,Snacks,59.96
6836,2371,2024-02-03,Snacks,53.11
6837,2371,2024-02-03,Food & Beverage,149.41
6838,2371,2024-02-03,Snacks,35.84
6839,2371,2024-02-03,Food & Beverage,61.47
6840,2371,2024-08-15,Merchandise,94.28
6841,2371,2024-08-15,Photography,160.39
6842,2371,2024-08-15,Food & Beverage,94.95
6843,2373,2024-02-24,Food & Beverage,57.73
6844,2373,2024-02-24,Merchandise,109.42
6845,2373,2024-02-24,Merchandise,43.04
6846,2373,2024-10-17,Snacks,35.44
6847,2373,2024-10-17,Merchandise,48.66
6848,2373,2024-10-17,Food & Beverage,50.14
6849,2374,2024-07-05,Food & Beverage,79.63
6850,2374,2024-07-05,Snacks,50.22
6851,2374,2024-07-05,Food & Beverage,158.41
6852,2375,2024-06-22,Merchandise,60.5
6853,2376,2024-03-09,Snacks,47.91
6854,2376,2024-03-09,Food & Beverage,124.75
6855,2376,2024-06-05,Games,34.58
6856,2376,2024-06-05,Snacks,30.4
6857,2376,2024-06-05,Food & Beverage,53.51
6858,2376,2024-06-05,Food & Beverage,148.67
6859,2377,2024-07-13,Photography,169.52
6860,2377,2024-07-13,Food & Beverage,100.49
6861,2378,2024-08-27,Merchandise,122.28
6862,2378,2024-08-27,Food & Beverage,95.0
6863,2378,2024-08-27,Snacks,59.67
6864,2381,2024-12-11,Food & Beverage,153.57
6865,2381,2024-12-11,Merchandise,83.11
6866,2381,2024-12-11,Merchandise,130.12
6867,2381,2024-12-11,Snacks,41.74
6868,2382,2024-10-26,Food & Beverage,53.83
6869,2382,2024-10-26,Merchandise,39.53
6870,2382,2024-10-26,Games,50.51
6871,2383,2024-07-09,Snacks,38.82
6872,2383,2024-07-09,Snacks,45.55
6873,2383,2024-07-05,Food & Beverage,162.98
6874,2383,2024-07-05,Games,56.24
6875,2383,2024-07-05,Games,20.73
6876,2383,2024-07-05,Snacks,40.24
6877,2383,2024-06-06,Merchandise,100.62
6878,2383,2024-06-06,Snacks,38.52
6879,2383,2024-06-06,Games,67.61
6880,2384,2024-11-04,Snacks,48.92
6881,2385,2024-12-21,Food & Beverage,91.52
6882,2385,2024-12-21,Merchandise,106.84
6883,2385,2024-12-21,Food & Beverage,77.2
6884,2385,2024-12-21,Food & Beverage,62.92
6885,2386,2024-03-17,Food & Beverage,108.76
6886,2386,2024-03-17,Food & Beverage,153.31
6887,2386,2024-03-17,Games,21.91
6888,2386,2024-03-17,Food & Beverage,113.13
6889,2387,2024-10-24,Food & Beverage,102.05
6890,2387,2024-10-24,Snacks,56.0
6891,2389,2024-10-08,Merchandise,129.11
6892,2389,2024-05-13,Food & Beverage,71.81
6893,2389,2024-05-13,Food & Beverage,131.79
6894,2389,2024-05-13,Food & Beverage,166.49
6895,2389,2024-05-13,Food & Beverage,138.67
6896,2390,2024-06-28,Games,24.84
6897,2391,2024-01-12,Food & Beverage,73.51
6898,2394,2024-03-19,Merchandise,146.45
6899,2394,2024-03-19,Food & Beverage,101.32
6900,2396,2024-12-24,Snacks,18.71
6901,2396,2024-12-24,Merchandise,147.83
6902,2396,2024-12-13,Food & Beverage,58.62
6903,2396,2024-12-13,Food & Beverage,140.27
6904,2396,2024-12-13,Food & Beverage,73.78
6905,2396,2024-12-13,Food & Beverage,97.67
6906,2398,2024-06-18,Food & Beverage,139.01
6907,2398,2024-06-18,Snacks,48.8
6908,2399,2024-12-14,Food & Beverage,100.21
6909,2400,2024-10-05,Food & Beverage,92.97
6910,2400,2024-10-05,Photography,192.19
6911,2400,2024-12-03,Food & Beverage,154.95
6912,2400,2024-12-03,Food & Beverage,99.08
6913,2400,2024-12-03,Merchandise,55.3
6914,2400,2024-12-03,Food & Beverage,99.11
6915,2402,2024-10-07,Food & Beverage,113.8
6916,2402,2024-10-07,Food & Beverage,160.67
6917,2403,2024-04-14,Photography,136.9
6918,2403,2024-04-14,Food & Beverage,56.27
6919,2403,2024-04-14,Food & Beverage,105.91
6920,2404,2024-10-04,Games,73.13
6921,2404,2024-10-04,Food & Beverage,83.23
6922,2404,2024-10-04,Games,22.36
6923,2404,2024-10-04,Games,68.38
6924,2405,2024-09-24,Games,68.6
6925,2405,2024-09-24,Snacks,47.4
6926,2405,2024-09-24,Merchandise,108.64
6927,2406,2024-11-04,Snacks,27.21
6928,2406,2024-11-04,Merchandise,111.36
6929,2406,2024-11-04,Merchandise,94.72
6930,2407,2024-04-16,Games,21.28
6931,2407,2024-04-16,Food & Beverage,145.1
6932,2407,2024-04-16,Food & Beverage,109.95
6933,2407,2024-12-15,Snacks,56.92
6934,2407,2024-12-15,Photography,180.01
6935,2407,2024-12-15,Food & Beverage,125.8
6936,2408,2024-09-26,Merchandise,142.99
6937,2408,2024-09-26,Games,52.4
6938,2409,2024-07-20,Snacks,39.21
6939,2409,2024-07-20,Food & Beverage,159.12
6940,2410,2024-12-21,Food & Beverage,129.54
6941,2410,2024-12-21,Games,21.56
6942,2410,2024-09-05,Food & Beverage,70.01
6943,2412,2024-09-15,Food & Beverage,95.14
6944,2412,2024-09-15,Snacks,49.91
6945,2412,2024-09-15,Games,37.44
6946,2413,2024-01-11,Food & Beverage,68.14
6947,2413,2024-01-11,Food & Beverage,111.24
6948,2413,2024-01-11,Snacks,51.91
6949,2413,2024-01-11,Merchandise,36.32
6950,2415,2024-08-10,Food & Beverage,154.2
6951,2415,2024-08-10,Food & Beverage,100.48
6952,2416,2024-10-13,Snacks,39.48
6953,2416,2024-10-13,Snacks,50.22
6954,2416,2024-12-27,Games,78.4
6955,2416,2024-12-27,Snacks,59.51
6956,2416,2024-12-27,Food & Beverage,165.57
6957,2416,2024-10-08,Snacks,18.56
6958,2416,2024-10-08,Food & Beverage,97.75
6959,2416,2024-10-08,Food & Beverage,89.59
6960,2416,2024-10-08,Snacks,17.7
6961,2418,2024-03-08,Snacks,20.71
6962,2418,2024-03-08,Food & Beverage,107.88
6963,2418,2024-03-08,Merchandise,91.98
6964,2418,2024-03-08,Food & Beverage,119.0
6965,2419,2024-04-07,Photography,188.04
6966,2419,2024-04-07,Photography,189.54
6967,2419,2024-04-07,Food & Beverage,93.4
6968,2419,2024-04-07,Photography,138.08
6969,2420,2024-07-16,Food & Beverage,149.43
6970,2421,2024-04-11,Food & Beverage,178.97
6971,2421,2024-04-11,Snacks,19.54
6972,2421,2024-04-11,Games,34.11
6973,2421,2024-04-11,Snacks,52.8
6974,2422,2024-04-22,Food & Beverage,110.66
6975,2422,2024-04-22,Photography,121.14
6976,2422,2024-04-22,Food & Beverage,107.75
6977,2423,2024-10-12,Merchandise,127.35
6978,2423,2024-10-12,Food & Beverage,157.85
6979,2423,2024-10-12,Food & Beverage,100.44
6980,2423,2024-10-12,Snacks,16.53
6981,2424,2024-07-17,Merchandise,118.75
6982,2424,2024-07-17,Food & Beverage,84.45
6983,2425,2024-12-14,Merchandise,145.95
6984,2425,2024-12-14,Merchandise,125.52
6985,2425,2024-12-14,Snacks,30.8
6986,2425,2024-06-11,Merchandise,105.74
6987,2425,2024-06-11,Food & Beverage,79.07
6988,2425,2024-06-11,Merchandise,88.52
6989,2425,2024-06-11,Games,40.21
6990,2425,2024-12-23,Merchandise,73.37
6991,2426,2024-04-27,Merchandise,105.47
6992,2426,2024-04-27,Food & Beverage,154.57
6993,2426,2024-04-27,Games,37.47
6994,2426,2024-10-22,Games,52.85
6995,2427,2024-10-21,Food & Beverage,136.01
6996,2427,2024-10-21,Snacks,23.69
6997,2427,2024-10-21,Photography,149.08
6998,2427,2024-10-21,Food & Beverage,172.41
6999,2428,2024-07-12,Food & Beverage,76.0
7000,2428,2024-07-12,Snacks,24.22
7001,2428,2024-09-17,Games,61.54
7002,2428,2024-09-17,Photography,139.85
7003,2428,2024-09-17,Merchandise,140.3
7004,2428,2024-09-17,Photography,109.86
7005,2428,2024-01-29,Snacks,26.73
7006,2428,2024-01-29,Merchandise,85.65
7007,2428,2024-01-29,Food & Beverage,154.1
7008,2428,2024-11-20,Food & Beverage,130.24
7009,2428,2024-11-20,Food & Beverage,89.18
7010,2428,2024-11-20,Merchandise,54.12
7011,2429,2024-05-12,Merchandise,92.7
7012,2429,2024-05-12,Food & Beverage,143.5
7013,2430,2024-12-05,Food & Beverage,137.36
7014,2430,2024-12-05,Games,55.35
7015,2430,2024-12-05,Games,40.91
7016,2430,2024-06-24,Food & Beverage,106.95
7017,2430,2024-06-24,Snacks,25.05
7018,2432,2024-10-29,Food & Beverage,149.91
7019,2435,2024-12-19,Food & Beverage,50.91
7020,2435,2024-12-19,Snacks,43.03
7021,2435,2024-12-19,Photography,169.07
7022,2435,2024-12-19,Food & Beverage,178.35
7023,2436,2024-04-22,Snacks,20.81
7024,2436,2024-04-22,Games,56.65
7025,2437,2024-06-15,Photography,93.78
7026,2437,2024-06-15,Games,23.99
7027,2437,2024-06-15,Food & Beverage,109.98
7028,2438,2024-10-19,Merchandise,65.65
7029,2438,2024-10-19,Food & Beverage,109.06
7030,2438,2024-02-21,Food & Beverage,52.99
7031,2438,2024-02-21,Snacks,34.78
7032,2438,2024-02-21,Merchandise,115.11
7033,2440,2024-10-26,Food & Beverage,109.75
7034,2440,2024-10-26,Food & Beverage,79.36
7035,2440,2024-10-26,Merchandise,44.27
7036,2440,2024-10-26,Games,22.79
7037,2441,2024-04-18,Food & Beverage,128.86
7038,2441,2024-04-18,Games,58.23
7039,2441,2024-04-29,Food & Beverage,87.3
7040,2441,2024-04-29,Photography,170.83
7041,2441,2024-04-29,Games,43.21
7042,2441,2024-03-02,Snacks,51.31
7043,2441,2024-03-02,Food & Beverage,113.34
7044,2442,2024-01-21,Food & Beverage,63.86
7045,2442,2024-01-21,Food & Beverage,63.42
7046,2442,2024-01-21,Snacks,44.51
7047,2443,2024-06-24,Food & Beverage,150.86
7048,2445,2024-09-18,Merchandise,129.4
7049,2445,2024-04-22,Photography,117.61
7050,2445,2024-04-22,Food & Beverage,122.81
7051,2447,2024-06-05,Food & Beverage,111.73
7052,2448,2024-05-15,Photography,163.68
7053,2448,2024-05-15,Snacks,32.33
7054,2448,2024-05-15,Games,40.29
7055,2448,2024-05-15,Snacks,42.07
7056,2449,2024-06-03,Food & Beverage,113.37
7057,2449,2024-06-03,Snacks,26.36
7058,2449,2024-06-03,Snacks,15.09
7059,2449,2024-06-03,Food & Beverage,153.13
7060,2450,2024-10-23,Food & Beverage,132.58
7061,2450,2024-10-23,Snacks,26.76
7062,2451,2024-06-22,Food & Beverage,147.35
7063,2451,2024-06-22,Food & Beverage,140.29
7064,2451,2024-06-22,Food & Beverage,104.7
7065,2451,2024-06-22,Food & Beverage,156.79
7066,2452,2024-09-17,Photography,142.96
7067,2452,2024-09-17,Snacks,25.71
7068,2452,2024-09-17,Snacks,29.41
7069,2452,2024-09-17,Food & Beverage,103.83
7070,2453,2024-10-13,Games,21.54
7071,2453,2024-10-13,Snacks,53.84
7072,2453,2024-10-13,Snacks,38.02
7073,2454,2024-02-06,Food & Beverage,93.18
7074,2454,2024-02-06,Food & Beverage,119.95
7075,2455,2024-10-15,Snacks,48.13
7076,2455,2024-10-15,Merchandise,124.32
7077,2455,2024-10-15,Merchandise,105.25
7078,2455,2024-10-15,Food & Beverage,148.25
7079,2456,2024-04-05,Food & Beverage,178.06
7080,2456,2024-04-05,Games,73.98
7081,2456,2024-04-05,Games,64.28
7082,2456,2024-04-05,Photography,104.61
7083,2456,2024-05-22,Food & Beverage,134.18
7084,2456,2024-05-22,Food & Beverage,97.62
7085,2456,2024-05-22,Food & Beverage,160.66
7086,2456,2024-05-22,Merchandise,147.06
7087,2457,2024-06-14,Snacks,45.55
7088,2458,2024-04-24,Merchandise,50.0
7089,2458,2024-04-24,Snacks,41.75
7090,2461,2024-02-07,Food & Beverage,119.93
7091,2461,2024-02-07,Snacks,28.79
7092,2461,2024-02-07,Food & Beverage,164.66
7093,2461,2024-02-07,Food & Beverage,125.74
7094,2464,2024-12-07,Merchandise,72.14
7095,2464,2024-12-07,Food & Beverage,129.22
7096,2464,2024-12-07,Snacks,48.59
7097,2465,2024-11-18,Games,77.98
7098,2465,2024-11-18,Snacks,44.23
7099,2465,2024-11-18,Food & Beverage,135.12
7100,2465,2024-09-11,Snacks,18.67
7101,2465,2024-11-08,Food & Beverage,168.34
7102,2465,2024-11-08,Games,32.48
7103,2465,2024-11-08,Merchandise,47.95
7104,2466,2024-09-08,Merchandise,102.17
7105,2466,2024-09-08,Snacks,59.13
7106,2466,2024-09-08,Snacks,53.62
7107,2467,2024-07-27,Games,39.66
7108,2467,2024-07-27,Merchandise,108.25
7109,2467,2024-07-27,Food & Beverage,127.45
7110,2467,2024-07-27,Snacks,42.68
7111,2467,2024-06-27,Food & Beverage,160.61
7112,2468,2024-12-04,Games,56.96
7113,2469,2024-10-25,Games,40.23
7114,2469,2024-10-25,Games,52.16
7115,2469,2024-12-24,Food & Beverage,55.73
7116,2469,2024-12-24,Snacks,33.94
7117,2469,2024-12-24,Games,66.79
7118,2470,2024-02-27,Photography,139.19
7119,2470,2024-09-06,Snacks,40.09
7120,2471,2024-04-13,Games,21.24
7121,2471,2024-04-13,Games,49.86
7122,2471,2024-04-13,Snacks,58.4
7123,2472,2024-07-19,Games,61.14
7124,2472,2024-07-19,Merchandise,104.03
7125,2472,2024-07-19,Food & Beverage,179.28
7126,2473,2024-06-16,Merchandise,95.67
7127,2474,2024-01-21,Food & Beverage,94.13
7128,2475,2024-11-08,Food & Beverage,77.44
7129,2477,2024-09-13,Food & Beverage,133.92
7130,2477,2024-09-13,Merchandise,124.17
7131,2477,2024-01-28,Food & Beverage,168.46
7132,2478,2024-10-28,Food & Beverage,134.61
7133,2479,2024-12-18,Snacks,17.28
7134,2479,2024-12-18,Photography,177.06
7135,2479,2024-12-18,Games,49.08
7136,2479,2024-12-17,Games,49.06
7137,2479,2024-12-17,Games,34.57
7138,2479,2024-12-17,Snacks,17.45
7139,2480,2024-04-14,Food & Beverage,67.16
7140,2480,2024-04-14,Games,21.78
7141,2481,2024-11-06,Food & Beverage,139.8
7142,2481,2024-08-20,Merchandise,66.89
7143,2481,2024-08-20,Snacks,18.62
7144,2481,2024-08-20,Food & Beverage,84.34
7145,2483,2024-11-07,Food & Beverage,52.0
7146,2483,2024-11-07,Snacks,40.37
7147,2485,2024-10-12,Photography,179.14
7148,2485,2024-10-12,Photography,172.96
7149,2489,2024-01-04,Food & Beverage,96.44
7150,2489,2024-01-04,Food & Beverage,116.16
7151,2489,2024-01-04,Games,76.44
7152,2489,2024-01-04,Snacks,31.2
7153,2490,2024-05-07,Snacks,27.03
7154,2490,2024-05-07,Photography,137.23
7155,2490,2024-05-07,Food & Beverage,102.11
7156,2490,2024-05-07,Snacks,37.96
7157,2491,2024-02-15,Food & Beverage,72.85
7158,2492,2024-08-08,Merchandise,70.87
7159,2492,2024-08-08,Food & Beverage,87.14
7160,2492,2024-08-08,Merchandise,71.89
7161,2492,2024-08-08,Games,58.13
7162,2494,2024-06-10,Food & Beverage,156.37
7163,2494,2024-06-10,Merchandise,67.36
7164,2494,2024-06-10,Food & Beverage,136.63
7165,2494,2024-06-10,Food & Beverage,149.47
7166,2495,2024-11-16,Merchandise,70.18
7167,2495,2024-11-16,Food & Beverage,58.54
7168,2495,2024-11-16,Food & Beverage,101.21
7169,2495,2024-11-16,Food & Beverage,119.53
7170,2496,2024-04-09,Merchandise,71.79
7171,2496,2024-04-09,Games,29.81
7172,2496,2024-04-09,Games,76.35
7173,2497,2024-10-17,Snacks,44.15
7174,2497,2024-10-17,Food & Beverage,130.08
7175,2498,2024-04-30,Merchandise,39.72
7176,2498,2024-04-30,Food & Beverage,64.03
7177,2498,2024-04-30,Merchandise,82.98
7178,2498,2024-04-30,Snacks,28.25
7179,2500,2024-04-04,Games,78.33
7180,2500,2024-04-04,Snacks,38.39
7181,2500,2024-04-04,Merchandise,82.62
7182,2501,2024-12-29,Games,36.28
7183,2501,2024-12-29,Food & Beverage,128.58
7184,2501,2024-12-29,Photography,116.69
7185,2501,2024-12-29,Games,61.83
7186,2502,2024-02-19,Merchandise,80.15
7187,2502,2024-02-19,Food & Beverage,145.85
7188,2503,2024-06-14,Snacks,32.24
7189,2503,2024-06-14,Photography,117.97
7190,2503,2024-06-14,Merchandise,94.76
7191,2503,2024-06-14,Food & Beverage,152.62
7192,2504,2024-06-20,Food & Beverage,58.75
7193,2504,2024-06-20,Merchandise,130.47
7194,2504,2024-06-20,Merchandise,106.82
7195,2505,2024-01-07,Food & Beverage,58.42
7196,2505,2024-01-07,Photography,82.38
7197,2505,2024-01-07,Food & Beverage,159.97
7198,2506,2024-12-27,Snacks,59.77
7199,2506,2024-12-27,Games,75.77
7200,2508,2024-07-05,Games,39.26
7201,2508,2024-07-05,Games,70.4
7202,2508,2024-07-05,Merchandise,79.89
7203,2508,2024-07-05,Food & Beverage,54.52
7204,2509,2024-06-03,Snacks,19.91
7205,2509,2024-06-03,Games,61.39
7206,2509,2024-06-03,Food & Beverage,169.44
7207,2509,2024-06-03,Food & Beverage,145.76
7208,2511,2024-11-15,Food & Beverage,155.42
7209,2511,2024-11-15,Merchandise,36.7
7210,2511,2024-10-03,Food & Beverage,158.77
7211,2511,2024-10-03,Food & Beverage,63.21
7212,2511,2024-10-03,Food & Beverage,73.29
7213,2512,2024-06-29,Snacks,29.98
7214,2512,2024-06-29,Snacks,27.73
7215,2512,2024-06-29,Food & Beverage,156.81
7216,2512,2024-12-15,Merchandise,48.46
7217,2512,2024-12-15,Food & Beverage,83.34
7218,2512,2024-12-15,Snacks,16.5
7219,2512,2024-12-15,Games,24.46
7220,2513,2024-10-22,Food & Beverage,157.95
7221,2513,2024-10-22,Food & Beverage,76.99
7222,2513,2024-10-22,Merchandise,30.25
7223,2513,2024-10-22,Merchandise,145.97
7224,2513,2024-11-05,Food & Beverage,97.66
7225,2513,2024-11-05,Food & Beverage,142.35
7226,2513,2024-11-13,Food & Beverage,72.24
7227,2513,2024-11-13,Food & Beverage,96.8
7228,2513,2024-11-13,Merchandise,40.58
7229,2513,2024-11-13,Merchandise,144.79
7230,2514,2024-08-25,Snacks,19.29
7231,2514,2024-08-25,Food & Beverage,75.74
7232,2514,2024-08-25,Food & Beverage,115.95
7233,2515,2024-03-26,Games,30.17
7234,2515,2024-03-26,Food & Beverage,164.87
7235,2515,2024-03-26,Food & Beverage,143.91
7236,2516,2024-12-14,Merchandise,48.45
7237,2516,2024-12-14,Food & Beverage,54.62
7238,2516,2024-12-14,Food & Beverage,144.16
7239,2517,2024-12-21,Food & Beverage,102.73
7240,2517,2024-12-21,Food & Beverage,65.07
7241,2518,2024-10-06,Food & Beverage,97.52
7242,2518,2024-12-22,Games,70.74
7243,2518,2024-12-22,Food & Beverage,84.83
7244,2518,2024-10-23,Snacks,33.85
7245,2520,2024-07-25,Food & Beverage,173.5
7246,2520,2024-07-25,Games,50.55
7247,2520,2024-10-18,Games,29.23
7248,2521,2024-04-18,Merchandise,123.35
7249,2521,2024-04-18,Food & Beverage,152.73
7250,2522,2024-09-24,Food & Beverage,94.88
7251,2522,2024-04-15,Snacks,52.84
7252,2522,2024-04-15,Snacks,15.15
7253,2522,2024-03-01,Games,43.3
7254,2522,2024-03-01,Games,37.34
7255,2523,2024-10-25,Snacks,31.66
7256,2523,2024-10-25,Food & Beverage,154.95
7257,2523,2024-10-25,Food & Beverage,103.61
7258,2523,2024-10-25,Snacks,30.62
7259,2524,2024-04-06,Merchandise,68.77
7260,2527,2024-08-13,Food & Beverage,72.0
7261,2527,2024-08-13,Food & Beverage,82.77
7262,2528,2024-12-06,Food & Beverage,58.33
7263,2528,2024-12-06,Food & Beverage,54.83
7264,2528,2024-12-06,Games,53.82
7265,2528,2024-12-06,Snacks,19.53
7266,2529,2024-10-22,Food & Beverage,60.21
7267,2529,2024-10-22,Merchandise,126.35
7268,2532,2024-01-10,Photography,98.48
7269,2533,2024-08-06,Snacks,24.73
7270,2533,2024-08-06,Games,60.76
7271,2535,2024-11-17,Merchandise,141.59
7272,2535,2024-11-17,Food & Beverage,68.93
7273,2536,2024-05-08,Food & Beverage,81.18
7274,2536,2024-05-08,Food & Beverage,139.88
7275,2538,2024-02-13,Food & Beverage,66.82
7276,2539,2024-07-29,Games,60.32
7277,2539,2024-07-29,Food & Beverage,80.65
7278,2540,2024-04-13,Games,62.85
7279,2540,2024-04-13,Food & Beverage,79.93
7280,2540,2024-04-13,Food & Beverage,91.95
7281,2540,2024-04-13,Food & Beverage,132.71
7282,2541,2024-12-15,Food & Beverage,86.49
7283,2541,2024-12-15,Merchandise,92.33
7284,2541,2024-12-15,Games,49.29
7285,2541,2024-12-15,Food & Beverage,57.28
7286,2544,2024-08-01,Games,76.04
7287,2544,2024-08-01,Food & Beverage,58.98
7288,2544,2024-08-01,Food & Beverage,121.74
7289,2544,2024-08-01,Food & Beverage,110.44
7290,2545,2024-03-09,Food & Beverage,170.89
7291,2545,2024-03-09,Food & Beverage,66.75
7292,2545,2024-03-09,Photography,189.19
7293,2545,2024-03-09,Merchandise,70.12
7294,2545,2024-04-05,Games,49.39
7295,2545,2024-04-05,Photography,173.69
7296,2545,2024-02-09,Food & Beverage,155.51
7297,2545,2024-02-09,Merchandise,98.66
7298,2545,2024-04-23,Food & Beverage,144.42
7299,2545,2024-04-23,Food & Beverage,89.09
7300,2545,2024-04-23,Photography,98.74
7301,2545,2024-04-23,Food & Beverage,71.6
7302,2546,2024-05-05,Photography,193.54
7303,2546,2024-05-05,Snacks,23.86
7304,2547,2024-01-01,Food & Beverage,172.05
7305,2547,2024-04-13,Food & Beverage,128.18
7306,2547,2024-04-13,Food & Beverage,68.79
7307,2548,2024-09-29,Snacks,51.82
7308,2548,2024-09-29,Food & Beverage,143.48
7309,2548,2024-09-29,Food & Beverage,86.13
7310,2549,2024-10-26,Food & Beverage,70.85
7311,2549,2024-10-26,Games,29.29
7312,2549,2024-10-26,Snacks,32.45
7313,2550,2024-10-09,Games,33.6
7314,2550,2024-10-09,Snacks,43.99
7315,2551,2024-10-11,Snacks,46.24
7316,2551,2024-10-11,Merchandise,52.7
7317,2551,2024-10-11,Merchandise,85.09
7318,2551,2024-10-11,Food & Beverage,170.01
7319,2551,2024-11-14,Food & Beverage,117.9
7320,2551,2024-11-14,Games,76.6
7321,2551,2024-07-17,Merchandise,126.8
7322,2552,2024-09-04,Food & Beverage,54.2
7323,2552,2024-09-04,Merchandise,62.16
7324,2552,2024-09-04,Games,41.68
7325,2553,2024-08-24,Food & Beverage,168.19
7326,2553,2024-08-24,Food & Beverage,73.65
7327,2553,2024-12-20,Food & Beverage,112.67
7328,2553,2024-12-20,Games,72.44
7329,2554,2024-06-03,Merchandise,66.42
7330,2554,2024-06-03,Snacks,32.72
7331,2554,2024-06-03,Games,47.98
7332,2554,2024-06-03,Merchandise,72.01
7333,2554,2024-12-28,Food & Beverage,82.45
7334,2554,2024-07-08,Snacks,16.86
7335,2554,2024-07-08,Merchandise,75.72
7336,2554,2024-07-08,Food & Beverage,158.99
7337,2554,2024-07-08,Games,76.32
7338,2556,2024-04-10,Food & Beverage,66.92
7339,2556,2024-04-10,Merchandise,126.34
7340,2557,2024-12-03,Snacks,19.65
7341,2557,2024-12-03,Food & Beverage,136.83
7342,2557,2024-12-03,Snacks,54.34
7343,2558,2024-06-11,Food & Beverage,89.43
7344,2558,2024-06-11,Food & Beverage,104.97
7345,2558,2024-06-11,Games,45.25
7346,2558,2024-06-11,Merchandise,33.14
7347,2559,2024-02-04,Photography,168.68
7348,2559,2024-02-04,Games,38.13
7349,2559,2024-02-04,Food & Beverage,76.05
7350,2560,2024-12-04,Snacks,29.62
7351,2560,2024-12-04,Food & Beverage,142.97
7352,2560,2024-12-04,Food & Beverage,91.62
7353,2560,2024-06-04,Photography,156.07
7354,2560,2024-06-04,Food & Beverage,78.69
7355,2562,2024-12-03,Games,40.71
7356,2562,2024-12-03,Snacks,47.01
7357,2563,2024-09-09,Food & Beverage,58.44
7358,2563,2024-12-13,Games,59.03
7359,2563,2024-12-13,Food & Beverage,168.78
7360,2563,2024-12-13,Merchandise,58.89
7361,2563,2024-12-13,Photography,89.36
7362,2565,2024-10-07,Food & Beverage,161.79
7363,2565,2024-10-07,Games,55.19
7364,2565,2024-10-07,Food & Beverage,121.37
7365,2565,2024-09-26,Merchandise,110.16
7366,2565,2024-09-26,Food & Beverage,71.23
7367,2565,2024-09-26,Games,76.19
7368,2565,2024-09-26,Food & Beverage,110.67
7369,2566,2024-07-05,Games,24.76
7370,2567,2024-09-19,Merchandise,43.1
7371,2568,2024-12-11,Games,20.56
7372,2568,2024-12-11,Food & Beverage,133.22
7373,2568,2024-12-11,Photography,92.57
7374,2569,2024-12-17,Food & Beverage,126.23
7375,2569,2024-12-17,Food & Beverage,86.33
7376,2569,2024-12-17,Games,69.6
7377,2569,2024-12-17,Merchandise,123.51
7378,2570,2024-02-13,Merchandise,112.53
7379,2570,2024-02-13,Merchandise,126.67
7380,2572,2024-12-22,Food & Beverage,128.12
7381,2573,2024-12-18,Food & Beverage,165.46
7382,2573,2024-12-18,Food & Beverage,59.54
7383,2573,2024-12-18,Games,60.27
7384,2573,2024-12-18,Food & Beverage,175.81
7385,2573,2024-08-12,Food & Beverage,51.21
7386,2573,2024-08-12,Food & Beverage,144.63
7387,2573,2024-08-12,Games,52.98
7388,2574,2024-10-19,Food & Beverage,105.98
7389,2574,2024-10-19,Photography,122.93
7390,2574,2024-10-19,Food & Beverage,65.08
7391,2574,2024-10-19,Games,40.73
7392,2574,2024-12-26,Food & Beverage,95.65
7393,2574,2024-12-26,Food & Beverage,67.11
7394,2574,2024-12-26,Games,23.11
7395,2574,2024-12-26,Food & Beverage,94.56
7396,2575,2024-03-24,Food & Beverage,175.4
7397,2575,2024-03-24,Food & Beverage,60.31
7398,2575,2024-03-24,Merchandise,50.9
7399,2575,2024-03-24,Merchandise,131.53
7400,2576,2024-06-04,Merchandise,61.59
7401,2576,2024-06-04,Food & Beverage,63.66
7402,2576,2024-06-04,Snacks,58.36
7403,2577,2024-12-08,Photography,184.79
7404,2577,2024-12-08,Food & Beverage,91.29
7405,2577,2024-12-08,Food & Beverage,160.42
7406,2578,2024-07-22,Games,24.46
7407,2578,2024-07-22,Food & Beverage,107.03
7408,2579,2024-07-17,Games,79.31
7409,2580,2024-08-17,Food & Beverage,52.6
7410,2580,2024-08-17,Games,63.15
7411,2581,2024-12-14,Merchandise,45.4
7412,2581,2024-12-14,Snacks,25.36
7413,2581,2024-12-14,Food & Beverage,55.07
7414,2581,2024-12-14,Merchandise,140.73
7415,2582,2024-07-14,Snacks,52.49
7416,2582,2024-07-14,Games,25.9
7417,2585,2024-04-23,Food & Beverage,143.45
7418,2585,2024-08-09,Photography,150.47
7419,2585,2024-01-05,Games,46.85
7420,2585,2024-01-05,Snacks,47.98
7421,2586,2024-11-13,Merchandise,126.06
7422,2586,2024-11-13,Food & Beverage,74.92
7423,2586,2024-11-13,Merchandise,128.5
7424,2587,2024-12-17,Food & Beverage,72.58
7425,2587,2024-12-17,Food & Beverage,171.79
7426,2587,2024-12-17,Games,55.71
7427,2587,2024-12-17,Food & Beverage,106.85
7428,2588,2024-05-01,Snacks,16.69
7429,2589,2024-03-13,Games,63.78
7430,2589,2024-03-13,Merchandise,86.2
7431,2590,2024-02-10,Games,49.86
7432,2590,2024-02-10,Games,59.79
7433,2590,2024-02-10,Games,50.46
7434,2590,2024-02-10,Food & Beverage,50.4
7435,2591,2024-01-25,Food & Beverage,57.0
7436,2591,2024-01-25,Merchandise,56.77
7437,2592,2024-05-12,Food & Beverage,149.06
7438,2592,2024-05-12,Photography,134.53
7439,2592,2024-10-12,Merchandise,124.97
7440,2592,2024-10-12,Food & Beverage,157.72
7441,2592,2024-07-14,Food & Beverage,108.01
7442,2592,2024-07-14,Photography,98.12
7443,2593,2024-12-05,Merchandise,75.76
7444,2595,2024-12-03,Photography,130.79
7445,2595,2024-12-03,Food & Beverage,61.37
7446,2595,2024-12-03,Photography,146.56
7447,2595,2024-12-03,Food & Beverage,81.12
7448,2595,2024-11-29,Merchandise,110.59
7449,2595,2024-11-29,Photography,126.93
7450,2596,2024-10-16,Food & Beverage,118.72
7451,2596,2024-10-16,Food & Beverage,154.56
7452,2596,2024-10-16,Food & Beverage,125.82
7453,2596,2024-10-16,Merchandise,71.57
7454,2597,2024-05-19,Merchandise,89.19
7455,2597,2024-05-19,Food & Beverage,143.08
7456,2597,2024-05-19,Food & Beverage,118.4
7457,2597,2024-05-19,Food & Beverage,54.8
7458,2599,2024-08-12,Games,22.58
7459,2600,2024-07-12,Food & Beverage,139.94
7460,2600,2024-07-12,Games,50.3
7461,2600,2024-12-03,Snacks,56.77
7462,2600,2024-12-03,Food & Beverage,60.12
7463,2600,2024-12-03,Games,37.28
7464,2600,2024-12-26,Food & Beverage,104.31
7465,2600,2024-12-26,Food & Beverage,98.33
7466,2601,2024-06-03,Games,25.53
7467,2602,2024-10-27,Merchandise,138.01
7468,2603,2024-10-31,Games,51.31
7469,2603,2024-10-31,Merchandise,58.44
7470,2605,2024-12-10,Food & Beverage,158.36
7471,2605,2024-12-10,Merchandise,146.89
7472,2605,2024-12-10,Snacks,34.6
7473,2605,2024-12-10,Food & Beverage,53.03
7474,2606,2024-02-28,Food & Beverage,157.34
7475,2607,2024-04-11,Merchandise,42.63
7476,2607,2024-04-11,Snacks,30.95
7477,2610,2024-05-06,Merchandise,59.73
7478,2611,2024-11-17,Snacks,57.61
7479,2611,2024-04-23,Games,53.31
7480,2611,2024-04-23,Games,41.6
7481,2611,2024-04-23,Food & Beverage,173.7
7482,2611,2024-04-23,Snacks,49.74
7483,2611,2024-04-26,Snacks,26.17
7484,2612,2024-01-13,Food & Beverage,127.8
7485,2612,2024-01-13,Food & Beverage,50.14
7486,2612,2024-01-13,Food & Beverage,57.37
7487,2612,2024-01-13,Games,65.75
7488,2613,2024-04-03,Games,25.34
7489,2613,2024-04-03,Food & Beverage,50.4
7490,2614,2024-01-04,Games,70.82
7491,2615,2024-05-13,Snacks,33.23
7492,2616,2024-05-20,Games,40.85
7493,2617,2024-09-21,Food & Beverage,102.07
7494,2617,2024-09-21,Food & Beverage,52.4
7495,2617,2024-09-21,Snacks,26.73
7496,2617,2024-09-13,Food & Beverage,151.93
7497,2617,2024-07-25,Merchandise,82.1
7498,2617,2024-07-25,Merchandise,45.02
7499,2617,2024-07-25,Food & Beverage,110.61
7500,2617,2024-07-25,Snacks,34.98
7501,2617,2024-12-21,Food & Beverage,151.47
7502,2620,2024-12-11,Food & Beverage,160.41
7503,2620,2024-12-11,Games,38.14
7504,2620,2024-12-11,Snacks,31.01
7505,2620,2024-12-11,Food & Beverage,68.47
7506,2620,2024-07-09,Food & Beverage,115.93
7507,2620,2024-07-09,Games,35.01
7508,2620,2024-07-09,Photography,149.14
7509,2621,2024-10-25,Merchandise,83.97
7510,2621,2024-10-25,Food & Beverage,74.73
7511,2622,2024-07-22,Games,30.57
7512,2623,2024-12-25,Games,67.09
7513,2623,2024-12-25,Food & Beverage,83.15
7514,2623,2024-12-25,Merchandise,131.67
7515,2623,2024-12-25,Merchandise,122.19
7516,2624,2024-09-24,Merchandise,131.48
7517,2624,2024-05-15,Food & Beverage,151.13
7518,2624,2024-05-15,Games,38.36
7519,2624,2024-05-15,Food & Beverage,78.09
7520,2624,2024-05-15,Games,33.07
7521,2624,2024-12-28,Food & Beverage,87.12
7522,2625,2024-09-28,Games,67.77
7523,2625,2024-09-28,Food & Beverage,76.35
7524,2625,2024-09-28,Food & Beverage,173.57
7525,2625,2024-09-28,Food & Beverage,59.02
7526,2628,2024-07-05,Games,64.11
7527,2628,2024-07-05,Snacks,56.91
7528,2628,2024-07-05,Games,25.32
7529,2628,2024-07-05,Food & Beverage,165.98
7530,2630,2024-06-11,Games,29.6
7531,2630,2024-06-11,Food & Beverage,145.56
7532,2630,2024-06-11,Snacks,31.22
7533,2630,2024-06-11,Food & Beverage,124.96
7534,2631,2024-12-27,Food & Beverage,133.02
7535,2631,2024-12-27,Food & Beverage,135.67
7536,2631,2024-12-27,Merchandise,105.12
7537,2631,2024-10-15,Snacks,39.77
7538,2631,2024-10-15,Food & Beverage,164.87
7539,2632,2024-05-16,Food & Beverage,173.3
7540,2632,2024-05-16,Food & Beverage,148.21
7541,2632,2024-05-16,Games,79.94
7542,2633,2024-04-08,Photography,96.49
7543,2633,2024-04-08,Merchandise,125.24
7544,2633,2024-04-08,Photography,102.0
7545,2633,2024-04-08,Games,73.53
7546,2634,2024-01-02,Food & Beverage,52.17
7547,2634,2024-01-02,Snacks,50.91
7548,2635,2024-10-26,Snacks,46.75
7549,2635,2024-05-06,Photography,89.08
7550,2635,2024-05-06,Food & Beverage,142.4
7551,2635,2024-05-06,Merchandise,57.11
7552,2635,2024-05-06,Photography,191.59
7553,2635,2024-10-25,Food & Beverage,128.8
7554,2635,2024-10-25,Food & Beverage,178.93
7555,2635,2024-10-25,Merchandise,71.65
7556,2637,2024-09-13,Snacks,40.2
7557,2637,2024-09-13,Food & Beverage,134.58
7558,2639,2024-02-24,Snacks,16.06
7559,2639,2024-02-24,Snacks,28.88
7560,2639,2024-07-22,Food & Beverage,76.0
7561,2639,2024-07-22,Food & Beverage,137.53
7562,2639,2024-12-27,Games,45.67
7563,2639,2024-12-19,Food & Beverage,54.49
7564,2639,2024-12-19,Food & Beverage,176.33
7565,2639,2024-12-19,Food & Beverage,153.41
7566,2640,2024-09-22,Merchandise,108.28
7567,2640,2024-09-22,Food & Beverage,108.8
7568,2640,2024-09-22,Food & Beverage,100.58
7569,2640,2024-09-22,Food & Beverage,176.37
7570,2640,2024-10-26,Photography,171.74
7571,2641,2024-09-19,Merchandise,47.98
7572,2641,2024-09-19,Food & Beverage,104.05
7573,2641,2024-09-19,Food & Beverage,85.78
7574,2641,2024-09-19,Snacks,50.76
7575,2642,2024-04-08,Merchandise,79.99
7576,2642,2024-04-08,Games,24.51
7577,2642,2024-04-08,Games,61.72
7578,2642,2024-12-06,Games,23.61
7579,2642,2024-12-06,Food & Beverage,83.86
7580,2642,2024-12-06,Snacks,16.33
7581,2642,2024-12-06,Games,35.29
7582,2643,2024-07-05,Food & Beverage,166.76
7583,2643,2024-07-05,Food & Beverage,157.28
7584,2643,2024-07-05,Games,39.64
7585,2643,2024-07-05,Merchandise,124.81
7586,2645,2024-04-23,Snacks,35.07
7587,2645,2024-04-23,Food & Beverage,154.93
7588,2645,2024-04-23,Games,48.65
7589,2645,2024-04-23,Food & Beverage,83.89
7590,2646,2024-04-11,Photography,136.53
7591,2646,2024-04-11,Food & Beverage,94.79
7592,2646,2024-04-11,Snacks,35.33
7593,2646,2024-03-04,Snacks,38.93
7594,2648,2024-05-12,Snacks,44.02
7595,2648,2024-05-12,Games,40.51
7596,2648,2024-05-12,Games,74.79
7597,2648,2024-03-19,Food & Beverage,109.06
7598,2648,2024-03-19,Snacks,30.35
7599,2648,2024-03-19,Snacks,15.62
7600,2649,2024-04-06,Merchandise,73.35
7601,2649,2024-04-06,Food & Beverage,80.79
7602,2650,2024-01-06,Food & Beverage,56.38
7603,2650,2024-01-06,Games,46.28
7604,2650,2024-04-13,Games,43.86
7605,2650,2024-04-13,Games,62.52
7606,2650,2024-04-13,Food & Beverage,136.0
7607,2653,2024-11-12,Food & Beverage,139.86
7608,2653,2024-11-12,Merchandise,130.18
7609,2653,2024-11-12,Food & Beverage,161.49
7610,2653,2024-11-12,Games,39.87
7611,2654,2024-04-16,Food & Beverage,163.88
7612,2654,2024-04-16,Snacks,38.3
7613,2654,2024-04-16,Food & Beverage,176.41
7614,2654,2024-04-16,Snacks,25.11
7615,2655,2024-06-24,Snacks,25.8
7616,2655,2024-06-24,Food & Beverage,85.14
7617,2655,2024-06-24,Snacks,51.14
7618,2655,2024-06-24,Food & Beverage,129.99
7619,2656,2024-06-08,Food & Beverage,105.16
7620,2656,2024-12-23,Games,47.08
7621,2657,2024-04-28,Photography,100.89
7622,2657,2024-04-28,Food & Beverage,107.1
7623,2657,2024-04-28,Games,26.69
7624,2658,2024-10-18,Food & Beverage,151.67
7625,2658,2024-10-18,Games,40.48
7626,2658,2024-10-18,Games,70.33
7627,2658,2024-10-18,Games,23.9
7628,2659,2024-12-27,Photography,181.37
7629,2659,2024-12-27,Food & Beverage,118.58
7630,2659,2024-12-27,Games,23.78
7631,2659,2024-12-27,Food & Beverage,133.18
7632,2660,2024-01-23,Games,70.61
7633,2661,2024-07-27,Snacks,47.32
7634,2661,2024-07-27,Games,38.64
7635,2661,2024-07-27,Merchandise,77.65
7636,2661,2024-07-27,Merchandise,92.73
7637,2662,2024-06-10,Games,75.35
7638,2662,2024-06-10,Food & Beverage,145.75
7639,2662,2024-06-10,Games,30.81
7640,2662,2024-06-10,Games,78.42
7641,2663,2024-06-03,Food & Beverage,102.63
7642,2663,2024-06-03,Photography,191.41
7643,2663,2024-03-12,Photography,134.7
7644,2663,2024-04-02,Food & Beverage,84.8
7645,2663,2024-04-02,Merchandise,73.12
7646,2663,2024-04-02,Merchandise,70.08
7647,2663,2024-04-02,Games,61.51
7648,2664,2024-04-03,Photography,151.72
7649,2664,2024-04-03,Food & Beverage,179.68
7650,2664,2024-04-03,Snacks,23.51
7651,2665,2024-04-17,Food & Beverage,94.35
7652,2665,2024-04-17,Food & Beverage,87.17
7653,2665,2024-04-17,Snacks,51.82
7654,2665,2024-04-17,Food & Beverage,58.51
7655,2665,2024-06-07,Snacks,57.69
7656,2665,2024-06-07,Games,69.6
7657,2666,2024-11-18,Food & Beverage,128.48
7658,2666,2024-11-18,Food & Beverage,156.97
7659,2666,2024-11-18,Games,48.33
7660,2666,2024-11-18,Games,60.05
7661,2666,2024-04-09,Food & Beverage,153.14
7662,2667,2024-04-15,Food & Beverage,121.96
7663,2667,2024-04-15,Food & Beverage,165.66
7664,2667,2024-04-15,Food & Beverage,91.91
7665,2668,2024-06-01,Photography,109.38
7666,2668,2024-06-01,Merchandise,118.53
7667,2668,2024-03-15,Snacks,18.98
7668,2668,2024-03-15,Food & Beverage,93.85
7669,2668,2024-06-11,Games,66.16
7670,2668,2024-06-11,Games,37.53
7671,2668,2024-06-11,Games,56.32
7672,2668,2024-06-11,Snacks,49.33
7673,2670,2024-11-25,Food & Beverage,154.61
7674,2670,2024-11-25,Food & Beverage,105.72
7675,2670,2024-09-18,Food & Beverage,75.5
7676,2670,2024-09-18,Food & Beverage,166.87
7677,2672,2024-12-13,Food & Beverage,154.6
7678,2672,2024-12-13,Snacks,50.35
7679,2672,2024-12-13,Snacks,42.72
7680,2672,2024-12-09,Games,46.01
7681,2672,2024-12-09,Games,71.1
7682,2672,2024-10-29,Merchandise,137.73
7683,2672,2024-10-29,Games,27.02
7684,2672,2024-10-29,Merchandise,141.7
7685,2673,2024-07-19,Snacks,53.67
7686,2673,2024-07-19,Snacks,40.4
7687,2673,2024-07-02,Snacks,50.29
7688,2673,2024-07-02,Food & Beverage,162.78
7689,2673,2024-07-02,Games,28.81
7690,2673,2024-07-02,Merchandise,46.82
7691,2674,2024-11-04,Food & Beverage,84.14
7692,2674,2024-11-04,Food & Beverage,148.96
7693,2674,2024-11-11,Games,59.82
7694,2675,2024-12-27,Food & Beverage,125.27
7695,2675,2024-12-27,Food & Beverage,112.42
7696,2676,2024-09-28,Food & Beverage,69.63
7697,2677,2024-11-08,Games,69.24
7698,2677,2024-11-08,Games,70.05
7699,2678,2024-12-17,Snacks,50.15
7700,2678,2024-12-17,Photography,161.31
7701,2678,2024-12-17,Food & Beverage,95.42
7702,2679,2024-01-21,Food & Beverage,122.65
7703,2679,2024-01-21,Snacks,47.54
7704,2679,2024-01-21,Photography,141.54
7705,2679,2024-01-21,Photography,84.57
7706,2680,2024-01-25,Food & Beverage,176.41
7707,2681,2024-04-26,Snacks,38.44
7708,2681,2024-04-26,Food & Beverage,141.1
7709,2681,2024-04-26,Food & Beverage,156.61
7710,2682,2024-09-22,Games,74.94
7711,2682,2024-09-22,Games,31.76
7712,2682,2024-10-25,Food & Beverage,178.15
7713,2682,2024-07-29,Merchandise,118.7
7714,2682,2024-07-29,Merchandise,45.61
7715,2682,2024-07-29,Food & Beverage,138.84
7716,2683,2024-06-03,Games,70.55
7717,2684,2024-12-20,Merchandise,37.98
7718,2685,2024-10-22,Games,44.98
7719,2686,2024-12-30,Snacks,52.2
7720,2687,2024-11-27,Snacks,16.13
7721,2687,2024-11-27,Games,21.64
7722,2688,2024-06-28,Food & Beverage,60.68
7723,2690,2024-12-18,Food & Beverage,100.05
7724,2690,2024-12-18,Food & Beverage,88.92
7725,2690,2024-12-18,Merchandise,147.97
7726,2690,2024-12-18,Merchandise,137.38
7727,2691,2024-05-28,Food & Beverage,160.53
7728,2691,2024-05-28,Games,76.76
7729,2692,2024-12-07,Food & Beverage,131.99
7730,2692,2024-12-07,Photography,83.48
7731,2692,2024-12-07,Food & Beverage,153.27
7732,2693,2024-09-18,Merchandise,141.25
7733,2693,2024-09-18,Merchandise,149.71
7734,2693,2024-09-18,Games,71.51
7735,2693,2024-09-18,Merchandise,112.61
7736,2695,2024-07-10,Photography,139.45
7737,2695,2024-07-10,Food & Beverage,85.92
7738,2695,2024-07-10,Snacks,29.87
7739,2696,2024-07-10,Merchandise,98.42
7740,2697,2024-06-20,Food & Beverage,93.29
7741,2697,2024-06-20,Snacks,55.17
7742,2697,2024-06-20,Snacks,45.25
7743,2699,2024-09-11,Food & Beverage,123.68
7744,2699,2024-09-11,Merchandise,58.13
7745,2699,2024-01-06,Merchandise,127.72
7746,2699,2024-11-11,Merchandise,104.94
7747,2699,2024-11-11,Merchandise,73.23
7748,2699,2024-11-11,Food & Beverage,115.96
7749,2699,2024-11-11,Snacks,45.44
7750,2700,2024-04-12,Food & Beverage,179.42
7751,2701,2024-11-29,Games,21.96
7752,2701,2024-11-29,Snacks,45.46
7753,2701,2024-12-20,Food & Beverage,168.51
7754,2701,2024-12-20,Games,58.07
7755,2701,2024-10-04,Merchandise,128.27
7756,2701,2024-10-04,Games,31.5
7757,2701,2024-03-29,Games,65.09
7758,2701,2024-03-29,Food & Beverage,97.87
7759,2701,2024-03-29,Games,53.3
7760,2701,2024-03-29,Games,61.27
7761,2702,2024-10-03,Merchandise,84.83
7762,2702,2024-10-03,Games,76.84
7763,2703,2024-04-03,Food & Beverage,52.91
7764,2703,2024-04-03,Games,61.48
7765,2704,2024-06-08,Food & Beverage,57.45
7766,2704,2024-06-08,Food & Beverage,63.13
7767,2704,2024-06-08,Merchandise,115.14
7768,2705,2024-07-20,Food & Beverage,175.88
7769,2706,2024-07-29,Food & Beverage,135.43
7770,2706,2024-07-29,Merchandise,122.52
7771,2706,2024-07-29,Merchandise,111.84
7772,2707,2024-06-02,Food & Beverage,144.27
7773,2708,2024-06-23,Food & Beverage,92.49
7774,2708,2024-06-23,Food & Beverage,124.38
7775,2708,2024-06-23,Food & Beverage,159.44
7776,2709,2024-01-23,Food & Beverage,171.78
7777,2709,2024-01-23,Merchandise,115.98
7778,2709,2024-01-23,Merchandise,118.03
7779,2710,2024-09-13,Food & Beverage,168.48
7780,2710,2024-09-13,Food & Beverage,74.8
7781,2710,2024-09-13,Food & Beverage,93.33
7782,2710,2024-09-13,Games,26.47
7783,2712,2024-01-20,Snacks,28.86
7784,2713,2024-09-26,Games,64.97
7785,2715,2024-12-08,Snacks,20.93
7786,2715,2024-12-08,Food & Beverage,152.43
7787,2715,2024-12-08,Photography,147.63
7788,2715,2024-12-08,Games,75.01
7789,2716,2024-07-10,Food & Beverage,142.25
7790,2716,2024-05-27,Food & Beverage,109.12
7791,2717,2024-10-04,Merchandise,76.82
7792,2717,2024-10-04,Games,34.74
7793,2717,2024-10-04,Food & Beverage,144.51
7794,2719,2024-01-16,Food & Beverage,81.31
7795,2719,2024-01-16,Food & Beverage,165.82
7796,2719,2024-01-16,Food & Beverage,115.69
7797,2719,2024-12-08,Merchandise,107.18
7798,2719,2024-12-08,Food & Beverage,75.96
7799,2719,2024-12-08,Merchandise,133.16
7800,2719,2024-07-20,Food & Beverage,129.79
7801,2720,2024-04-14,Food & Beverage,133.34
7802,2720,2024-04-14,Games,33.89
7803,2720,2024-04-14,Food & Beverage,173.84
7804,2721,2024-12-20,Food & Beverage,115.25
7805,2722,2024-06-03,Photography,94.68
7806,2722,2024-06-03,Food & Beverage,171.93
7807,2722,2024-06-03,Games,74.98
7808,2724,2024-12-06,Food & Beverage,93.7
7809,2725,2024-07-27,Merchandise,124.81
7810,2725,2024-07-27,Food & Beverage,105.14
7811,2725,2024-07-27,Food & Beverage,91.27
7812,2726,2024-07-30,Food & Beverage,121.72
7813,2726,2024-07-30,Food & Beverage,151.0
7814,2726,2024-07-30,Games,58.59
7815,2726,2024-07-30,Food & Beverage,119.52
7816,2727,2024-12-08,Snacks,42.77
7817,2728,2024-09-09,Photography,126.08
7818,2728,2024-09-09,Snacks,44.42
7819,2728,2024-09-09,Food & Beverage,84.15
7820,2728,2024-09-09,Food & Beverage,131.27
7821,2728,2024-03-04,Photography,109.31
7822,2728,2024-07-04,Food & Beverage,98.47
7823,2728,2024-07-04,Food & Beverage,57.86
7824,2728,2024-07-04,Food & Beverage,160.48
7825,2728,2024-07-04,Food & Beverage,51.98
7826,2729,2024-06-20,Food & Beverage,89.31
7827,2729,2024-03-13,Food & Beverage,110.45
7828,2730,2024-01-27,Photography,124.56
7829,2731,2024-08-12,Merchandise,136.99
7830,2731,2024-08-12,Photography,82.82
7831,2732,2024-06-13,Food & Beverage,89.75
7832,2732,2024-06-13,Games,57.38
7833,2732,2024-06-13,Merchandise,103.51
7834,2732,2024-06-13,Merchandise,92.18
7835,2733,2024-04-03,Food & Beverage,137.34
7836,2733,2024-04-03,Games,66.79
7837,2734,2024-07-23,Food & Beverage,161.03
7838,2734,2024-07-23,Merchandise,124.35
7839,2735,2024-12-12,Games,62.03
7840,2735,2024-12-12,Merchandise,52.8
7841,2735,2024-12-12,Games,50.36
7842,2735,2024-12-12,Photography,133.15
7843,2736,2024-09-22,Games,22.86
7844,2736,2024-09-22,Photography,122.74
7845,2736,2024-09-22,Food & Beverage,55.91
7846,2736,2024-06-06,Snacks,58.79
7847,2736,2024-06-06,Merchandise,47.09
7848,2736,2024-06-06,Photography,124.32
7849,2736,2024-06-06,Games,33.4
7850,2737,2024-12-28,Food & Beverage,121.75
7851,2737,2024-12-28,Snacks,25.45
7852,2738,2024-12-26,Games,44.37
7853,2741,2024-08-04,Snacks,33.6
7854,2741,2024-08-04,Games,49.26
7855,2741,2024-08-04,Food & Beverage,179.48
7856,2742,2024-07-08,Snacks,20.3
7857,2742,2024-04-04,Food & Beverage,125.78
7858,2742,2024-04-04,Snacks,37.26
7859,2742,2024-04-04,Food & Beverage,97.96
7860,2742,2024-04-04,Snacks,33.03
7861,2743,2024-03-15,Food & Beverage,102.42
7862,2743,2024-03-15,Food & Beverage,159.27
7863,2743,2024-03-15,Food & Beverage,116.23
7864,2743,2024-12-19,Merchandise,118.89
7865,2743,2024-12-19,Snacks,35.07
7866,2743,2024-12-19,Snacks,35.78
7867,2744,2024-04-25,Snacks,38.36
7868,2744,2024-04-25,Food & Beverage,134.0
7869,2744,2024-04-25,Games,23.93
7870,2747,2024-09-23,Merchandise,63.49
7871,2747,2024-09-23,Food & Beverage,145.33
7872,2747,2024-09-23,Snacks,49.82
7873,2748,2024-09-16,Food & Beverage,171.83
7874,2748,2024-09-16,Games,69.55
7875,2749,2024-12-03,Photography,114.39
7876,2749,2024-12-03,Games,43.83
7877,2749,2024-12-03,Photography,135.02
7878,2749,2024-12-03,Food & Beverage,118.12
7879,2749,2024-11-20,Merchandise,116.02
7880,2749,2024-11-20,Merchandise,65.5
7881,2750,2024-09-05,Games,46.29
7882,2750,2024-09-05,Games,37.5
7883,2750,2024-09-05,Merchandise,85.54
7884,2751,2024-05-13,Merchandise,106.81
7885,2751,2024-05-13,Merchandise,129.54
7886,2753,2024-02-14,Games,71.3
7887,2753,2024-02-14,Food & Beverage,77.77
7888,2753,2024-02-14,Food & Beverage,131.62
7889,2753,2024-02-14,Snacks,30.84
7890,2754,2024-04-27,Merchandise,33.59
7891,2754,2024-04-27,Games,67.02
7892,2754,2024-04-27,Food & Beverage,166.15
7893,2754,2024-04-27,Merchandise,129.89
7894,2755,2024-11-23,Food & Beverage,77.36
7895,2755,2024-11-23,Photography,88.55
7896,2755,2024-11-23,Food & Beverage,150.91
7897,2755,2024-06-11,Games,77.69
7898,2755,2024-06-11,Games,26.51
7899,2755,2024-04-01,Food & Beverage,139.78
7900,2755,2024-04-01,Food & Beverage,97.67
7901,2755,2024-04-01,Food & Beverage,133.95
7902,2755,2024-12-24,Snacks,19.71
7903,2755,2024-12-24,Games,58.08
7904,2755,2024-12-24,Food & Beverage,91.69
7905,2756,2024-04-08,Snacks,48.7
7906,2756,2024-04-08,Food & Beverage,90.01
7907,2757,2024-10-17,Snacks,16.07
7908,2757,2024-10-17,Food & Beverage,85.78
7909,2757,2024-12-15,Snacks,33.26
7910,2757,2024-12-15,Games,42.56
7911,2757,2024-12-15,Food & Beverage,58.02
7912,2757,2024-06-22,Games,45.16
7913,2757,2024-06-22,Merchandise,84.17
7914,2757,2024-06-22,Food & Beverage,72.13
7915,2758,2024-01-24,Photography,196.91
7916,2758,2024-01-24,Merchandise,71.1
7917,2759,2024-11-23,Snacks,17.66
7918,2759,2024-11-23,Merchandise,80.7
7919,2760,2024-12-06,Snacks,32.47
7920,2760,2024-12-06,Merchandise,110.76
7921,2760,2024-12-06,Snacks,30.11
7922,2760,2024-12-06,Games,35.21
7923,2761,2024-12-15,Food & Beverage,82.51
7924,2761,2024-12-15,Snacks,18.25
7925,2762,2024-10-05,Snacks,45.48
7926,2763,2024-09-19,Games,64.8
7927,2763,2024-09-19,Food & Beverage,173.19
7928,2763,2024-09-19,Games,34.7
7929,2763,2024-09-19,Food & Beverage,158.75
7930,2764,2024-10-10,Food & Beverage,128.3
7931,2764,2024-10-10,Games,67.56
7932,2764,2024-10-10,Snacks,33.35
7933,2764,2024-10-10,Food & Beverage,105.95
7934,2765,2024-09-08,Merchandise,55.42
7935,2765,2024-09-08,Snacks,23.08
7936,2765,2024-09-08,Games,22.8
7937,2766,2024-07-14,Snacks,17.04
7938,2767,2024-04-21,Food & Beverage,122.98
7939,2767,2024-04-21,Food & Beverage,171.05
7940,2767,2024-11-13,Snacks,40.49
7941,2767,2024-11-13,Merchandise,88.4
7942,2767,2024-11-13,Food & Beverage,120.3
7943,2768,2024-02-09,Games,43.51
7944,2770,2024-07-16,Photography,188.67
7945,2770,2024-07-16,Snacks,38.22
7946,2770,2024-07-16,Food & Beverage,58.29
7947,2770,2024-07-16,Food & Beverage,134.88
7948,2771,2024-12-19,Photography,143.56
7949,2771,2024-12-19,Food & Beverage,175.46
7950,2772,2024-04-08,Games,22.65
7951,2772,2024-04-08,Food & Beverage,118.16
7952,2772,2024-04-08,Food & Beverage,134.89
7953,2772,2024-04-08,Merchandise,61.67
7954,2772,2024-03-20,Games,44.59
7955,2772,2024-03-20,Food & Beverage,64.25
7956,2772,2024-03-20,Photography,100.32
7957,2772,2024-03-20,Food & Beverage,144.12
7958,2773,2024-02-24,Food & Beverage,126.12
7959,2773,2024-02-24,Food & Beverage,126.44
7960,2773,2024-02-24,Games,27.94
7961,2773,2024-09-15,Food & Beverage,100.12
7962,2773,2024-09-15,Snacks,49.1
7963,2773,2024-09-15,Food & Beverage,137.02
7964,2773,2024-09-15,Food & Beverage,69.35
7965,2774,2024-03-29,Merchandise,107.82
7966,2774,2024-03-29,Photography,111.62
7967,2774,2024-03-29,Food & Beverage,147.27
7968,2774,2024-03-29,Snacks,26.93
7969,2774,2024-06-13,Food & Beverage,135.83
7970,2774,2024-03-16,Food & Beverage,76.73
7971,2774,2024-08-30,Food & Beverage,108.64
7972,2774,2024-08-30,Food & Beverage,147.89
7973,2775,2024-10-03,Snacks,59.2
7974,2775,2024-10-03,Snacks,15.43
7975,2775,2024-10-03,Games,73.83
7976,2775,2024-09-27,Food & Beverage,127.11
7977,2777,2024-07-05,Merchandise,51.11
7978,2777,2024-07-05,Food & Beverage,102.55
7979,2777,2024-07-05,Merchandise,121.26
7980,2777,2024-07-05,Food & Beverage,113.88
7981,2778,2024-05-31,Food & Beverage,142.49
7982,2778,2024-05-31,Merchandise,51.43
7983,2780,2024-04-25,Photography,171.53
7984,2780,2024-04-25,Food & Beverage,160.25
7985,2780,2024-04-25,Food & Beverage,95.26
7986,2780,2024-09-04,Games,39.82
7987,2782,2024-06-23,Games,60.78
7988,2782,2024-06-23,Food & Beverage,137.09
7989,2782,2024-06-23,Snacks,56.81
7990,2782,2024-06-23,Snacks,55.42
7991,2782,2024-04-08,Games,20.84
7992,2782,2024-04-08,Games,32.98
7993,2784,2024-09-11,Merchandise,126.32
7994,2784,2024-09-11,Games,33.09
7995,2786,2024-03-24,Snacks,33.66
7996,2786,2024-03-24,Games,58.67
7997,2786,2024-05-15,Games,42.15
7998,2786,2024-12-24,Food & Beverage,74.23
7999,2787,2024-08-12,Food & Beverage,76.22
8000,2787,2024-08-12,Games,68.85
8001,2787,2024-08-12,Food & Beverage,163.58
8002,2788,2024-09-14,Food & Beverage,78.88
8003,2790,2024-12-25,Food & Beverage,111.4
8004,2791,2024-12-16,Games,54.12
8005,2791,2024-12-16,Games,57.85
8006,2792,2024-02-04,Snacks,29.75
8007,2792,2024-02-04,Food & Beverage,157.02
8008,2792,2024-02-04,Merchandise,45.12
8009,2792,2024-05-03,Photography,167.72
8010,2792,2024-05-03,Snacks,37.98
8011,2793,2024-10-12,Food & Beverage,111.27
8012,2793,2024-10-12,Snacks,38.18
8013,2793,2024-10-12,Snacks,42.77
8014,2794,2024-05-03,Merchandise,110.05
8015,2796,2024-01-24,Games,50.37
8016,2797,2024-01-24,Food & Beverage,131.25
8017,2798,2024-10-13,Games,79.72
8018,2798,2024-10-13,Snacks,29.82
8019,2799,2024-09-07,Food & Beverage,83.67
8020,2799,2024-09-07,Food & Beverage,80.23
8021,2799,2024-09-07,Food & Beverage,141.49
8022,2799,2024-09-07,Merchandise,51.53
8023,2801,2024-04-28,Photography,108.57
8024,2801,2024-04-28,Food & Beverage,151.03
8025,2801,2024-04-28,Food & Beverage,162.46
8026,2801,2024-09-24,Games,74.46
8027,2801,2024-09-24,Food & Beverage,62.56
8028,2801,2024-04-10,Food & Beverage,141.3
8029,2801,2024-04-10,Snacks,18.08
8030,2801,2024-04-10,Food & Beverage,101.87
8031,2801,2024-04-10,Snacks,28.33
8032,2801,2024-01-06,Snacks,25.11
8033,2801,2024-01-06,Games,45.57
8034,2801,2024-01-06,Merchandise,143.92
8035,2803,2024-06-16,Merchandise,78.73
8036,2803,2024-06-16,Merchandise,138.81
8037,2804,2024-08-22,Games,32.73
8038,2806,2024-12-16,Food & Beverage,145.79
8039,2806,2024-12-16,Food & Beverage,142.28
8040,2806,2024-12-16,Games,78.4
8041,2806,2024-12-16,Food & Beverage,97.44
8042,2806,2024-10-06,Photography,131.92
8043,2806,2024-10-06,Merchandise,132.93
8044,2806,2024-10-06,Food & Beverage,167.74
8045,2806,2024-10-06,Food & Beverage,99.17
8046,2809,2024-10-10,Food & Beverage,130.43
8047,2809,2024-10-10,Snacks,18.39
8048,2809,2024-10-10,Photography,125.49
8049,2811,2024-01-26,Food & Beverage,73.89
8050,2811,2024-01-26,Food & Beverage,85.72
8051,2811,2024-01-26,Food & Beverage,142.2
8052,2811,2024-01-26,Snacks,30.64
8053,2812,2024-09-06,Food & Beverage,136.66
8054,2812,2024-09-06,Merchandise,53.65
8055,2812,2024-09-06,Merchandise,146.86
8056,2812,2024-06-28,Snacks,21.99
8057,2813,2024-02-21,Games,65.84
8058,2813,2024-02-21,Merchandise,62.81
8059,2813,2024-02-21,Food & Beverage,62.84
8060,2813,2024-02-21,Food & Beverage,89.2
8061,2815,2024-12-01,Food & Beverage,116.72
8062,2815,2024-12-01,Merchandise,134.87
8063,2815,2024-12-01,Merchandise,33.39
8064,2815,2024-12-01,Food & Beverage,107.69
8065,2816,2024-12-16,Food & Beverage,136.01
8066,2816,2024-12-16,Games,41.92
8067,2816,2024-12-16,Food & Beverage,122.74
8068,2816,2024-12-09,Food & Beverage,111.61
8069,2816,2024-12-09,Food & Beverage,90.83
8070,2816,2024-10-11,Food & Beverage,78.29
8071,2816,2024-10-11,Merchandise,117.82
8072,2816,2024-10-11,Photography,165.08
8073,2817,2024-04-04,Photography,152.65
8074,2817,2024-04-04,Photography,195.95
8075,2817,2024-04-04,Snacks,32.13
8076,2817,2024-04-04,Snacks,23.8
8077,2818,2024-12-19,Merchandise,114.19
8078,2818,2024-12-19,Snacks,53.94
8079,2818,2024-12-19,Food & Beverage,171.78
8080,2818,2024-12-19,Merchandise,143.4
8081,2818,2024-08-04,Food & Beverage,154.11
8082,2818,2024-08-04,Games,77.84
8083,2818,2024-08-04,Merchandise,47.65
8084,2819,2024-07-24,Games,58.7
8085,2819,2024-07-24,Snacks,26.46
8086,2821,2024-10-09,Snacks,56.9
8087,2821,2024-10-09,Food & Beverage,65.4
8088,2822,2024-07-19,Snacks,44.87
8089,2823,2024-11-08,Games,30.56
8090,2824,2024-11-20,Food & Beverage,89.32
8091,2824,2024-11-20,Food & Beverage,104.37
8092,2825,2024-06-16,Snacks,58.49
8093,2825,2024-06-16,Food & Beverage,78.99
8094,2826,2024-06-09,Snacks,18.68
8095,2826,2024-06-09,Food & Beverage,157.38
8096,2826,2024-06-09,Food & Beverage,81.33
8097,2827,2024-05-17,Games,60.09
8098,2828,2024-07-18,Food & Beverage,60.17
8099,2828,2024-07-18,Games,35.58
8100,2828,2024-12-06,Photography,176.55
8101,2828,2024-12-06,Food & Beverage,108.95
8102,2828,2024-12-06,Games,65.95
8103,2828,2024-01-10,Merchandise,76.54
8104,2829,2024-06-10,Games,28.45
8105,2829,2024-06-10,Food & Beverage,61.58
8106,2829,2024-06-10,Games,56.77
8107,2829,2024-06-10,Food & Beverage,148.27
8108,2829,2024-07-10,Snacks,39.84
8109,2829,2024-07-10,Snacks,35.35
8110,2829,2024-07-10,Merchandise,142.32
8111,2829,2024-07-10,Food & Beverage,83.52
8112,2831,2024-08-25,Merchandise,47.26
8113,2831,2024-01-03,Snacks,35.39
8114,2831,2024-01-03,Food & Beverage,153.9
8115,2831,2024-07-06,Games,37.7
8116,2831,2024-12-23,Food & Beverage,128.39
8117,2831,2024-12-23,Games,70.72
8118,2831,2024-12-23,Games,36.88
8119,2832,2024-10-25,Games,25.34
8120,2833,2024-10-04,Merchandise,77.08
8121,2834,2024-10-09,Food & Beverage,92.91
8122,2834,2024-09-12,Food & Beverage,172.27
8123,2834,2024-09-12,Food & Beverage,130.56
8124,2835,2024-11-28,Snacks,53.68
8125,2835,2024-11-28,Food & Beverage,96.66
8126,2835,2024-04-27,Merchandise,42.97
8127,2835,2024-04-27,Merchandise,135.85
8128,2835,2024-04-27,Games,34.83
8129,2836,2024-04-18,Merchandise,108.9
8130,2836,2024-04-18,Food & Beverage,93.43
8131,2836,2024-04-18,Merchandise,148.59
8132,2836,2024-04-18,Food & Beverage,140.0
8133,2837,2024-03-27,Food & Beverage,114.65
8134,2837,2024-03-27,Food & Beverage,155.61
8135,2837,2024-03-27,Photography,132.47
8136,2837,2024-03-27,Snacks,58.43
8137,2838,2024-06-21,Food & Beverage,75.39
8138,2838,2024-06-21,Food & Beverage,98.01
8139,2838,2024-06-21,Food & Beverage,136.51
8140,2839,2024-07-25,Games,59.44
8141,2839,2024-07-25,Merchandise,94.57
8142,2839,2024-07-25,Food & Beverage,154.28
8143,2839,2024-07-01,Merchandise,92.46
8144,2839,2024-07-01,Food & Beverage,131.62
8145,2839,2024-07-01,Food & Beverage,125.45
8146,2839,2024-07-01,Merchandise,122.25
8147,2839,2024-10-06,Food & Beverage,166.62
8148,2839,2024-10-06,Merchandise,61.6
8149,2841,2024-06-08,Merchandise,147.46
8150,2841,2024-06-08,Food & Beverage,102.18
8151,2841,2024-06-08,Snacks,21.62
8152,2843,2024-02-04,Games,21.98
8153,2843,2024-02-04,Food & Beverage,151.14
8154,2843,2024-02-04,Food & Beverage,137.07
8155,2844,2024-05-23,Photography,174.83
8156,2844,2024-05-23,Food & Beverage,82.69
8157,2844,2024-05-23,Games,42.82
8158,2844,2024-05-23,Snacks,51.65
8159,2845,2024-12-30,Snacks,44.65
8160,2845,2024-12-30,Games,68.72
8161,2845,2024-12-30,Games,24.62
8162,2845,2024-12-30,Merchandise,99.93
8163,2845,2024-04-24,Snacks,58.48
8164,2845,2024-04-24,Food & Beverage,160.61
8165,2845,2024-04-24,Food & Beverage,72.05
8166,2846,2024-07-15,Food & Beverage,144.43
8167,2846,2024-07-15,Food & Beverage,142.58
8168,2846,2024-07-15,Food & Beverage,56.48
8169,2846,2024-07-15,Food & Beverage,69.7
8170,2847,2024-09-03,Snacks,18.96
8171,2847,2024-09-03,Merchandise,104.18
8172,2848,2024-12-16,Food & Beverage,151.8
8173,2848,2024-12-16,Food & Beverage,107.36
8174,2848,2024-12-16,Snacks,52.3
8175,2849,2024-12-24,Merchandise,149.91
8176,2849,2024-12-24,Games,31.27
8177,2849,2024-12-24,Merchandise,60.29
8178,2850,2024-06-21,Merchandise,65.16
8179,2850,2024-06-21,Food & Beverage,120.74
8180,2850,2024-06-21,Food & Beverage,157.21
8181,2850,2024-06-21,Food & Beverage,77.4
8182,2853,2024-10-18,Snacks,53.99
8183,2853,2024-10-18,Food & Beverage,124.2
8184,2853,2024-10-18,Food & Beverage,142.68
8185,2853,2024-07-18,Games,37.68
8186,2854,2024-02-03,Games,22.94
8187,2854,2024-08-19,Merchandise,118.72
8188,2854,2024-08-19,Snacks,16.85
8189,2854,2024-08-19,Food & Beverage,146.76
8190,2855,2024-03-16,Snacks,20.34
8191,2855,2024-03-16,Games,49.04
8192,2855,2024-03-16,Snacks,59.14
8193,2855,2024-04-21,Photography,165.04
8194,2855,2024-04-21,Food & Beverage,148.55
8195,2857,2024-07-27,Snacks,19.49
8196,2857,2024-07-27,Snacks,22.18
8197,2858,2024-01-26,Merchandise,98.28
8198,2858,2024-01-26,Photography,88.04
8199,2858,2024-01-26,Snacks,35.76
8200,2858,2024-01-26,Merchandise,92.52
8201,2859,2024-08-25,Games,76.89
8202,2859,2024-12-09,Snacks,40.07
8203,2859,2024-12-09,Snacks,59.88
8204,2860,2024-04-14,Snacks,21.32
8205,2861,2024-06-06,Food & Beverage,96.5
8206,2861,2024-06-06,Food & Beverage,135.72
8207,2861,2024-06-06,Snacks,42.26
8208,2862,2024-12-08,Food & Beverage,151.44
8209,2862,2024-12-08,Merchandise,92.8
8210,2862,2024-12-08,Food & Beverage,177.37
8211,2863,2024-04-08,Food & Beverage,52.17
8212,2863,2024-04-08,Food & Beverage,115.29
8213,2864,2024-12-25,Food & Beverage,59.14
8214,2864,2024-12-25,Merchandise,104.76
8215,2865,2024-04-25,Merchandise,102.18
8216,2865,2024-07-06,Merchandise,73.83
8217,2865,2024-07-06,Games,51.27
8218,2865,2024-03-24,Merchandise,58.27
8219,2865,2024-03-24,Photography,173.86
8220,2866,2024-12-15,Snacks,36.64
8221,2866,2024-12-15,Food & Beverage,169.56
8222,2866,2024-12-15,Food & Beverage,99.92
8223,2866,2024-12-15,Photography,178.4
8224,2866,2024-07-16,Snacks,46.15
8225,2867,2024-07-07,Games,54.49
8226,2867,2024-07-07,Food & Beverage,175.17
8227,2867,2024-07-07,Food & Beverage,94.86
8228,2867,2024-07-07,Food & Beverage,73.71
8229,2868,2024-11-26,Photography,163.92
8230,2870,2024-09-22,Food & Beverage,90.06
8231,2870,2024-09-22,Snacks,37.11
8232,2870,2024-09-22,Food & Beverage,108.06
8233,2871,2024-02-15,Snacks,52.06
8234,2871,2024-07-15,Food & Beverage,74.54
8235,2871,2024-07-15,Food & Beverage,63.35
8236,2871,2024-07-15,Merchandise,84.75
8237,2871,2024-07-15,Merchandise,36.56
8238,2872,2024-12-22,Merchandise,105.25
8239,2872,2024-12-22,Photography,143.55
8240,2872,2024-12-22,Games,21.56
8241,2874,2024-11-05,Food & Beverage,56.79
8242,2874,2024-11-05,Merchandise,45.75
8243,2874,2024-11-05,Snacks,17.47
8244,2874,2024-07-23,Food & Beverage,94.4
8245,2874,2024-07-23,Snacks,29.7
8246,2874,2024-07-23,Food & Beverage,175.98
8247,2874,2024-07-23,Food & Beverage,77.9
8248,2875,2024-09-16,Games,56.43
8249,2877,2024-09-29,Merchandise,125.61
8250,2877,2024-09-29,Food & Beverage,63.45
8251,2878,2024-04-06,Snacks,43.03
8252,2878,2024-04-06,Food & Beverage,167.79
8253,2878,2024-04-06,Games,45.07
8254,2878,2024-04-06,Food & Beverage,77.03
8255,2879,2024-06-12,Games,58.34
8256,2879,2024-06-12,Photography,195.43
8257,2879,2024-06-12,Photography,127.73
8258,2880,2024-01-17,Games,63.52
8259,2880,2024-01-17,Snacks,16.48
8260,2882,2024-06-05,Food & Beverage,88.81
8261,2882,2024-06-05,Food & Beverage,77.05
8262,2882,2024-06-05,Games,70.76
8263,2884,2024-05-09,Photography,172.36
8264,2884,2024-05-09,Food & Beverage,105.69
8265,2884,2024-05-09,Food & Beverage,114.7
8266,2884,2024-05-09,Games,41.49
8267,2885,2024-10-23,Games,20.27
8268,2885,2024-10-23,Food & Beverage,102.89
8269,2885,2024-10-23,Food & Beverage,158.11
8270,2885,2024-10-23,Food & Beverage,127.88
8271,2887,2024-12-16,Snacks,18.0
8272,2887,2024-12-16,Food & Beverage,133.35
8273,2887,2024-12-16,Food & Beverage,67.86
8274,2889,2024-10-13,Food & Beverage,163.44
8275,2889,2024-10-13,Games,42.67
8276,2889,2024-10-13,Merchandise,104.08
8277,2889,2024-10-13,Food & Beverage,144.83
8278,2889,2024-09-01,Merchandise,78.87
8279,2889,2024-09-01,Food & Beverage,173.76
8280,2889,2024-09-01,Food & Beverage,115.94
8281,2890,2024-12-22,Merchandise,42.27
8282,2890,2024-09-09,Food & Beverage,161.66
8283,2890,2024-09-09,Merchandise,49.53
8284,2890,2024-09-09,Merchandise,48.95
8285,2890,2024-09-09,Food & Beverage,64.29
8286,2893,2024-10-28,Games,60.32
8287,2893,2024-10-28,Food & Beverage,140.99
8288,2893,2024-11-12,Snacks,32.01
8289,2893,2024-11-12,Food & Beverage,143.46
8290,2895,2024-05-17,Food & Beverage,160.89
8291,2895,2024-05-17,Merchandise,67.81
8292,2895,2024-05-17,Food & Beverage,137.48
8293,2895,2024-05-17,Photography,113.1
8294,2896,2024-08-26,Merchandise,95.54
8295,2896,2024-08-26,Food & Beverage,132.17
8296,2898,2024-03-11,Games,57.64
8297,2898,2024-03-11,Merchandise,103.7
8298,2898,2024-03-11,Snacks,34.5
8299,2899,2024-08-25,Snacks,44.03
8300,2899,2024-08-25,Merchandise,70.77
8301,2899,2024-08-25,Food & Beverage,143.01
8302,2900,2024-12-11,Food & Beverage,178.89
8303,2900,2024-12-11,Games,22.65
8304,2900,2024-12-11,Games,49.79
8305,2900,2024-12-06,Food & Beverage,58.23
8306,2900,2024-12-06,Food & Beverage,166.18
8307,2900,2024-12-06,Games,32.6
8308,2900,2024-12-06,Snacks,40.4
8309,2901,2024-07-03,Snacks,17.42
8310,2902,2024-06-13,Merchandise,120.16
8311,2902,2024-06-13,Merchandise,76.74
8312,2902,2024-06-13,Snacks,42.83
8313,2903,2024-07-12,Food & Beverage,160.1
8314,2903,2024-07-12,Food & Beverage,113.8
8315,2903,2024-07-12,Snacks,24.36
8316,2905,2024-06-17,Food & Beverage,52.14
8317,2905,2024-06-17,Food & Beverage,52.17
8318,2905,2024-06-17,Games,37.66
8319,2905,2024-05-12,Games,75.57
8320,2905,2024-05-12,Games,36.29
8321,2906,2024-10-25,Games,30.44
8322,2906,2024-10-25,Food & Beverage,141.79
8323,2906,2024-10-25,Food & Beverage,93.5
8324,2906,2024-10-25,Snacks,42.28
8325,2907,2024-01-28,Food & Beverage,108.21
8326,2907,2024-01-28,Games,20.13
8327,2907,2024-01-28,Snacks,34.93
8328,2907,2024-01-28,Snacks,59.79
8329,2907,2024-10-01,Photography,161.81
8330,2907,2024-12-28,Games,26.76
8331,2907,2024-12-28,Snacks,51.73
8332,2907,2024-12-28,Food & Beverage,120.46
8333,2907,2024-12-28,Snacks,40.05
8334,2907,2024-12-18,Photography,174.18
8335,2907,2024-12-18,Games,41.87
8336,2907,2024-12-18,Photography,138.13
8337,2908,2024-09-25,Games,70.79
8338,2908,2024-09-25,Snacks,33.71
8339,2908,2024-09-25,Snacks,19.97
8340,2908,2024-09-25,Food & Beverage,123.24
8341,2909,2024-01-14,Games,46.1
8342,2909,2024-01-14,Food & Beverage,118.08
8343,2909,2024-01-14,Food & Beverage,105.21
8344,2910,2024-08-30,Merchandise,72.49
8345,2910,2024-08-30,Food & Beverage,67.88
8346,2912,2024-12-28,Games,40.06
8347,2912,2024-12-28,Snacks,24.25
8348,2912,2024-12-28,Food & Beverage,83.98
8349,2912,2024-12-28,Food & Beverage,94.99
8350,2912,2024-03-20,Food & Beverage,111.97
8351,2912,2024-03-20,Games,50.71
8352,2912,2024-03-20,Merchandise,101.07
8353,2912,2024-03-20,Food & Beverage,145.21
8354,2913,2024-08-07,Snacks,20.08
8355,2913,2024-08-07,Games,57.79
8356,2913,2024-08-07,Merchandise,132.61
8357,2913,2024-08-07,Merchandise,44.4
8358,2913,2024-12-10,Merchandise,135.29
8359,2913,2024-12-10,Photography,105.02
8360,2913,2024-12-10,Food & Beverage,80.57
8361,2913,2024-12-10,Food & Beverage,131.83
8362,2913,2024-07-19,Snacks,49.29
8363,2913,2024-07-19,Food & Beverage,115.42
8364,2913,2024-07-19,Snacks,33.73
8365,2913,2024-07-19,Food & Beverage,116.29
8366,2914,2024-12-27,Snacks,47.61
8367,2915,2024-12-21,Food & Beverage,56.57
8368,2915,2024-12-21,Games,28.5
8369,2916,2024-02-05,Merchandise,115.96
8370,2916,2024-02-05,Snacks,20.05
8371,2916,2024-02-05,Games,66.58
8372,2917,2024-10-28,Games,48.55
8373,2917,2024-10-28,Snacks,16.55
8374,2917,2024-10-28,Food & Beverage,68.36
8375,2919,2024-09-22,Merchandise,133.87
8376,2920,2024-01-06,Food & Beverage,85.75
8377,2920,2024-01-06,Food & Beverage,55.68
8378,2920,2024-01-06,Food & Beverage,154.09
8379,2921,2024-01-07,Snacks,50.34
8380,2921,2024-01-07,Food & Beverage,113.99
8381,2922,2024-12-25,Food & Beverage,178.31
8382,2922,2024-12-25,Snacks,52.78
8383,2922,2024-12-25,Merchandise,86.76
8384,2923,2024-01-18,Games,33.38
8385,2925,2024-12-04,Games,29.8
8386,2925,2024-12-04,Food & Beverage,60.62
8387,2927,2024-06-21,Merchandise,96.36
8388,2927,2024-06-21,Photography,128.49
8389,2927,2024-06-21,Food & Beverage,100.1
8390,2927,2024-06-21,Games,58.03
8391,2928,2024-05-22,Games,76.7
8392,2930,2024-05-16,Snacks,44.54
8393,2930,2024-05-16,Games,63.14
8394,2930,2024-05-16,Merchandise,110.14
8395,2930,2024-05-16,Food & Beverage,69.81
8396,2931,2024-03-01,Snacks,26.04
8397,2932,2024-07-13,Merchandise,42.05
8398,2933,2024-03-29,Snacks,31.96
8399,2933,2024-03-29,Snacks,59.05
8400,2933,2024-03-29,Snacks,41.1
8401,2934,2024-10-14,Snacks,18.72
8402,2934,2024-10-14,Snacks,27.84
8403,2936,2024-03-19,Merchandise,116.58
8404,2936,2024-03-19,Food & Beverage,127.19
8405,2936,2024-03-19,Food & Beverage,88.32
8406,2938,2024-03-07,Food & Beverage,82.59
8407,2940,2024-12-04,Snacks,33.54
8408,2940,2024-12-04,Games,55.21
8409,2940,2024-12-04,Photography,177.6
8410,2940,2024-12-04,Food & Beverage,163.49
8411,2941,2024-10-10,Games,68.06
8412,2941,2024-10-10,Games,51.01
8413,2941,2024-10-10,Snacks,48.27
8414,2942,2024-04-14,Merchandise,91.39
8415,2942,2024-04-14,Games,59.98
8416,2943,2024-04-05,Food & Beverage,52.23
8417,2943,2024-04-05,Games,33.76
8418,2943,2024-04-05,Food & Beverage,80.97
8419,2943,2024-04-05,Food & Beverage,170.7
8420,2943,2024-08-10,Food & Beverage,127.47
8421,2944,2024-10-26,Merchandise,104.09
8422,2944,2024-10-26,Games,35.64
8423,2944,2024-10-26,Food & Beverage,77.91
8424,2944,2024-10-26,Games,73.73
8425,2944,2024-11-18,Merchandise,149.84
8426,2944,2024-11-18,Food & Beverage,69.71
8427,2944,2024-11-18,Food & Beverage,71.34
8428,2944,2024-11-18,Food & Beverage,149.13
8429,2945,2024-02-07,Food & Beverage,62.73
8430,2945,2024-02-07,Food & Beverage,67.87
8431,2946,2024-07-19,Snacks,16.96
8432,2946,2024-07-19,Food & Beverage,58.95
8433,2946,2024-07-19,Games,32.99
8434,2946,2024-07-19,Games,76.58
8435,2947,2024-09-14,Food & Beverage,80.52
8436,2947,2024-09-14,Snacks,42.19
8437,2947,2024-09-14,Merchandise,96.66
8438,2947,2024-09-14,Games,47.36
8439,2948,2024-12-20,Food & Beverage,178.99
8440,2948,2024-12-20,Games,74.96
8441,2948,2024-12-20,Food & Beverage,133.22
8442,2949,2024-07-12,Photography,193.3
8443,2949,2024-07-12,Food & Beverage,61.39
8444,2950,2024-05-18,Snacks,47.73
8445,2950,2024-05-18,Games,40.8
8446,2950,2024-05-18,Games,62.35
8447,2951,2024-05-25,Games,74.72
8448,2953,2024-06-09,Food & Beverage,65.61
8449,2953,2024-06-09,Snacks,46.99
8450,2953,2024-06-09,Food & Beverage,67.54
8451,2954,2024-07-19,Food & Beverage,76.06
8452,2954,2024-07-19,Snacks,48.53
8453,2954,2024-07-19,Snacks,29.36
8454,2954,2024-07-19,Food & Beverage,90.13
8455,2954,2024-07-18,Merchandise,122.24
8456,2954,2024-07-18,Games,57.53
8457,2954,2024-07-18,Food & Beverage,157.72
8458,2954,2024-07-18,Snacks,45.37
8459,2955,2024-10-05,Food & Beverage,150.77
8460,2955,2024-10-05,Snacks,58.7
8461,2955,2024-10-05,Snacks,16.44
8462,2955,2024-11-26,Merchandise,145.89
8463,2955,2024-10-08,Food & Beverage,78.8
8464,2955,2024-05-05,Food & Beverage,117.05
8465,2955,2024-05-05,Snacks,37.41
8466,2956,2024-12-15,Games,70.34
8467,2956,2024-12-15,Merchandise,140.73
8468,2956,2024-12-15,Food & Beverage,67.6
8469,2956,2024-12-15,Snacks,22.52
8470,2956,2024-04-23,Photography,198.16
8471,2956,2024-04-23,Food & Beverage,89.43
8472,2956,2024-04-23,Food & Beverage,178.6
8473,2956,2024-04-23,Snacks,44.66
8474,2957,2024-04-10,Photography,114.91
8475,2957,2024-04-10,Merchandise,51.18
8476,2958,2024-07-23,Games,57.71
8477,2958,2024-07-23,Food & Beverage,68.63
8478,2958,2024-07-23,Snacks,24.47
8479,2958,2024-07-23,Food & Beverage,150.65
8480,2959,2024-11-11,Food & Beverage,102.74
8481,2959,2024-11-11,Snacks,17.54
8482,2959,2024-11-11,Food & Beverage,119.53
8483,2960,2024-10-25,Food & Beverage,52.71
8484,2960,2024-10-25,Food & Beverage,106.89
8485,2960,2024-10-25,Food & Beverage,136.5
8486,2960,2024-10-17,Food & Beverage,94.14
8487,2961,2024-12-27,Food & Beverage,54.37
8488,2962,2024-04-18,Snacks,30.7
8489,2962,2024-04-18,Snacks,25.76
8490,2962,2024-04-18,Snacks,59.36
8491,2962,2024-04-18,Photography,108.41
8492,2963,2024-12-19,Photography,178.05
8493,2963,2024-12-19,Food & Beverage,140.11
8494,2963,2024-12-19,Food & Beverage,168.27
8495,2963,2024-12-19,Games,71.95
8496,2963,2024-03-10,Snacks,19.82
8497,2964,2024-05-07,Games,31.52
8498,2965,2024-12-18,Photography,119.62
8499,2965,2024-12-18,Food & Beverage,68.12
8500,2965,2024-12-18,Merchandise,142.11
8501,2965,2024-12-18,Merchandise,54.67
8502,2967,2024-06-27,Food & Beverage,80.22
8503,2967,2024-06-27,Food & Beverage,54.82
8504,2969,2024-12-07,Merchandise,49.21
8505,2969,2024-12-07,Photography,149.09
8506,2970,2024-12-19,Food & Beverage,156.19
8507,2970,2024-12-19,Merchandise,63.43
8508,2970,2024-12-19,Food & Beverage,155.53
8509,2970,2024-12-19,Games,25.53
8510,2971,2024-04-27,Food & Beverage,93.98
8511,2972,2024-10-15,Food & Beverage,171.07
8512,2972,2024-10-15,Games,79.29
8513,2972,2024-10-15,Food & Beverage,105.14
8514,2973,2024-02-09,Food & Beverage,168.5
8515,2973,2024-02-09,Games,24.43
8516,2974,2024-07-26,Games,36.65
8517,2974,2024-07-26,Food & Beverage,147.71
8518,2974,2024-07-26,Photography,170.74
8519,2974,2024-07-26,Food & Beverage,148.39
8520,2975,2024-10-01,Games,45.61
8521,2975,2024-10-01,Photography,97.68
8522,2975,2024-10-01,Food & Beverage,108.49
8523,2976,2024-01-14,Food & Beverage,60.8
8524,2976,2024-01-14,Snacks,58.19
8525,2976,2024-01-14,Snacks,16.8
8526,2976,2024-01-19,Snacks,51.16
8527,2976,2024-01-19,Merchandise,139.5
8528,2976,2024-01-19,Food & Beverage,64.11
8529,2976,2024-02-26,Food & Beverage,94.62
8530,2976,2024-02-26,Snacks,40.48
8531,2976,2024-02-26,Food & Beverage,170.51
8532,2977,2024-10-29,Food & Beverage,73.86
8533,2977,2024-10-29,Food & Beverage,95.15
8534,2977,2024-10-29,Merchandise,61.33
8535,2979,2024-04-26,Merchandise,79.91
8536,2979,2024-06-19,Food & Beverage,143.38
8537,2979,2024-06-19,Food & Beverage,95.8
8538,2979,2024-06-09,Games,39.24
8539,2979,2024-06-09,Merchandise,83.8
8540,2980,2024-04-29,Food & Beverage,95.43
8541,2980,2024-04-29,Food & Beverage,71.06
8542,2980,2024-04-29,Games,79.01
8543,2980,2024-04-29,Merchandise,131.78
8544,2981,2024-01-29,Snacks,29.7
8545,2981,2024-01-29,Games,55.11
8546,2982,2024-01-03,Food & Beverage,140.06
8547,2982,2024-01-03,Snacks,38.51
8548,2982,2024-01-03,Merchandise,81.73
8549,2985,2024-04-15,Food & Beverage,50.74
8550,2987,2024-06-06,Food & Beverage,63.98
8551,2987,2024-06-06,Photography,152.29
8552,2987,2024-06-06,Food & Beverage,167.73
8553,2988,2024-10-16,Games,24.26
8554,2988,2024-10-16,Merchandise,97.52
8555,2988,2024-10-16,Games,47.85
8556,2989,2024-07-16,Snacks,15.91
8557,2989,2024-07-16,Food & Beverage,69.1
8558,2989,2024-07-16,Snacks,58.26
8559,2989,2024-07-16,Food & Beverage,129.62
8560,2990,2024-09-16,Food & Beverage,149.63
8561,2990,2024-09-16,Snacks,30.79
8562,2990,2024-09-16,Food & Beverage,76.51
8563,2990,2024-12-16,Food & Beverage,78.76
8564,2990,2024-12-16,Merchandise,37.81
8565,2991,2024-09-10,Food & Beverage,175.47
8566,2991,2024-09-10,Merchandise,87.89
8567,2991,2024-09-10,Merchandise,129.75
8568,2991,2024-09-10,Merchandise,38.52
8569,2991,2024-09-09,Games,51.84
8570,2991,2024-09-09,Food & Beverage,123.88
8571,2991,2024-09-09,Merchandise,48.44
8572,2991,2024-09-09,Merchandise,122.78
8573,2992,2024-07-26,Food & Beverage,174.84
8574,2992,2024-07-26,Games,69.95
8575,2992,2024-07-26,Snacks,48.77
8576,2994,2024-07-29,Food & Beverage,84.38
8577,2994,2024-07-29,Snacks,41.6
8578,2994,2024-07-29,Games,48.57
8579,2994,2024-07-29,Merchandise,87.1
8580,2995,2024-03-16,Snacks,50.76
8581,2995,2024-03-16,Games,56.58
8582,2995,2024-03-16,Games,44.83
8583,2995,2024-03-16,Food & Beverage,55.61
8584,2997,2024-06-22,Games,23.09
8585,2997,2024-06-22,Games,47.72
8586,2997,2024-06-22,Food & Beverage,78.0
8587,2997,2024-06-22,Food & Beverage,137.83
8588,2997,2024-12-11,Games,42.68
8589,2997,2024-10-11,Snacks,51.48
8590,2997,2024-10-11,Food & Beverage,114.95
8591,2997,2024-10-11,Snacks,19.51
8592,3000,2024-12-28,Food & Beverage,101.45
